Workbook
Name a: #REF!
Name acdb: #REF!
Name acdb: #REF!
Name acdb: #REF!
Name ACDB1: #REF!
Name acdf: #REF!
Name acdf: #REF!
Name acdf: #REF!
Name acdh: #REF!
Name acdo: #REF!
Name acdo: #REF!
Name acdo: #REF!
Name aceq: #REF!
Name aceq: [1]AE!$A:$IV
Name aceq: #REF!
Name acif: #REF!
Name acif: #REF!
Name acif: #REF!
Name acin: #REF!
Name acin: #REF!
Name acin: #REF!
Name ACIN1: #REF!
Name acti: #REF!
Name acti: #REF!
Name acti: #REF!
Name avc: #REF!
Name avc: [2]DORSAL!$A$2:$G$120
Name avc: #REF!
Name datos: #REF!
Name datos: [3]Datos!$A$2:$G$140
Name datos: #REF!
Name dorsal: #REF!
Name dorsal: [2]DORSAL!$A$2:$G$120
Name dorsal: #REF!
Name EQ: #REF!
Name EQ: [4]EQU!$A:$IV
Name EQ: #REF!
Name IN: #REF!
Name IN: [4]IND!$A:$IV
Name IN: #REF!
Name IND: #REF!
Name IND: [5]IN!$A$3:$IV$102
Name IND: #REF!
Name IPC_Member: #REF!
Name IPC_Member: #REF!
Name IPC_Member: #REF!
Name JBS: #REF!
Name JBS: #REF!
Name JBS: #REF!
Name JBS: [6]JB!$A$1:$E$100
Name JBS: #REF!
Name JGS: #REF!
Name JGS: #REF!
Name JGS: #REF!
Name JUG: #REF!
Name JUG: [7]Jug!$A$2:$D$13
Name JUG: #REF!
Name PC: #REF!
Name PC: #REF!
Name PC: #REF!

Sheet Tabulación
C1: Ganadores | F1: Perdedores | K1: 14 | L1: {=VLOOKUP(INDIRECT("'Grupo " & K1 & "'!J18"),INDIRECT("'Grupo " & K1 & "'!B12"):INDIRECT("'Grupo " & K1 & "'!J15"),2,FALSE)} -> 4151 | M1: {=VLOOKUP(IF(INDIRECT("'Grupo " & K1 & "'!J18")=INDIRECT("'Grupo " & K1 & "'!C18"),INDIRECT("'Grupo " & K1 & "'!C19"),INDIRECT("'Grupo " & K1 & "'!C18")),INDIRECT("'Grupo " & K1 & "'!B12"):INDIRECT("'Grupo " & K1 & "'!G15"),2,FALSE)} -> 4027 | O1: {=VLOOKUP(IF(INDIRECT("'Grupo " & K1 & "'!J18")=INDIRECT("'Grupo " & K1 & "'!C18"),INDIRECT("'Grupo " & K1 & "'!C19"),INDIRECT("'Grupo " & K1 & "'!C18")),INDIRECT("'Grupo " & K1 & "'!B12"):INDIRECT("'Grupo " & K1 & "'!G15"),2,FALSE)} -> 4027 | P1: {=VLOOKUP(INDIRECT("'Grupo " & K1 & "'!J18"),INDIRECT("'Grupo " & K1 & "'!B12"):INDIRECT("'Grupo " & K1 & "'!J15"),2,FALSE)} -> 4151
B2: 1 | C2: {=VLOOKUP(INDIRECT("'Grupo " & B2 & "'!J18"),INDIRECT("'Grupo " & B2 & "'!B12"):INDIRECT("'Grupo " & B2 & "'!J15"),2,FALSE)} -> 3790 | D2: {=VLOOKUP(IF(INDIRECT("'Grupo " & B2 & "'!J18")=INDIRECT("'Grupo " & B2 & "'!C18"),INDIRECT("'Grupo " & B2 & "'!C19"),INDIRECT("'Grupo " & B2 & "'!C18")),INDIRECT("'Grupo " & B2 & "'!B12"):INDIRECT("'Grupo " & B2 & "'!G15"),2,FALSE)} -> 4606 | F2: {=VLOOKUP(IF(INDIRECT("'Grupo " & B2 & "'!J18")=INDIRECT("'Grupo " & B2 & "'!C18"),INDIRECT("'Grupo " & B2 & "'!C19"),INDIRECT("'Grupo " & B2 & "'!C18")),INDIRECT("'Grupo " & B2 & "'!B12"):INDIRECT("'Grupo " & B2 & "'!G15"),2,FALSE)} -> 4606 | G2: {=VLOOKUP(INDIRECT("'Grupo " & B2 & "'!J18"),INDIRECT("'Grupo " & B2 & "'!B12"):INDIRECT("'Grupo " & B2 & "'!J15"),2,FALSE)} -> 3790 | L2: {=VLOOKUP(INDIRECT("'Grupo " & K1 & "'!J20"),INDIRECT("'Grupo " & K1 & "'!B12"):INDIRECT("'Grupo " & K1 & "'!J15"),2,FALSE)} -> 4151 | M2: {=VLOOKUP(IF(INDIRECT("'Grupo " & K1 & "'!J20")=INDIRECT("'Grupo " & K1 & "'!C20"),INDIRECT("'Grupo " & K1 & "'!C21"),INDIRECT("'Grupo " & K1 & "'!C20")),INDIRECT("'Grupo " & K1 & "'!B12"):INDIRECT("'Grupo " & K1 & "'!G15"),2,FALSE)} -> 4459 | O2: {=VLOOKUP(IF(INDIRECT("'Grupo " & K1 & "'!J20")=INDIRECT("'Grupo " & K1 & "'!C20"),INDIRECT("'Grupo " & K1 & "'!C21"),INDIRECT("'Grupo " & K1 & "'!C20")),INDIRECT("'Grupo " & K1 & "'!B12"):INDIRECT("'Grupo " & K1 & "'!G15"),2,FALSE)} -> 4459 | P2: {=VLOOKUP(INDIRECT("'Grupo " & K1 & "'!J20"),INDIRECT("'Grupo " & K1 & "'!B12"):INDIRECT("'Grupo " & K1 & "'!J15"),2,FALSE)} -> 4151
C3: {=VLOOKUP(INDIRECT("'Grupo " & B2 & "'!J20"),INDIRECT("'Grupo " & B2 & "'!B12"):INDIRECT("'Grupo " & B2 & "'!J15"),2,FALSE)} -> 3790 | D3: {=VLOOKUP(IF(INDIRECT("'Grupo " & B2 & "'!J20")=INDIRECT("'Grupo " & B2 & "'!C20"),INDIRECT("'Grupo " & B2 & "'!C21"),INDIRECT("'Grupo " & B2 & "'!C20")),INDIRECT("'Grupo " & B2 & "'!B12"):INDIRECT("'Grupo " & B2 & "'!G15"),2,FALSE)} -> 4050 | F3: {=VLOOKUP(IF(INDIRECT("'Grupo " & B2 & "'!J20")=INDIRECT("'Grupo " & B2 & "'!C20"),INDIRECT("'Grupo " & B2 & "'!C21"),INDIRECT("'Grupo " & B2 & "'!C20")),INDIRECT("'Grupo " & B2 & "'!B12"):INDIRECT("'Grupo " & B2 & "'!G15"),2,FALSE)} -> 4050 | G3: {=VLOOKUP(INDIRECT("'Grupo " & B2 & "'!J20"),INDIRECT("'Grupo " & B2 & "'!B12"):INDIRECT("'Grupo " & B2 & "'!J15"),2,FALSE)} -> 3790 | L3: {=VLOOKUP(INDIRECT("'Grupo " & K1 & "'!J22"),INDIRECT("'Grupo " & K1 & "'!B12"):INDIRECT("'Grupo " & K1 & "'!J15"),2,FALSE)} -> 4459 | M3: {=VLOOKUP(IF(INDIRECT("'Grupo " & K1 & "'!J22")=INDIRECT("'Grupo " & K1 & "'!C22"),INDIRECT("'Grupo " & K1 & "'!C23"),INDIRECT("'Grupo " & K1 & "'!C22")),INDIRECT("'Grupo " & K1 & "'!B12"):INDIRECT("'Grupo " & K1 & "'!G15"),2,FALSE)} -> 4027 | O3: {=VLOOKUP(IF(INDIRECT("'Grupo " & K1 & "'!J22")=INDIRECT("'Grupo " & K1 & "'!C22"),INDIRECT("'Grupo " & K1 & "'!C23"),INDIRECT("'Grupo " & K1 & "'!C22")),INDIRECT("'Grupo " & K1 & "'!B12"):INDIRECT("'Grupo " & K1 & "'!G15"),2,FALSE)} -> 4027 | P3: {=VLOOKUP(INDIRECT("'Grupo " & K1 & "'!J22"),INDIRECT("'Grupo " & K1 & "'!B12"):INDIRECT("'Grupo " & K1 & "'!J15"),2,FALSE)} -> 4459
C4: {=VLOOKUP(INDIRECT("'Grupo " & B2 & "'!J22"),INDIRECT("'Grupo " & B2 & "'!B12"):INDIRECT("'Grupo " & B2 & "'!J15"),2,FALSE)} -> 4606 | D4: {=VLOOKUP(IF(INDIRECT("'Grupo " & B2 & "'!J22")=INDIRECT("'Grupo " & B2 & "'!C22"),INDIRECT("'Grupo " & B2 & "'!C23"),INDIRECT("'Grupo " & B2 & "'!C22")),INDIRECT("'Grupo " & B2 & "'!B12"):INDIRECT("'Grupo " & B2 & "'!G15"),2,FALSE)} -> 4050 | F4: {=VLOOKUP(IF(INDIRECT("'Grupo " & B2 & "'!J22")=INDIRECT("'Grupo " & B2 & "'!C22"),INDIRECT("'Grupo " & B2 & "'!C23"),INDIRECT("'Grupo " & B2 & "'!C22")),INDIRECT("'Grupo " & B2 & "'!B12"):INDIRECT("'Grupo " & B2 & "'!G15"),2,FALSE)} -> 4050 | G4: {=VLOOKUP(INDIRECT("'Grupo " & B2 & "'!J22"),INDIRECT("'Grupo " & B2 & "'!B12"):INDIRECT("'Grupo " & B2 & "'!J15"),2,FALSE)} -> 4606 | L4: {=VLOOKUP(INDIRECT("'Grupo " & K1 & "'!J24"),INDIRECT("'Grupo " & K1 & "'!B12"):INDIRECT("'Grupo " & K1 & "'!J15"),2,FALSE)} -> #N/A | M4: {=VLOOKUP(IF(INDIRECT("'Grupo " & K1 & "'!J24")=INDIRECT("'Grupo " & K1 & "'!C24"),INDIRECT("'Grupo " & K1 & "'!C25"),INDIRECT("'Grupo " & K1 & "'!C24")),INDIRECT("'Grupo " & K1 & "'!B12"):INDIRECT("'Grupo " & K1 & "'!G15"),2,FALSE)} -> #N/A | O4: {=VLOOKUP(IF(INDIRECT("'Grupo " & K1 & "'!J24")=INDIRECT("'Grupo " & K1 & "'!C24"),INDIRECT("'Grupo " & K1 & "'!C25"),INDIRECT("'Grupo " & K1 & "'!C24")),INDIRECT("'Grupo " & K1 & "'!B12"):INDIRECT("'Grupo " & K1 & "'!G15"),2,FALSE)} -> #N/A | P4: {=VLOOKUP(INDIRECT("'Grupo " & K1 & "'!J24"),INDIRECT("'Grupo " & K1 & "'!B12"):INDIRECT("'Grupo " & K1 & "'!J15"),2,FALSE)} -> #N/A
B5: =B2+1 -> 2 | C5: {=VLOOKUP(INDIRECT("'Grupo " & B5 & "'!J18"),INDIRECT("'Grupo " & B5 & "'!B12"):INDIRECT("'Grupo " & B5 & "'!J15"),2,FALSE)} -> 4025 | D5: {=VLOOKUP(IF(INDIRECT("'Grupo " & B5 & "'!J18")=INDIRECT("'Grupo " & B5 & "'!C18"),INDIRECT("'Grupo " & B5 & "'!C19"),INDIRECT("'Grupo " & B5 & "'!C18")),INDIRECT("'Grupo " & B5 & "'!B12"):INDIRECT("'Grupo " & B5 & "'!G15"),2,FALSE)} -> 4825 | F5: {=VLOOKUP(IF(INDIRECT("'Grupo " & B5 & "'!J18")=INDIRECT("'Grupo " & B5 & "'!C18"),INDIRECT("'Grupo " & B5 & "'!C19"),INDIRECT("'Grupo " & B5 & "'!C18")),INDIRECT("'Grupo " & B5 & "'!B12"):INDIRECT("'Grupo " & B5 & "'!G15"),2,FALSE)} -> 4825 | G5: {=VLOOKUP(INDIRECT("'Grupo " & B5 & "'!J18"),INDIRECT("'Grupo " & B5 & "'!B12"):INDIRECT("'Grupo " & B5 & "'!J15"),2,FALSE)} -> 4025 | L5: {=VLOOKUP(INDIRECT("'Grupo " & K1 & "'!J26"),INDIRECT("'Grupo " & K1 & "'!B12"):INDIRECT("'Grupo " & K1 & "'!J15"),2,FALSE)} -> #N/A | M5: {=VLOOKUP(IF(INDIRECT("'Grupo " & K1 & "'!J26")=INDIRECT("'Grupo " & K1 & "'!C26"),INDIRECT("'Grupo " & K1 & "'!C27"),INDIRECT("'Grupo " & K1 & "'!C26")),INDIRECT("'Grupo " & K1 & "'!B12"):INDIRECT("'Grupo " & K1 & "'!G15"),2,FALSE)} -> #N/A | O5: {=VLOOKUP(IF(INDIRECT("'Grupo " & K1 & "'!J26")=INDIRECT("'Grupo " & K1 & "'!C26"),INDIRECT("'Grupo " & K1 & "'!C27"),INDIRECT("'Grupo " & K1 & "'!C26")),INDIRECT("'Grupo " & K1 & "'!B12"):INDIRECT("'Grupo " & K1 & "'!G15"),2,FALSE)} -> #N/A | P5: {=VLOOKUP(INDIRECT("'Grupo " & K1 & "'!J26"),INDIRECT("'Grupo " & K1 & "'!B12"):INDIRECT("'Grupo " & K1 & "'!J15"),2,FALSE)} -> #N/A
C6: {=VLOOKUP(INDIRECT("'Grupo " & B5 & "'!J20"),INDIRECT("'Grupo " & B5 & "'!B12"):INDIRECT("'Grupo " & B5 & "'!J15"),2,FALSE)} -> 4025 | D6: {=VLOOKUP(IF(INDIRECT("'Grupo " & B5 & "'!J20")=INDIRECT("'Grupo " & B5 & "'!C20"),INDIRECT("'Grupo " & B5 & "'!C21"),INDIRECT("'Grupo " & B5 & "'!C20")),INDIRECT("'Grupo " & B5 & "'!B12"):INDIRECT("'Grupo " & B5 & "'!G15"),2,FALSE)} -> 4778 | F6: {=VLOOKUP(IF(INDIRECT("'Grupo " & B5 & "'!J20")=INDIRECT("'Grupo " & B5 & "'!C20"),INDIRECT("'Grupo " & B5 & "'!C21"),INDIRECT("'Grupo " & B5 & "'!C20")),INDIRECT("'Grupo " & B5 & "'!B12"):INDIRECT("'Grupo " & B5 & "'!G15"),2,FALSE)} -> 4778 | G6: {=VLOOKUP(INDIRECT("'Grupo " & B5 & "'!J20"),INDIRECT("'Grupo " & B5 & "'!B12"):INDIRECT("'Grupo " & B5 & "'!J15"),2,FALSE)} -> 4025 | L6: {=VLOOKUP(INDIRECT("'Grupo " & K1 & "'!J28"),INDIRECT("'Grupo " & K1 & "'!B12"):INDIRECT("'Grupo " & K1 & "'!J15"),2,FALSE)} -> #N/A | M6: {=VLOOKUP(IF(INDIRECT("'Grupo " & K1 & "'!J28")=INDIRECT("'Grupo " & K1 & "'!C28"),INDIRECT("'Grupo " & K1 & "'!C29"),INDIRECT("'Grupo " & K1 & "'!C28")),INDIRECT("'Grupo " & K1 & "'!B12"):INDIRECT("'Grupo " & K1 & "'!G15"),2,FALSE)} -> #N/A | O6: {=VLOOKUP(IF(INDIRECT("'Grupo " & K1 & "'!J28")=INDIRECT("'Grupo " & K1 & "'!C28"),INDIRECT("'Grupo " & K1 & "'!C29"),INDIRECT("'Grupo " & K1 & "'!C28")),INDIRECT("'Grupo " & K1 & "'!B12"):INDIRECT("'Grupo " & K1 & "'!G15"),2,FALSE)} -> #N/A | P6: {=VLOOKUP(INDIRECT("'Grupo " & K1 & "'!J28"),INDIRECT("'Grupo " & K1 & "'!B12"):INDIRECT("'Grupo " & K1 & "'!J15"),2,FALSE)} -> #N/A
C7: {=VLOOKUP(INDIRECT("'Grupo " & B5 & "'!J22"),INDIRECT("'Grupo " & B5 & "'!B12"):INDIRECT("'Grupo " & B5 & "'!J15"),2,FALSE)} -> 4825 | D7: {=VLOOKUP(IF(INDIRECT("'Grupo " & B5 & "'!J22")=INDIRECT("'Grupo " & B5 & "'!C22"),INDIRECT("'Grupo " & B5 & "'!C23"),INDIRECT("'Grupo " & B5 & "'!C22")),INDIRECT("'Grupo " & B5 & "'!B12"):INDIRECT("'Grupo " & B5 & "'!G15"),2,FALSE)} -> 4778 | F7: {=VLOOKUP(IF(INDIRECT("'Grupo " & B5 & "'!J22")=INDIRECT("'Grupo " & B5 & "'!C22"),INDIRECT("'Grupo " & B5 & "'!C23"),INDIRECT("'Grupo " & B5 & "'!C22")),INDIRECT("'Grupo " & B5 & "'!B12"):INDIRECT("'Grupo " & B5 & "'!G15"),2,FALSE)} -> 4778 | G7: {=VLOOKUP(INDIRECT("'Grupo " & B5 & "'!J22"),INDIRECT("'Grupo " & B5 & "'!B12"):INDIRECT("'Grupo " & B5 & "'!J15"),2,FALSE)} -> 4825
B8: =B5+1 -> 3 | C8: {=VLOOKUP(INDIRECT("'Grupo " & B8 & "'!J18"),INDIRECT("'Grupo " & B8 & "'!B12"):INDIRECT("'Grupo " & B8 & "'!J15"),2,FALSE)} -> 3787 | D8: {=VLOOKUP(IF(INDIRECT("'Grupo " & B8 & "'!J18")=INDIRECT("'Grupo " & B8 & "'!C18"),INDIRECT("'Grupo " & B8 & "'!C19"),INDIRECT("'Grupo " & B8 & "'!C18")),INDIRECT("'Grupo " & B8 & "'!B12"):INDIRECT("'Grupo " & B8 & "'!G15"),2,FALSE)} -> 4740 | F8: {=VLOOKUP(IF(INDIRECT("'Grupo " & B8 & "'!J18")=INDIRECT("'Grupo " & B8 & "'!C18"),INDIRECT("'Grupo " & B8 & "'!C19"),INDIRECT("'Grupo " & B8 & "'!C18")),INDIRECT("'Grupo " & B8 & "'!B12"):INDIRECT("'Grupo " & B8 & "'!G15"),2,FALSE)} -> 4740 | G8: {=VLOOKUP(INDIRECT("'Grupo " & B8 & "'!J18"),INDIRECT("'Grupo " & B8 & "'!B12"):INDIRECT("'Grupo " & B8 & "'!J15"),2,FALSE)} -> 3787
C9: {=VLOOKUP(INDIRECT("'Grupo " & B8 & "'!J20"),INDIRECT("'Grupo " & B8 & "'!B12"):INDIRECT("'Grupo " & B8 & "'!J15"),2,FALSE)} -> 3787 | D9: {=VLOOKUP(IF(INDIRECT("'Grupo " & B8 & "'!J20")=INDIRECT("'Grupo " & B8 & "'!C20"),INDIRECT("'Grupo " & B8 & "'!C21"),INDIRECT("'Grupo " & B8 & "'!C20")),INDIRECT("'Grupo " & B8 & "'!B12"):INDIRECT("'Grupo " & B8 & "'!G15"),2,FALSE)} -> 4465 | F9: {=VLOOKUP(IF(INDIRECT("'Grupo " & B8 & "'!J20")=INDIRECT("'Grupo " & B8 & "'!C20"),INDIRECT("'Grupo " & B8 & "'!C21"),INDIRECT("'Grupo " & B8 & "'!C20")),INDIRECT("'Grupo " & B8 & "'!B12"):INDIRECT("'Grupo " & B8 & "'!G15"),2,FALSE)} -> 4465 | G9: {=VLOOKUP(INDIRECT("'Grupo " & B8 & "'!J20"),INDIRECT("'Grupo " & B8 & "'!B12"):INDIRECT("'Grupo " & B8 & "'!J15"),2,FALSE)} -> 3787
C10: {=VLOOKUP(INDIRECT("'Grupo " & B8 & "'!J22"),INDIRECT("'Grupo " & B8 & "'!B12"):INDIRECT("'Grupo " & B8 & "'!J15"),2,FALSE)} -> 4465 | D10: {=VLOOKUP(IF(INDIRECT("'Grupo " & B8 & "'!J22")=INDIRECT("'Grupo " & B8 & "'!C22"),INDIRECT("'Grupo " & B8 & "'!C23"),INDIRECT("'Grupo " & B8 & "'!C22")),INDIRECT("'Grupo " & B8 & "'!B12"):INDIRECT("'Grupo " & B8 & "'!G15"),2,FALSE)} -> 4740 | F10: {=VLOOKUP(IF(INDIRECT("'Grupo " & B8 & "'!J22")=INDIRECT("'Grupo " & B8 & "'!C22"),INDIRECT("'Grupo " & B8 & "'!C23"),INDIRECT("'Grupo " & B8 & "'!C22")),INDIRECT("'Grupo " & B8 & "'!B12"):INDIRECT("'Grupo " & B8 & "'!G15"),2,FALSE)} -> 4740 | G10: {=VLOOKUP(INDIRECT("'Grupo " & B8 & "'!J22"),INDIRECT("'Grupo " & B8 & "'!B12"):INDIRECT("'Grupo " & B8 & "'!J15"),2,FALSE)} -> 4465
B11: =B8+1 -> 4 | C11: {=VLOOKUP(INDIRECT("'Grupo " & B11 & "'!J18"),INDIRECT("'Grupo " & B11 & "'!B12"):INDIRECT("'Grupo " & B11 & "'!J15"),2,FALSE)} -> 4297 | D11: {=VLOOKUP(IF(INDIRECT("'Grupo " & B11 & "'!J18")=INDIRECT("'Grupo " & B11 & "'!C18"),INDIRECT("'Grupo " & B11 & "'!C19"),INDIRECT("'Grupo " & B11 & "'!C18")),INDIRECT("'Grupo " & B11 & "'!B12"):INDIRECT("'Grupo " & B11 & "'!G15"),2,FALSE)} -> 4726 | F11: {=VLOOKUP(IF(INDIRECT("'Grupo " & B11 & "'!J18")=INDIRECT("'Grupo " & B11 & "'!C18"),INDIRECT("'Grupo " & B11 & "'!C19"),INDIRECT("'Grupo " & B11 & "'!C18")),INDIRECT("'Grupo " & B11 & "'!B12"):INDIRECT("'Grupo " & B11 & "'!G15"),2,FALSE)} -> 4726 | G11: {=VLOOKUP(INDIRECT("'Grupo " & B11 & "'!J18"),INDIRECT("'Grupo " & B11 & "'!B12"):INDIRECT("'Grupo " & B11 & "'!J15"),2,FALSE)} -> 4297
C12: {=VLOOKUP(INDIRECT("'Grupo " & B11 & "'!J20"),INDIRECT("'Grupo " & B11 & "'!B12"):INDIRECT("'Grupo " & B11 & "'!J15"),2,FALSE)} -> 4297 | D12: {=VLOOKUP(IF(INDIRECT("'Grupo " & B11 & "'!J20")=INDIRECT("'Grupo " & B11 & "'!C20"),INDIRECT("'Grupo " & B11 & "'!C21"),INDIRECT("'Grupo " & B11 & "'!C20")),INDIRECT("'Grupo " & B11 & "'!B12"):INDIRECT("'Grupo " & B11 & "'!G15"),2,FALSE)} -> 4706 | F12: {=VLOOKUP(IF(INDIRECT("'Grupo " & B11 & "'!J20")=INDIRECT("'Grupo " & B11 & "'!C20"),INDIRECT("'Grupo " & B11 & "'!C21"),INDIRECT("'Grupo " & B11 & "'!C20")),INDIRECT("'Grupo " & B11 & "'!B12"):INDIRECT("'Grupo " & B11 & "'!G15"),2,FALSE)} -> 4706 | G12: {=VLOOKUP(INDIRECT("'Grupo " & B11 & "'!J20"),INDIRECT("'Grupo " & B11 & "'!B12"):INDIRECT("'Grupo " & B11 & "'!J15"),2,FALSE)} -> 4297
C13: {=VLOOKUP(INDIRECT("'Grupo " & B11 & "'!J22"),INDIRECT("'Grupo " & B11 & "'!B12"):INDIRECT("'Grupo " & B11 & "'!J15"),2,FALSE)} -> 4706 | D13: {=VLOOKUP(IF(INDIRECT("'Grupo " & B11 & "'!J22")=INDIRECT("'Grupo " & B11 & "'!C22"),INDIRECT("'Grupo " & B11 & "'!C23"),INDIRECT("'Grupo " & B11 & "'!C22")),INDIRECT("'Grupo " & B11 & "'!B12"):INDIRECT("'Grupo " & B11 & "'!G15"),2,FALSE)} -> 4726 | F13: {=VLOOKUP(IF(INDIRECT("'Grupo " & B11 & "'!J22")=INDIRECT("'Grupo " & B11 & "'!C22"),INDIRECT("'Grupo " & B11 & "'!C23"),INDIRECT("'Grupo " & B11 & "'!C22")),INDIRECT("'Grupo " & B11 & "'!B12"):INDIRECT("'Grupo " & B11 & "'!G15"),2,FALSE)} -> 4726 | G13: {=VLOOKUP(INDIRECT("'Grupo " & B11 & "'!J22"),INDIRECT("'Grupo " & B11 & "'!B12"):INDIRECT("'Grupo " & B11 & "'!J15"),2,FALSE)} -> 4706
B14: =B11+1 -> 5 | C14: {=VLOOKUP(INDIRECT("'Grupo " & B14 & "'!J18"),INDIRECT("'Grupo " & B14 & "'!B12"):INDIRECT("'Grupo " & B14 & "'!J15"),2,FALSE)} -> 4026 | D14: {=VLOOKUP(IF(INDIRECT("'Grupo " & B14 & "'!J18")=INDIRECT("'Grupo " & B14 & "'!C18"),INDIRECT("'Grupo " & B14 & "'!C19"),INDIRECT("'Grupo " & B14 & "'!C18")),INDIRECT("'Grupo " & B14 & "'!B12"):INDIRECT("'Grupo " & B14 & "'!G15"),2,FALSE)} -> 4547 | F14: {=VLOOKUP(IF(INDIRECT("'Grupo " & B14 & "'!J18")=INDIRECT("'Grupo " & B14 & "'!C18"),INDIRECT("'Grupo " & B14 & "'!C19"),INDIRECT("'Grupo " & B14 & "'!C18")),INDIRECT("'Grupo " & B14 & "'!B12"):INDIRECT("'Grupo " & B14 & "'!G15"),2,FALSE)} -> 4547 | G14: {=VLOOKUP(INDIRECT("'Grupo " & B14 & "'!J18"),INDIRECT("'Grupo " & B14 & "'!B12"):INDIRECT("'Grupo " & B14 & "'!J15"),2,FALSE)} -> 4026
C15: {=VLOOKUP(INDIRECT("'Grupo " & B14 & "'!J20"),INDIRECT("'Grupo " & B14 & "'!B12"):INDIRECT("'Grupo " & B14 & "'!J15"),2,FALSE)} -> 4026 | D15: {=VLOOKUP(IF(INDIRECT("'Grupo " & B14 & "'!J20")=INDIRECT("'Grupo " & B14 & "'!C20"),INDIRECT("'Grupo " & B14 & "'!C21"),INDIRECT("'Grupo " & B14 & "'!C20")),INDIRECT("'Grupo " & B14 & "'!B12"):INDIRECT("'Grupo " & B14 & "'!G15"),2,FALSE)} -> 3987 | F15: {=VLOOKUP(IF(INDIRECT("'Grupo " & B14 & "'!J20")=INDIRECT("'Grupo " & B14 & "'!C20"),INDIRECT("'Grupo " & B14 & "'!C21"),INDIRECT("'Grupo " & B14 & "'!C20")),INDIRECT("'Grupo " & B14 & "'!B12"):INDIRECT("'Grupo " & B14 & "'!G15"),2,FALSE)} -> 3987 | G15: {=VLOOKUP(INDIRECT("'Grupo " & B14 & "'!J20"),INDIRECT("'Grupo " & B14 & "'!B12"):INDIRECT("'Grupo " & B14 & "'!J15"),2,FALSE)} -> 4026
C16: {=VLOOKUP(INDIRECT("'Grupo " & B14 & "'!J22"),INDIRECT("'Grupo " & B14 & "'!B12"):INDIRECT("'Grupo " & B14 & "'!J15"),2,FALSE)} -> 3987 | D16: {=VLOOKUP(IF(INDIRECT("'Grupo " & B14 & "'!J22")=INDIRECT("'Grupo " & B14 & "'!C22"),INDIRECT("'Grupo " & B14 & "'!C23"),INDIRECT("'Grupo " & B14 & "'!C22")),INDIRECT("'Grupo " & B14 & "'!B12"):INDIRECT("'Grupo " & B14 & "'!G15"),2,FALSE)} -> 4547 | F16: {=VLOOKUP(IF(INDIRECT("'Grupo " & B14 & "'!J22")=INDIRECT("'Grupo " & B14 & "'!C22"),INDIRECT("'Grupo " & B14 & "'!C23"),INDIRECT("'Grupo " & B14 & "'!C22")),INDIRECT("'Grupo " & B14 & "'!B12"):INDIRECT("'Grupo " & B14 & "'!G15"),2,FALSE)} -> 4547 | G16: {=VLOOKUP(INDIRECT("'Grupo " & B14 & "'!J22"),INDIRECT("'Grupo " & B14 & "'!B12"):INDIRECT("'Grupo " & B14 & "'!J15"),2,FALSE)} -> 3987
B17: =B14+1 -> 6 | C17: {=VLOOKUP(INDIRECT("'Grupo " & B17 & "'!J18"),INDIRECT("'Grupo " & B17 & "'!B12"):INDIRECT("'Grupo " & B17 & "'!J15"),2,FALSE)} -> 4181 | D17: {=VLOOKUP(IF(INDIRECT("'Grupo " & B17 & "'!J18")=INDIRECT("'Grupo " & B17 & "'!C18"),INDIRECT("'Grupo " & B17 & "'!C19"),INDIRECT("'Grupo " & B17 & "'!C18")),INDIRECT("'Grupo " & B17 & "'!B12"):INDIRECT("'Grupo " & B17 & "'!G15"),2,FALSE)} -> 4686 | F17: {=VLOOKUP(IF(INDIRECT("'Grupo " & B17 & "'!J18")=INDIRECT("'Grupo " & B17 & "'!C18"),INDIRECT("'Grupo " & B17 & "'!C19"),INDIRECT("'Grupo " & B17 & "'!C18")),INDIRECT("'Grupo " & B17 & "'!B12"):INDIRECT("'Grupo " & B17 & "'!G15"),2,FALSE)} -> 4686 | G17: {=VLOOKUP(INDIRECT("'Grupo " & B17 & "'!J18"),INDIRECT("'Grupo " & B17 & "'!B12"):INDIRECT("'Grupo " & B17 & "'!J15"),2,FALSE)} -> 4181
C18: {=VLOOKUP(INDIRECT("'Grupo " & B17 & "'!J20"),INDIRECT("'Grupo " & B17 & "'!B12"):INDIRECT("'Grupo " & B17 & "'!J15"),2,FALSE)} -> 4181 | D18: {=VLOOKUP(IF(INDIRECT("'Grupo " & B17 & "'!J20")=INDIRECT("'Grupo " & B17 & "'!C20"),INDIRECT("'Grupo " & B17 & "'!C21"),INDIRECT("'Grupo " & B17 & "'!C20")),INDIRECT("'Grupo " & B17 & "'!B12"):INDIRECT("'Grupo " & B17 & "'!G15"),2,FALSE)} -> 4121 | F18: {=VLOOKUP(IF(INDIRECT("'Grupo " & B17 & "'!J20")=INDIRECT("'Grupo " & B17 & "'!C20"),INDIRECT("'Grupo " & B17 & "'!C21"),INDIRECT("'Grupo " & B17 & "'!C20")),INDIRECT("'Grupo " & B17 & "'!B12"):INDIRECT("'Grupo " & B17 & "'!G15"),2,FALSE)} -> 4121 | G18: {=VLOOKUP(INDIRECT("'Grupo " & B17 & "'!J20"),INDIRECT("'Grupo " & B17 & "'!B12"):INDIRECT("'Grupo " & B17 & "'!J15"),2,FALSE)} -> 4181
C19: {=VLOOKUP(INDIRECT("'Grupo " & B17 & "'!J22"),INDIRECT("'Grupo " & B17 & "'!B12"):INDIRECT("'Grupo " & B17 & "'!J15"),2,FALSE)} -> 4121 | D19: {=VLOOKUP(IF(INDIRECT("'Grupo " & B17 & "'!J22")=INDIRECT("'Grupo " & B17 & "'!C22"),INDIRECT("'Grupo " & B17 & "'!C23"),INDIRECT("'Grupo " & B17 & "'!C22")),INDIRECT("'Grupo " & B17 & "'!B12"):INDIRECT("'Grupo " & B17 & "'!G15"),2,FALSE)} -> 4686 | F19: {=VLOOKUP(IF(INDIRECT("'Grupo " & B17 & "'!J22")=INDIRECT("'Grupo " & B17 & "'!C22"),INDIRECT("'Grupo " & B17 & "'!C23"),INDIRECT("'Grupo " & B17 & "'!C22")),INDIRECT("'Grupo " & B17 & "'!B12"):INDIRECT("'Grupo " & B17 & "'!G15"),2,FALSE)} -> 4686 | G19: {=VLOOKUP(INDIRECT("'Grupo " & B17 & "'!J22"),INDIRECT("'Grupo " & B17 & "'!B12"):INDIRECT("'Grupo " & B17 & "'!J15"),2,FALSE)} -> 4121
B20: =B17+1 -> 7 | C20: {=VLOOKUP(INDIRECT("'Grupo " & B20 & "'!J18"),INDIRECT("'Grupo " & B20 & "'!B12"):INDIRECT("'Grupo " & B20 & "'!J15"),2,FALSE)} -> 3988 | D20: {=VLOOKUP(IF(INDIRECT("'Grupo " & B20 & "'!J18")=INDIRECT("'Grupo " & B20 & "'!C18"),INDIRECT("'Grupo " & B20 & "'!C19"),INDIRECT("'Grupo " & B20 & "'!C18")),INDIRECT("'Grupo " & B20 & "'!B12"):INDIRECT("'Grupo " & B20 & "'!G15"),2,FALSE)} -> 4607 | F20: {=VLOOKUP(IF(INDIRECT("'Grupo " & B20 & "'!J18")=INDIRECT("'Grupo " & B20 & "'!C18"),INDIRECT("'Grupo " & B20 & "'!C19"),INDIRECT("'Grupo " & B20 & "'!C18")),INDIRECT("'Grupo " & B20 & "'!B12"):INDIRECT("'Grupo " & B20 & "'!G15"),2,FALSE)} -> 4607 | G20: {=VLOOKUP(INDIRECT("'Grupo " & B20 & "'!J18"),INDIRECT("'Grupo " & B20 & "'!B12"):INDIRECT("'Grupo " & B20 & "'!J15"),2,FALSE)} -> 3988
C21: {=VLOOKUP(INDIRECT("'Grupo " & B20 & "'!J20"),INDIRECT("'Grupo " & B20 & "'!B12"):INDIRECT("'Grupo " & B20 & "'!J15"),2,FALSE)} -> 3988 | D21: {=VLOOKUP(IF(INDIRECT("'Grupo " & B20 & "'!J20")=INDIRECT("'Grupo " & B20 & "'!C20"),INDIRECT("'Grupo " & B20 & "'!C21"),INDIRECT("'Grupo " & B20 & "'!C20")),INDIRECT("'Grupo " & B20 & "'!B12"):INDIRECT("'Grupo " & B20 & "'!G15"),2,FALSE)} -> 4437 | F21: {=VLOOKUP(IF(INDIRECT("'Grupo " & B20 & "'!J20")=INDIRECT("'Grupo " & B20 & "'!C20"),INDIRECT("'Grupo " & B20 & "'!C21"),INDIRECT("'Grupo " & B20 & "'!C20")),INDIRECT("'Grupo " & B20 & "'!B12"):INDIRECT("'Grupo " & B20 & "'!G15"),2,FALSE)} -> 4437 | G21: {=VLOOKUP(INDIRECT("'Grupo " & B20 & "'!J20"),INDIRECT("'Grupo " & B20 & "'!B12"):INDIRECT("'Grupo " & B20 & "'!J15"),2,FALSE)} -> 3988
C22: {=VLOOKUP(INDIRECT("'Grupo " & B20 & "'!J22"),INDIRECT("'Grupo " & B20 & "'!B12"):INDIRECT("'Grupo " & B20 & "'!J15"),2,FALSE)} -> 4437 | D22: {=VLOOKUP(IF(INDIRECT("'Grupo " & B20 & "'!J22")=INDIRECT("'Grupo " & B20 & "'!C22"),INDIRECT("'Grupo " & B20 & "'!C23"),INDIRECT("'Grupo " & B20 & "'!C22")),INDIRECT("'Grupo " & B20 & "'!B12"):INDIRECT("'Grupo " & B20 & "'!G15"),2,FALSE)} -> 4607 | F22: {=VLOOKUP(IF(INDIRECT("'Grupo " & B20 & "'!J22")=INDIRECT("'Grupo " & B20 & "'!C22"),INDIRECT("'Grupo " & B20 & "'!C23"),INDIRECT("'Grupo " & B20 & "'!C22")),INDIRECT("'Grupo " & B20 & "'!B12"):INDIRECT("'Grupo " & B20 & "'!G15"),2,FALSE)} -> 4607 | G22: {=VLOOKUP(INDIRECT("'Grupo " & B20 & "'!J22"),INDIRECT("'Grupo " & B20 & "'!B12"):INDIRECT("'Grupo " & B20 & "'!J15"),2,FALSE)} -> 4437
B23: =B20+1 -> 8 | C23: {=VLOOKUP(INDIRECT("'Grupo " & B23 & "'!J18"),INDIRECT("'Grupo " & B23 & "'!B12"):INDIRECT("'Grupo " & B23 & "'!J15"),2,FALSE)} -> 3875 | D23: {=VLOOKUP(IF(INDIRECT("'Grupo " & B23 & "'!J18")=INDIRECT("'Grupo " & B23 & "'!C18"),INDIRECT("'Grupo " & B23 & "'!C19"),INDIRECT("'Grupo " & B23 & "'!C18")),INDIRECT("'Grupo " & B23 & "'!B12"):INDIRECT("'Grupo " & B23 & "'!G15"),2,FALSE)} -> 4180 | F23: {=VLOOKUP(IF(INDIRECT("'Grupo " & B23 & "'!J18")=INDIRECT("'Grupo " & B23 & "'!C18"),INDIRECT("'Grupo " & B23 & "'!C19"),INDIRECT("'Grupo " & B23 & "'!C18")),INDIRECT("'Grupo " & B23 & "'!B12"):INDIRECT("'Grupo " & B23 & "'!G15"),2,FALSE)} -> 4180 | G23: {=VLOOKUP(INDIRECT("'Grupo " & B23 & "'!J18"),INDIRECT("'Grupo " & B23 & "'!B12"):INDIRECT("'Grupo " & B23 & "'!J15"),2,FALSE)} -> 3875
C24: {=VLOOKUP(INDIRECT("'Grupo " & B23 & "'!J20"),INDIRECT("'Grupo " & B23 & "'!B12"):INDIRECT("'Grupo " & B23 & "'!J15"),2,FALSE)} -> 3875 | D24: {=VLOOKUP(IF(INDIRECT("'Grupo " & B23 & "'!J20")=INDIRECT("'Grupo " & B23 & "'!C20"),INDIRECT("'Grupo " & B23 & "'!C21"),INDIRECT("'Grupo " & B23 & "'!C20")),INDIRECT("'Grupo " & B23 & "'!B12"):INDIRECT("'Grupo " & B23 & "'!G15"),2,FALSE)} -> 4353 | F24: {=VLOOKUP(IF(INDIRECT("'Grupo " & B23 & "'!J20")=INDIRECT("'Grupo " & B23 & "'!C20"),INDIRECT("'Grupo " & B23 & "'!C21"),INDIRECT("'Grupo " & B23 & "'!C20")),INDIRECT("'Grupo " & B23 & "'!B12"):INDIRECT("'Grupo " & B23 & "'!G15"),2,FALSE)} -> 4353 | G24: {=VLOOKUP(INDIRECT("'Grupo " & B23 & "'!J20"),INDIRECT("'Grupo " & B23 & "'!B12"):INDIRECT("'Grupo " & B23 & "'!J15"),2,FALSE)} -> 3875
C25: {=VLOOKUP(INDIRECT("'Grupo " & B23 & "'!J22"),INDIRECT("'Grupo " & B23 & "'!B12"):INDIRECT("'Grupo " & B23 & "'!J15"),2,FALSE)} -> 4353 | D25: {=VLOOKUP(IF(INDIRECT("'Grupo " & B23 & "'!J22")=INDIRECT("'Grupo " & B23 & "'!C22"),INDIRECT("'Grupo " & B23 & "'!C23"),INDIRECT("'Grupo " & B23 & "'!C22")),INDIRECT("'Grupo " & B23 & "'!B12"):INDIRECT("'Grupo " & B23 & "'!G15"),2,FALSE)} -> 4180 | F25: {=VLOOKUP(IF(INDIRECT("'Grupo " & B23 & "'!J22")=INDIRECT("'Grupo " & B23 & "'!C22"),INDIRECT("'Grupo " & B23 & "'!C23"),INDIRECT("'Grupo " & B23 & "'!C22")),INDIRECT("'Grupo " & B23 & "'!B12"):INDIRECT("'Grupo " & B23 & "'!G15"),2,FALSE)} -> 4180 | G25: {=VLOOKUP(INDIRECT("'Grupo " & B23 & "'!J22"),INDIRECT("'Grupo " & B23 & "'!B12"):INDIRECT("'Grupo " & B23 & "'!J15"),2,FALSE)} -> 4353
B26: =B23+1 -> 9 | C26: {=VLOOKUP(INDIRECT("'Grupo " & B26 & "'!J18"),INDIRECT("'Grupo " & B26 & "'!B12"):INDIRECT("'Grupo " & B26 & "'!J15"),2,FALSE)} -> 4177 | D26: {=VLOOKUP(IF(INDIRECT("'Grupo " & B26 & "'!J18")=INDIRECT("'Grupo " & B26 & "'!C18"),INDIRECT("'Grupo " & B26 & "'!C19"),INDIRECT("'Grupo " & B26 & "'!C18")),INDIRECT("'Grupo " & B26 & "'!B12"):INDIRECT("'Grupo " & B26 & "'!G15"),2,FALSE)} -> 4857 | F26: {=VLOOKUP(IF(INDIRECT("'Grupo " & B26 & "'!J18")=INDIRECT("'Grupo " & B26 & "'!C18"),INDIRECT("'Grupo " & B26 & "'!C19"),INDIRECT("'Grupo " & B26 & "'!C18")),INDIRECT("'Grupo " & B26 & "'!B12"):INDIRECT("'Grupo " & B26 & "'!G15"),2,FALSE)} -> 4857 | G26: {=VLOOKUP(INDIRECT("'Grupo " & B26 & "'!J18"),INDIRECT("'Grupo " & B26 & "'!B12"):INDIRECT("'Grupo " & B26 & "'!J15"),2,FALSE)} -> 4177
C27: {=VLOOKUP(INDIRECT("'Grupo " & B26 & "'!J20"),INDIRECT("'Grupo " & B26 & "'!B12"):INDIRECT("'Grupo " & B26 & "'!J15"),2,FALSE)} -> 4177 | D27: {=VLOOKUP(IF(INDIRECT("'Grupo " & B26 & "'!J20")=INDIRECT("'Grupo " & B26 & "'!C20"),INDIRECT("'Grupo " & B26 & "'!C21"),INDIRECT("'Grupo " & B26 & "'!C20")),INDIRECT("'Grupo " & B26 & "'!B12"):INDIRECT("'Grupo " & B26 & "'!G15"),2,FALSE)} -> 4122 | F27: {=VLOOKUP(IF(INDIRECT("'Grupo " & B26 & "'!J20")=INDIRECT("'Grupo " & B26 & "'!C20"),INDIRECT("'Grupo " & B26 & "'!C21"),INDIRECT("'Grupo " & B26 & "'!C20")),INDIRECT("'Grupo " & B26 & "'!B12"):INDIRECT("'Grupo " & B26 & "'!G15"),2,FALSE)} -> 4122 | G27: {=VLOOKUP(INDIRECT("'Grupo " & B26 & "'!J20"),INDIRECT("'Grupo " & B26 & "'!B12"):INDIRECT("'Grupo " & B26 & "'!J15"),2,FALSE)} -> 4177
C28: {=VLOOKUP(INDIRECT("'Grupo " & B26 & "'!J22"),INDIRECT("'Grupo " & B26 & "'!B12"):INDIRECT("'Grupo " & B26 & "'!J15"),2,FALSE)} -> 4122 | D28: {=VLOOKUP(IF(INDIRECT("'Grupo " & B26 & "'!J22")=INDIRECT("'Grupo " & B26 & "'!C22"),INDIRECT("'Grupo " & B26 & "'!C23"),INDIRECT("'Grupo " & B26 & "'!C22")),INDIRECT("'Grupo " & B26 & "'!B12"):INDIRECT("'Grupo " & B26 & "'!G15"),2,FALSE)} -> 4857 | F28: {=VLOOKUP(IF(INDIRECT("'Grupo " & B26 & "'!J22")=INDIRECT("'Grupo " & B26 & "'!C22"),INDIRECT("'Grupo " & B26 & "'!C23"),INDIRECT("'Grupo " & B26 & "'!C22")),INDIRECT("'Grupo " & B26 & "'!B12"):INDIRECT("'Grupo " & B26 & "'!G15"),2,FALSE)} -> 4857 | G28: {=VLOOKUP(INDIRECT("'Grupo " & B26 & "'!J22"),INDIRECT("'Grupo " & B26 & "'!B12"):INDIRECT("'Grupo " & B26 & "'!J15"),2,FALSE)} -> 4122
B29: =B26+1 -> 10 | C29: {=VLOOKUP(INDIRECT("'Grupo " & B29 & "'!J18"),INDIRECT("'Grupo " & B29 & "'!B12"):INDIRECT("'Grupo " & B29 & "'!J15"),2,FALSE)} -> 5005 | D29: {=VLOOKUP(IF(INDIRECT("'Grupo " & B29 & "'!J18")=INDIRECT("'Grupo " & B29 & "'!C18"),INDIRECT("'Grupo " & B29 & "'!C19"),INDIRECT("'Grupo " & B29 & "'!C18")),INDIRECT("'Grupo " & B29 & "'!B12"):INDIRECT("'Grupo " & B29 & "'!G15"),2,FALSE)} -> 4859 | F29: {=VLOOKUP(IF(INDIRECT("'Grupo " & B29 & "'!J18")=INDIRECT("'Grupo " & B29 & "'!C18"),INDIRECT("'Grupo " & B29 & "'!C19"),INDIRECT("'Grupo " & B29 & "'!C18")),INDIRECT("'Grupo " & B29 & "'!B12"):INDIRECT("'Grupo " & B29 & "'!G15"),2,FALSE)} -> 4859 | G29: {=VLOOKUP(INDIRECT("'Grupo " & B29 & "'!J18"),INDIRECT("'Grupo " & B29 & "'!B12"):INDIRECT("'Grupo " & B29 & "'!J15"),2,FALSE)} -> 5005
C30: {=VLOOKUP(INDIRECT("'Grupo " & B29 & "'!J20"),INDIRECT("'Grupo " & B29 & "'!B12"):INDIRECT("'Grupo " & B29 & "'!J15"),2,FALSE)} -> 5005 | D30: {=VLOOKUP(IF(INDIRECT("'Grupo " & B29 & "'!J20")=INDIRECT("'Grupo " & B29 & "'!C20"),INDIRECT("'Grupo " & B29 & "'!C21"),INDIRECT("'Grupo " & B29 & "'!C20")),INDIRECT("'Grupo " & B29 & "'!B12"):INDIRECT("'Grupo " & B29 & "'!G15"),2,FALSE)} -> 4381 | F30: {=VLOOKUP(IF(INDIRECT("'Grupo " & B29 & "'!J20")=INDIRECT("'Grupo " & B29 & "'!C20"),INDIRECT("'Grupo " & B29 & "'!C21"),INDIRECT("'Grupo " & B29 & "'!C20")),INDIRECT("'Grupo " & B29 & "'!B12"):INDIRECT("'Grupo " & B29 & "'!G15"),2,FALSE)} -> 4381 | G30: {=VLOOKUP(INDIRECT("'Grupo " & B29 & "'!J20"),INDIRECT("'Grupo " & B29 & "'!B12"):INDIRECT("'Grupo " & B29 & "'!J15"),2,FALSE)} -> 5005
C31: {=VLOOKUP(INDIRECT("'Grupo " & B29 & "'!J22"),INDIRECT("'Grupo " & B29 & "'!B12"):INDIRECT("'Grupo " & B29 & "'!J15"),2,FALSE)} -> 4381 | D31: {=VLOOKUP(IF(INDIRECT("'Grupo " & B29 & "'!J22")=INDIRECT("'Grupo " & B29 & "'!C22"),INDIRECT("'Grupo " & B29 & "'!C23"),INDIRECT("'Grupo " & B29 & "'!C22")),INDIRECT("'Grupo " & B29 & "'!B12"):INDIRECT("'Grupo " & B29 & "'!G15"),2,FALSE)} -> 4859 | F31: {=VLOOKUP(IF(INDIRECT("'Grupo " & B29 & "'!J22")=INDIRECT("'Grupo " & B29 & "'!C22"),INDIRECT("'Grupo " & B29 & "'!C23"),INDIRECT("'Grupo " & B29 & "'!C22")),INDIRECT("'Grupo " & B29 & "'!B12"):INDIRECT("'Grupo " & B29 & "'!G15"),2,FALSE)} -> 4859 | G31: {=VLOOKUP(INDIRECT("'Grupo " & B29 & "'!J22"),INDIRECT("'Grupo " & B29 & "'!B12"):INDIRECT("'Grupo " & B29 & "'!J15"),2,FALSE)} -> 4381
B32: =B29+1 -> 11 | C32: {=VLOOKUP(INDIRECT("'Grupo " & B32 & "'!J18"),INDIRECT("'Grupo " & B32 & "'!B12"):INDIRECT("'Grupo " & B32 & "'!J15"),2,FALSE)} -> 4679 | D32: {=VLOOKUP(IF(INDIRECT("'Grupo " & B32 & "'!J18")=INDIRECT("'Grupo " & B32 & "'!C18"),INDIRECT("'Grupo " & B32 & "'!C19"),INDIRECT("'Grupo " & B32 & "'!C18")),INDIRECT("'Grupo " & B32 & "'!B12"):INDIRECT("'Grupo " & B32 & "'!G15"),2,FALSE)} -> 4312 | F32: {=VLOOKUP(IF(INDIRECT("'Grupo " & B32 & "'!J18")=INDIRECT("'Grupo " & B32 & "'!C18"),INDIRECT("'Grupo " & B32 & "'!C19"),INDIRECT("'Grupo " & B32 & "'!C18")),INDIRECT("'Grupo " & B32 & "'!B12"):INDIRECT("'Grupo " & B32 & "'!G15"),2,FALSE)} -> 4312 | G32: {=VLOOKUP(INDIRECT("'Grupo " & B32 & "'!J18"),INDIRECT("'Grupo " & B32 & "'!B12"):INDIRECT("'Grupo " & B32 & "'!J15"),2,FALSE)} -> 4679
C33: {=VLOOKUP(INDIRECT("'Grupo " & B32 & "'!J20"),INDIRECT("'Grupo " & B32 & "'!B12"):INDIRECT("'Grupo " & B32 & "'!J15"),2,FALSE)} -> 4679 | D33: {=VLOOKUP(IF(INDIRECT("'Grupo " & B32 & "'!J20")=INDIRECT("'Grupo " & B32 & "'!C20"),INDIRECT("'Grupo " & B32 & "'!C21"),INDIRECT("'Grupo " & B32 & "'!C20")),INDIRECT("'Grupo " & B32 & "'!B12"):INDIRECT("'Grupo " & B32 & "'!G15"),2,FALSE)} -> 4293 | F33: {=VLOOKUP(IF(INDIRECT("'Grupo " & B32 & "'!J20")=INDIRECT("'Grupo " & B32 & "'!C20"),INDIRECT("'Grupo " & B32 & "'!C21"),INDIRECT("'Grupo " & B32 & "'!C20")),INDIRECT("'Grupo " & B32 & "'!B12"):INDIRECT("'Grupo " & B32 & "'!G15"),2,FALSE)} -> 4293 | G33: {=VLOOKUP(INDIRECT("'Grupo " & B32 & "'!J20"),INDIRECT("'Grupo " & B32 & "'!B12"):INDIRECT("'Grupo " & B32 & "'!J15"),2,FALSE)} -> 4679
C34: {=VLOOKUP(INDIRECT("'Grupo " & B32 & "'!J22"),INDIRECT("'Grupo " & B32 & "'!B12"):INDIRECT("'Grupo " & B32 & "'!J15"),2,FALSE)} -> 4293 | D34: {=VLOOKUP(IF(INDIRECT("'Grupo " & B32 & "'!J22")=INDIRECT("'Grupo " & B32 & "'!C22"),INDIRECT("'Grupo " & B32 & "'!C23"),INDIRECT("'Grupo " & B32 & "'!C22")),INDIRECT("'Grupo " & B32 & "'!B12"):INDIRECT("'Grupo " & B32 & "'!G15"),2,FALSE)} -> 4312 | F34: {=VLOOKUP(IF(INDIRECT("'Grupo " & B32 & "'!J22")=INDIRECT("'Grupo " & B32 & "'!C22"),INDIRECT("'Grupo " & B32 & "'!C23"),INDIRECT("'Grupo " & B32 & "'!C22")),INDIRECT("'Grupo " & B32 & "'!B12"):INDIRECT("'Grupo " & B32 & "'!G15"),2,FALSE)} -> 4312 | G34: {=VLOOKUP(INDIRECT("'Grupo " & B32 & "'!J22"),INDIRECT("'Grupo " & B32 & "'!B12"):INDIRECT("'Grupo " & B32 & "'!J15"),2,FALSE)} -> 4293
B35: =B32+1 -> 12 | C35: {=VLOOKUP(INDIRECT("'Grupo " & B35 & "'!J18"),INDIRECT("'Grupo " & B35 & "'!B12"):INDIRECT("'Grupo " & B35 & "'!J15"),2,FALSE)} -> 4325 | D35: {=VLOOKUP(IF(INDIRECT("'Grupo " & B35 & "'!J18")=INDIRECT("'Grupo " & B35 & "'!C18"),INDIRECT("'Grupo " & B35 & "'!C19"),INDIRECT("'Grupo " & B35 & "'!C18")),INDIRECT("'Grupo " & B35 & "'!B12"):INDIRECT("'Grupo " & B35 & "'!G15"),2,FALSE)} -> 4702 | F35: {=VLOOKUP(IF(INDIRECT("'Grupo " & B35 & "'!J18")=INDIRECT("'Grupo " & B35 & "'!C18"),INDIRECT("'Grupo " & B35 & "'!C19"),INDIRECT("'Grupo " & B35 & "'!C18")),INDIRECT("'Grupo " & B35 & "'!B12"):INDIRECT("'Grupo " & B35 & "'!G15"),2,FALSE)} -> 4702 | G35: {=VLOOKUP(INDIRECT("'Grupo " & B35 & "'!J18"),INDIRECT("'Grupo " & B35 & "'!B12"):INDIRECT("'Grupo " & B35 & "'!J15"),2,FALSE)} -> 4325
C36: {=VLOOKUP(INDIRECT("'Grupo " & B35 & "'!J20"),INDIRECT("'Grupo " & B35 & "'!B12"):INDIRECT("'Grupo " & B35 & "'!J15"),2,FALSE)} -> 4351 | D36: {=VLOOKUP(IF(INDIRECT("'Grupo " & B35 & "'!J20")=INDIRECT("'Grupo " & B35 & "'!C20"),INDIRECT("'Grupo " & B35 & "'!C21"),INDIRECT("'Grupo " & B35 & "'!C20")),INDIRECT("'Grupo " & B35 & "'!B12"):INDIRECT("'Grupo " & B35 & "'!G15"),2,FALSE)} -> 4325 | F36: {=VLOOKUP(IF(INDIRECT("'Grupo " & B35 & "'!J20")=INDIRECT("'Grupo " & B35 & "'!C20"),INDIRECT("'Grupo " & B35 & "'!C21"),INDIRECT("'Grupo " & B35 & "'!C20")),INDIRECT("'Grupo " & B35 & "'!B12"):INDIRECT("'Grupo " & B35 & "'!G15"),2,FALSE)} -> 4325 | G36: {=VLOOKUP(INDIRECT("'Grupo " & B35 & "'!J20"),INDIRECT("'Grupo " & B35 & "'!B12"):INDIRECT("'Grupo " & B35 & "'!J15"),2,FALSE)} -> 4351
C37: {=VLOOKUP(INDIRECT("'Grupo " & B35 & "'!J22"),INDIRECT("'Grupo " & B35 & "'!B12"):INDIRECT("'Grupo " & B35 & "'!J15"),2,FALSE)} -> 4351 | D37: {=VLOOKUP(IF(INDIRECT("'Grupo " & B35 & "'!J22")=INDIRECT("'Grupo " & B35 & "'!C22"),INDIRECT("'Grupo " & B35 & "'!C23"),INDIRECT("'Grupo " & B35 & "'!C22")),INDIRECT("'Grupo " & B35 & "'!B12"):INDIRECT("'Grupo " & B35 & "'!G15"),2,FALSE)} -> 4702 | F37: {=VLOOKUP(IF(INDIRECT("'Grupo " & B35 & "'!J22")=INDIRECT("'Grupo " & B35 & "'!C22"),INDIRECT("'Grupo " & B35 & "'!C23"),INDIRECT("'Grupo " & B35 & "'!C22")),INDIRECT("'Grupo " & B35 & "'!B12"):INDIRECT("'Grupo " & B35 & "'!G15"),2,FALSE)} -> 4702 | G37: {=VLOOKUP(INDIRECT("'Grupo " & B35 & "'!J22"),INDIRECT("'Grupo " & B35 & "'!B12"):INDIRECT("'Grupo " & B35 & "'!J15"),2,FALSE)} -> 4351
B38: =B35+1 -> 13 | C38: {=VLOOKUP(INDIRECT("'Grupo " & B38 & "'!J18"),INDIRECT("'Grupo " & B38 & "'!B12"):INDIRECT("'Grupo " & B38 & "'!J15"),2,FALSE)} -> 4458 | D38: {=VLOOKUP(IF(INDIRECT("'Grupo " & B38 & "'!J18")=INDIRECT("'Grupo " & B38 & "'!C18"),INDIRECT("'Grupo " & B38 & "'!C19"),INDIRECT("'Grupo " & B38 & "'!C18")),INDIRECT("'Grupo " & B38 & "'!B12"):INDIRECT("'Grupo " & B38 & "'!G15"),2,FALSE)} -> 4829 | F38: {=VLOOKUP(IF(INDIRECT("'Grupo " & B38 & "'!J18")=INDIRECT("'Grupo " & B38 & "'!C18"),INDIRECT("'Grupo " & B38 & "'!C19"),INDIRECT("'Grupo " & B38 & "'!C18")),INDIRECT("'Grupo " & B38 & "'!B12"):INDIRECT("'Grupo " & B38 & "'!G15"),2,FALSE)} -> 4829 | G38: {=VLOOKUP(INDIRECT("'Grupo " & B38 & "'!J18"),INDIRECT("'Grupo " & B38 & "'!B12"):INDIRECT("'Grupo " & B38 & "'!J15"),2,FALSE)} -> 4458
C39: {=VLOOKUP(INDIRECT("'Grupo " & B38 & "'!J20"),INDIRECT("'Grupo " & B38 & "'!B12"):INDIRECT("'Grupo " & B38 & "'!J15"),2,FALSE)} -> 4458 | D39: {=VLOOKUP(IF(INDIRECT("'Grupo " & B38 & "'!J20")=INDIRECT("'Grupo " & B38 & "'!C20"),INDIRECT("'Grupo " & B38 & "'!C21"),INDIRECT("'Grupo " & B38 & "'!C20")),INDIRECT("'Grupo " & B38 & "'!B12"):INDIRECT("'Grupo " & B38 & "'!G15"),2,FALSE)} -> 4227 | F39: {=VLOOKUP(IF(INDIRECT("'Grupo " & B38 & "'!J20")=INDIRECT("'Grupo " & B38 & "'!C20"),INDIRECT("'Grupo " & B38 & "'!C21"),INDIRECT("'Grupo " & B38 & "'!C20")),INDIRECT("'Grupo " & B38 & "'!B12"):INDIRECT("'Grupo " & B38 & "'!G15"),2,FALSE)} -> 4227 | G39: {=VLOOKUP(INDIRECT("'Grupo " & B38 & "'!J20"),INDIRECT("'Grupo " & B38 & "'!B12"):INDIRECT("'Grupo " & B38 & "'!J15"),2,FALSE)} -> 4458
C40: {=VLOOKUP(INDIRECT("'Grupo " & B38 & "'!J22"),INDIRECT("'Grupo " & B38 & "'!B12"):INDIRECT("'Grupo " & B38 & "'!J15"),2,FALSE)} -> 4227 | D40: {=VLOOKUP(IF(INDIRECT("'Grupo " & B38 & "'!J22")=INDIRECT("'Grupo " & B38 & "'!C22"),INDIRECT("'Grupo " & B38 & "'!C23"),INDIRECT("'Grupo " & B38 & "'!C22")),INDIRECT("'Grupo " & B38 & "'!B12"):INDIRECT("'Grupo " & B38 & "'!G15"),2,FALSE)} -> 4829 | F40: {=VLOOKUP(IF(INDIRECT("'Grupo " & B38 & "'!J22")=INDIRECT("'Grupo " & B38 & "'!C22"),INDIRECT("'Grupo " & B38 & "'!C23"),INDIRECT("'Grupo " & B38 & "'!C22")),INDIRECT("'Grupo " & B38 & "'!B12"):INDIRECT("'Grupo " & B38 & "'!G15"),2,FALSE)} -> 4829 | G40: {=VLOOKUP(INDIRECT("'Grupo " & B38 & "'!J22"),INDIRECT("'Grupo " & B38 & "'!B12"):INDIRECT("'Grupo " & B38 & "'!J15"),2,FALSE)} -> 4227
B41: =B38+1 -> 14 | C41: {=VLOOKUP(INDIRECT("'Grupo " & B41 & "'!J18"),INDIRECT("'Grupo " & B41 & "'!B12"):INDIRECT("'Grupo " & B41 & "'!J15"),2,FALSE)} -> 4151 | D41: {=VLOOKUP(IF(INDIRECT("'Grupo " & B41 & "'!J18")=INDIRECT("'Grupo " & B41 & "'!C18"),INDIRECT("'Grupo " & B41 & "'!C19"),INDIRECT("'Grupo " & B41 & "'!C18")),INDIRECT("'Grupo " & B41 & "'!B12"):INDIRECT("'Grupo " & B41 & "'!G15"),2,FALSE)} -> 4027 | F41: {=VLOOKUP(IF(INDIRECT("'Grupo " & B41 & "'!J18")=INDIRECT("'Grupo " & B41 & "'!C18"),INDIRECT("'Grupo " & B41 & "'!C19"),INDIRECT("'Grupo " & B41 & "'!C18")),INDIRECT("'Grupo " & B41 & "'!B12"):INDIRECT("'Grupo " & B41 & "'!G15"),2,FALSE)} -> 4027 | G41: {=VLOOKUP(INDIRECT("'Grupo " & B41 & "'!J18"),INDIRECT("'Grupo " & B41 & "'!B12"):INDIRECT("'Grupo " & B41 & "'!J15"),2,FALSE)} -> 4151
C42: {=VLOOKUP(INDIRECT("'Grupo " & B41 & "'!J20"),INDIRECT("'Grupo " & B41 & "'!B12"):INDIRECT("'Grupo " & B41 & "'!J15"),2,FALSE)} -> 4151 | D42: {=VLOOKUP(IF(INDIRECT("'Grupo " & B41 & "'!J20")=INDIRECT("'Grupo " & B41 & "'!C20"),INDIRECT("'Grupo " & B41 & "'!C21"),INDIRECT("'Grupo " & B41 & "'!C20")),INDIRECT("'Grupo " & B41 & "'!B12"):INDIRECT("'Grupo " & B41 & "'!G15"),2,FALSE)} -> 4459 | F42: {=VLOOKUP(IF(INDIRECT("'Grupo " & B41 & "'!J20")=INDIRECT("'Grupo " & B41 & "'!C20"),INDIRECT("'Grupo " & B41 & "'!C21"),INDIRECT("'Grupo " & B41 & "'!C20")),INDIRECT("'Grupo " & B41 & "'!B12"):INDIRECT("'Grupo " & B41 & "'!G15"),2,FALSE)} -> 4459 | G42: {=VLOOKUP(INDIRECT("'Grupo " & B41 & "'!J20"),INDIRECT("'Grupo " & B41 & "'!B12"):INDIRECT("'Grupo " & B41 & "'!J15"),2,FALSE)} -> 4151
C43: {=VLOOKUP(INDIRECT("'Grupo " & B41 & "'!J22"),INDIRECT("'Grupo " & B41 & "'!B12"):INDIRECT("'Grupo " & B41 & "'!J15"),2,FALSE)} -> 4459 | D43: {=VLOOKUP(IF(INDIRECT("'Grupo " & B41 & "'!J22")=INDIRECT("'Grupo " & B41 & "'!C22"),INDIRECT("'Grupo " & B41 & "'!C23"),INDIRECT("'Grupo " & B41 & "'!C22")),INDIRECT("'Grupo " & B41 & "'!B12"):INDIRECT("'Grupo " & B41 & "'!G15"),2,FALSE)} -> 4027 | F43: {=VLOOKUP(IF(INDIRECT("'Grupo " & B41 & "'!J22")=INDIRECT("'Grupo " & B41 & "'!C22"),INDIRECT("'Grupo " & B41 & "'!C23"),INDIRECT("'Grupo " & B41 & "'!C22")),INDIRECT("'Grupo " & B41 & "'!B12"):INDIRECT("'Grupo " & B41 & "'!G15"),2,FALSE)} -> 4027 | G43: {=VLOOKUP(INDIRECT("'Grupo " & B41 & "'!J22"),INDIRECT("'Grupo " & B41 & "'!B12"):INDIRECT("'Grupo " & B41 & "'!J15"),2,FALSE)} -> 4459
B44: =B41+1 -> 15 | C44: {=VLOOKUP(INDIRECT("'Grupo " & B44 & "'!J18"),INDIRECT("'Grupo " & B44 & "'!B12"):INDIRECT("'Grupo " & B44 & "'!J15"),2,FALSE)} -> 4283 | D44: {=VLOOKUP(IF(INDIRECT("'Grupo " & B44 & "'!J18")=INDIRECT("'Grupo " & B44 & "'!C18"),INDIRECT("'Grupo " & B44 & "'!C19"),INDIRECT("'Grupo " & B44 & "'!C18")),INDIRECT("'Grupo " & B44 & "'!B12"):INDIRECT("'Grupo " & B44 & "'!G15"),2,FALSE)} -> 4768 | F44: {=VLOOKUP(IF(INDIRECT("'Grupo " & B44 & "'!J18")=INDIRECT("'Grupo " & B44 & "'!C18"),INDIRECT("'Grupo " & B44 & "'!C19"),INDIRECT("'Grupo " & B44 & "'!C18")),INDIRECT("'Grupo " & B44 & "'!B12"):INDIRECT("'Grupo " & B44 & "'!G15"),2,FALSE)} -> 4768 | G44: {=VLOOKUP(INDIRECT("'Grupo " & B44 & "'!J18"),INDIRECT("'Grupo " & B44 & "'!B12"):INDIRECT("'Grupo " & B44 & "'!J15"),2,FALSE)} -> 4283
C45: {=VLOOKUP(INDIRECT("'Grupo " & B44 & "'!J20"),INDIRECT("'Grupo " & B44 & "'!B12"):INDIRECT("'Grupo " & B44 & "'!J15"),2,FALSE)} -> 4175 | D45: {=VLOOKUP(IF(INDIRECT("'Grupo " & B44 & "'!J20")=INDIRECT("'Grupo " & B44 & "'!C20"),INDIRECT("'Grupo " & B44 & "'!C21"),INDIRECT("'Grupo " & B44 & "'!C20")),INDIRECT("'Grupo " & B44 & "'!B12"):INDIRECT("'Grupo " & B44 & "'!G15"),2,FALSE)} -> 4283 | F45: {=VLOOKUP(IF(INDIRECT("'Grupo " & B44 & "'!J20")=INDIRECT("'Grupo " & B44 & "'!C20"),INDIRECT("'Grupo " & B44 & "'!C21"),INDIRECT("'Grupo " & B44 & "'!C20")),INDIRECT("'Grupo " & B44 & "'!B12"):INDIRECT("'Grupo " & B44 & "'!G15"),2,FALSE)} -> 4283 | G45: {=VLOOKUP(INDIRECT("'Grupo " & B44 & "'!J20"),INDIRECT("'Grupo " & B44 & "'!B12"):INDIRECT("'Grupo " & B44 & "'!J15"),2,FALSE)} -> 4175
C46: {=VLOOKUP(INDIRECT("'Grupo " & B44 & "'!J22"),INDIRECT("'Grupo " & B44 & "'!B12"):INDIRECT("'Grupo " & B44 & "'!J15"),2,FALSE)} -> 4175 | D46: {=VLOOKUP(IF(INDIRECT("'Grupo " & B44 & "'!J22")=INDIRECT("'Grupo " & B44 & "'!C22"),INDIRECT("'Grupo " & B44 & "'!C23"),INDIRECT("'Grupo " & B44 & "'!C22")),INDIRECT("'Grupo " & B44 & "'!B12"):INDIRECT("'Grupo " & B44 & "'!G15"),2,FALSE)} -> 4768 | F46: {=VLOOKUP(IF(INDIRECT("'Grupo " & B44 & "'!J22")=INDIRECT("'Grupo " & B44 & "'!C22"),INDIRECT("'Grupo " & B44 & "'!C23"),INDIRECT("'Grupo " & B44 & "'!C22")),INDIRECT("'Grupo " & B44 & "'!B12"):INDIRECT("'Grupo " & B44 & "'!G15"),2,FALSE)} -> 4768 | G46: {=VLOOKUP(INDIRECT("'Grupo " & B44 & "'!J22"),INDIRECT("'Grupo " & B44 & "'!B12"):INDIRECT("'Grupo " & B44 & "'!J15"),2,FALSE)} -> 4175
B47: =B44+1 -> 16 | C47: {=VLOOKUP(INDIRECT("'Grupo " & B47 & "'!J18"),INDIRECT("'Grupo " & B47 & "'!B12"):INDIRECT("'Grupo " & B47 & "'!J15"),2,FALSE)} -> 4377 | D47: {=VLOOKUP(IF(INDIRECT("'Grupo " & B47 & "'!J18")=INDIRECT("'Grupo " & B47 & "'!C18"),INDIRECT("'Grupo " & B47 & "'!C19"),INDIRECT("'Grupo " & B47 & "'!C18")),INDIRECT("'Grupo " & B47 & "'!B12"):INDIRECT("'Grupo " & B47 & "'!G15"),2,FALSE)} -> 4723 | F47: {=VLOOKUP(IF(INDIRECT("'Grupo " & B47 & "'!J18")=INDIRECT("'Grupo " & B47 & "'!C18"),INDIRECT("'Grupo " & B47 & "'!C19"),INDIRECT("'Grupo " & B47 & "'!C18")),INDIRECT("'Grupo " & B47 & "'!B12"):INDIRECT("'Grupo " & B47 & "'!G15"),2,FALSE)} -> 4723 | G47: {=VLOOKUP(INDIRECT("'Grupo " & B47 & "'!J18"),INDIRECT("'Grupo " & B47 & "'!B12"):INDIRECT("'Grupo " & B47 & "'!J15"),2,FALSE)} -> 4377
C48: {=VLOOKUP(INDIRECT("'Grupo " & B47 & "'!J20"),INDIRECT("'Grupo " & B47 & "'!B12"):INDIRECT("'Grupo " & B47 & "'!J15"),2,FALSE)} -> 4296 | D48: {=VLOOKUP(IF(INDIRECT("'Grupo " & B47 & "'!J20")=INDIRECT("'Grupo " & B47 & "'!C20"),INDIRECT("'Grupo " & B47 & "'!C21"),INDIRECT("'Grupo " & B47 & "'!C20")),INDIRECT("'Grupo " & B47 & "'!B12"):INDIRECT("'Grupo " & B47 & "'!G15"),2,FALSE)} -> 4377 | F48: {=VLOOKUP(IF(INDIRECT("'Grupo " & B47 & "'!J20")=INDIRECT("'Grupo " & B47 & "'!C20"),INDIRECT("'Grupo " & B47 & "'!C21"),INDIRECT("'Grupo " & B47 & "'!C20")),INDIRECT("'Grupo " & B47 & "'!B12"):INDIRECT("'Grupo " & B47 & "'!G15"),2,FALSE)} -> 4377 | G48: {=VLOOKUP(INDIRECT("'Grupo " & B47 & "'!J20"),INDIRECT("'Grupo " & B47 & "'!B12"):INDIRECT("'Grupo " & B47 & "'!J15"),2,FALSE)} -> 4296
C49: {=VLOOKUP(INDIRECT("'Grupo " & B47 & "'!J22"),INDIRECT("'Grupo " & B47 & "'!B12"):INDIRECT("'Grupo " & B47 & "'!J15"),2,FALSE)} -> 4296 | D49: {=VLOOKUP(IF(INDIRECT("'Grupo " & B47 & "'!J22")=INDIRECT("'Grupo " & B47 & "'!C22"),INDIRECT("'Grupo " & B47 & "'!C23"),INDIRECT("'Grupo " & B47 & "'!C22")),INDIRECT("'Grupo " & B47 & "'!B12"):INDIRECT("'Grupo " & B47 & "'!G15"),2,FALSE)} -> 4723 | F49: {=VLOOKUP(IF(INDIRECT("'Grupo " & B47 & "'!J22")=INDIRECT("'Grupo " & B47 & "'!C22"),INDIRECT("'Grupo " & B47 & "'!C23"),INDIRECT("'Grupo " & B47 & "'!C22")),INDIRECT("'Grupo " & B47 & "'!B12"):INDIRECT("'Grupo " & B47 & "'!G15"),2,FALSE)} -> 4723 | G49: {=VLOOKUP(INDIRECT("'Grupo " & B47 & "'!J22"),INDIRECT("'Grupo " & B47 & "'!B12"):INDIRECT("'Grupo " & B47 & "'!J15"),2,FALSE)} -> 4296
B50: 17 | C50: {=VLOOKUP(INDIRECT("'Grupo " & B50 & "'!J18"),INDIRECT("'Grupo " & B50 & "'!B12"):INDIRECT("'Grupo " & B50 & "'!J15"),2,FALSE)} -> 4218 | D50: {=VLOOKUP(IF(INDIRECT("'Grupo " & B50 & "'!J18")=INDIRECT("'Grupo " & B50 & "'!C18"),INDIRECT("'Grupo " & B50 & "'!C19"),INDIRECT("'Grupo " & B50 & "'!C18")),INDIRECT("'Grupo " & B50 & "'!B12"):INDIRECT("'Grupo " & B50 & "'!G15"),2,FALSE)} -> 4676 | F50: {=VLOOKUP(IF(INDIRECT("'Grupo " & B50 & "'!J18")=INDIRECT("'Grupo " & B50 & "'!C18"),INDIRECT("'Grupo " & B50 & "'!C19"),INDIRECT("'Grupo " & B50 & "'!C18")),INDIRECT("'Grupo " & B50 & "'!B12"):INDIRECT("'Grupo " & B50 & "'!G15"),2,FALSE)} -> 4676 | G50: {=VLOOKUP(INDIRECT("'Grupo " & B50 & "'!J18"),INDIRECT("'Grupo " & B50 & "'!B12"):INDIRECT("'Grupo " & B50 & "'!J15"),2,FALSE)} -> 4218
C51: {=VLOOKUP(INDIRECT("'Grupo " & B50 & "'!J20"),INDIRECT("'Grupo " & B50 & "'!B12"):INDIRECT("'Grupo " & B50 & "'!J15"),2,FALSE)} -> 4215 | D51: {=VLOOKUP(IF(INDIRECT("'Grupo " & B50 & "'!J20")=INDIRECT("'Grupo " & B50 & "'!C20"),INDIRECT("'Grupo " & B50 & "'!C21"),INDIRECT("'Grupo " & B50 & "'!C20")),INDIRECT("'Grupo " & B50 & "'!B12"):INDIRECT("'Grupo " & B50 & "'!G15"),2,FALSE)} -> 4878 | F51: {=VLOOKUP(IF(INDIRECT("'Grupo " & B50 & "'!J20")=INDIRECT("'Grupo " & B50 & "'!C20"),INDIRECT("'Grupo " & B50 & "'!C21"),INDIRECT("'Grupo " & B50 & "'!C20")),INDIRECT("'Grupo " & B50 & "'!B12"):INDIRECT("'Grupo " & B50 & "'!G15"),2,FALSE)} -> 4878 | G51: {=VLOOKUP(INDIRECT("'Grupo " & B50 & "'!J20"),INDIRECT("'Grupo " & B50 & "'!B12"):INDIRECT("'Grupo " & B50 & "'!J15"),2,FALSE)} -> 4215
C52: {=VLOOKUP(INDIRECT("'Grupo " & B50 & "'!J22"),INDIRECT("'Grupo " & B50 & "'!B12"):INDIRECT("'Grupo " & B50 & "'!J15"),2,FALSE)} -> 4218 | D52: {=VLOOKUP(IF(INDIRECT("'Grupo " & B50 & "'!J22")=INDIRECT("'Grupo " & B50 & "'!C22"),INDIRECT("'Grupo " & B50 & "'!C23"),INDIRECT("'Grupo " & B50 & "'!C22")),INDIRECT("'Grupo " & B50 & "'!B12"):INDIRECT("'Grupo " & B50 & "'!G15"),2,FALSE)} -> 4215 | F52: {=VLOOKUP(IF(INDIRECT("'Grupo " & B50 & "'!J22")=INDIRECT("'Grupo " & B50 & "'!C22"),INDIRECT("'Grupo " & B50 & "'!C23"),INDIRECT("'Grupo " & B50 & "'!C22")),INDIRECT("'Grupo " & B50 & "'!B12"):INDIRECT("'Grupo " & B50 & "'!G15"),2,FALSE)} -> 4215 | G52: {=VLOOKUP(INDIRECT("'Grupo " & B50 & "'!J22"),INDIRECT("'Grupo " & B50 & "'!B12"):INDIRECT("'Grupo " & B50 & "'!J15"),2,FALSE)} -> 4218
C53: {=VLOOKUP(INDIRECT("'Grupo " & B50 & "'!J24"),INDIRECT("'Grupo " & B50 & "'!B12"):INDIRECT("'Grupo " & B50 & "'!J15"),2,FALSE)} -> 4676 | D53: {=VLOOKUP(IF(INDIRECT("'Grupo " & B50 & "'!J24")=INDIRECT("'Grupo " & B50 & "'!C24"),INDIRECT("'Grupo " & B50 & "'!C25"),INDIRECT("'Grupo " & B50 & "'!C24")),INDIRECT("'Grupo " & B50 & "'!B12"):INDIRECT("'Grupo " & B50 & "'!G15"),2,FALSE)} -> 4878 | F53: {=VLOOKUP(IF(INDIRECT("'Grupo " & B50 & "'!J24")=INDIRECT("'Grupo " & B50 & "'!C24"),INDIRECT("'Grupo " & B50 & "'!C25"),INDIRECT("'Grupo " & B50 & "'!C24")),INDIRECT("'Grupo " & B50 & "'!B12"):INDIRECT("'Grupo " & B50 & "'!G15"),2,FALSE)} -> 4878 | G53: {=VLOOKUP(INDIRECT("'Grupo " & B50 & "'!J24"),INDIRECT("'Grupo " & B50 & "'!B12"):INDIRECT("'Grupo " & B50 & "'!J15"),2,FALSE)} -> 4676
C54: {=VLOOKUP(INDIRECT("'Grupo " & B50 & "'!J26"),INDIRECT("'Grupo " & B50 & "'!B12"):INDIRECT("'Grupo " & B50 & "'!J15"),2,FALSE)} -> 4218 | D54: {=VLOOKUP(IF(INDIRECT("'Grupo " & B50 & "'!J26")=INDIRECT("'Grupo " & B50 & "'!C26"),INDIRECT("'Grupo " & B50 & "'!C27"),INDIRECT("'Grupo " & B50 & "'!C26")),INDIRECT("'Grupo " & B50 & "'!B12"):INDIRECT("'Grupo " & B50 & "'!G15"),2,FALSE)} -> 4878 | F54: {=VLOOKUP(IF(INDIRECT("'Grupo " & B50 & "'!J26")=INDIRECT("'Grupo " & B50 & "'!C26"),INDIRECT("'Grupo " & B50 & "'!C27"),INDIRECT("'Grupo " & B50 & "'!C26")),INDIRECT("'Grupo " & B50 & "'!B12"):INDIRECT("'Grupo " & B50 & "'!G15"),2,FALSE)} -> 4878 | G54: {=VLOOKUP(INDIRECT("'Grupo " & B50 & "'!J26"),INDIRECT("'Grupo " & B50 & "'!B12"):INDIRECT("'Grupo " & B50 & "'!J15"),2,FALSE)} -> 4218
C55: {=VLOOKUP(INDIRECT("'Grupo " & B50 & "'!J28"),INDIRECT("'Grupo " & B50 & "'!B12"):INDIRECT("'Grupo " & B50 & "'!J15"),2,FALSE)} -> 4676 | D55: {=VLOOKUP(IF(INDIRECT("'Grupo " & B50 & "'!J28")=INDIRECT("'Grupo " & B50 & "'!C28"),INDIRECT("'Grupo " & B50 & "'!C29"),INDIRECT("'Grupo " & B50 & "'!C28")),INDIRECT("'Grupo " & B50 & "'!B12"):INDIRECT("'Grupo " & B50 & "'!G15"),2,FALSE)} -> 4215 | F55: {=VLOOKUP(IF(INDIRECT("'Grupo " & B50 & "'!J28")=INDIRECT("'Grupo " & B50 & "'!C28"),INDIRECT("'Grupo " & B50 & "'!C29"),INDIRECT("'Grupo " & B50 & "'!C28")),INDIRECT("'Grupo " & B50 & "'!B12"):INDIRECT("'Grupo " & B50 & "'!G15"),2,FALSE)} -> 4215 | G55: {=VLOOKUP(INDIRECT("'Grupo " & B50 & "'!J28"),INDIRECT("'Grupo " & B50 & "'!B12"):INDIRECT("'Grupo " & B50 & "'!J15"),2,FALSE)} -> 4676

Sheet Ranking Final
A1: Ranking | B1: CARNE | C1: NOMBRE | D1: CLUB | E1: PUNTOS
A2: 1 | B2: 3790 | C2: FABIAN ROJAS VARELA | D2: SAN CARLOS | E2: 774
A3: 2 | B3: 4025 | C3: GABRIEL CORRALES BARRANTES | D3: ESPARZA | E3: 733
A4: 3 | B4: 3787 | C4: ISAAC RIVERA TORRES | D4: CURRIDABAT | E4: 679
A5: 4 | B5: 4297 | C5: JESÉ DAVID CHAVES MUÑOZ | D5: ESPARZA | E5: 663
A6: 5 | B6: 3988 | C6: JACKY CHENG FENG | D6: ESCAZÚ | E6: 638
A7: 6 | B7: 4026 | C7: IAN GABRIEL VILLEGAS SALAS | D7: SAN CARLOS | E7: 634
A8: 7 | B8: 4181 | C8: JUAN MARTÍN ARCE VÁSQUEZ | D8: SAN CARLOS | E8: 631
A9: 8 | B9: 3875 | C9: CALEB CASCANTE MARIN | D9: ESCAZÚ | E9: 619
A10: 8 | B10: 4177 | C10: RODOLFO ALBERTO CHAVES LEON | D10: ESPARZA | E10: 619
A11: 10 | B11: 4679 | C11: TOMAS IGNACIO UGALDE HERNANDEZ | D11: CCDR SAN JOSÉ | E11: 612
A12: 11 | B12: 5005 | C12: ADRIAN ARTAVIA MORALES | D12: MONTES DE OCA | E12: 593
A13: 12 | B13: 4151 | C13: ISAAC DAVID CASTRO DÍAZ | D13: SAN CARLOS | E13: 583
... A207: 68 | B207: 4469 | C207: Luis Daniel Quiros Alvarado | D207: A | E207: 420

Sheet Inscripciones
B1: Ranking Nacional
B2: U13 MASCULINO
B4: CARNÉ | C4: NOMBRE | D4: CLUB | E4: RANKING | F4: PUNTOS | G4: Grupo
A5: =G5+0.1 -> 1.1 | B5: 3790 | C5: FABIAN ROJAS VARELA | D5: SAN CARLOS | E5: 1 | F5: 712 | G5: 1
A6: =G6+0.2 -> 1.2 | B6: 4050 | C6: FABIÁN OBANDO VARGAS | D6: ALAJUELA | E6: 38 | F6: 489 | G6: 1
A7: =G7+0.3 -> 1.3 | B7: 4606 | C7: LUCA JIMÉNEZ CHAVES | D7: ESCAZÚ | E7: 41 | F7: 483 | G7: 1
A8: =G8+0.1 -> 2.1 | B8: 4025 | C8: GABRIEL CORRALES BARRANTES | D8: ESPARZA | E8: 2 | F8: 698 | G8: 2
A9: =G9+0.2 -> 2.2 | B9: 4778 | C9: JOSE PABLO DELGADO FERNANDEZ | D9: SAN CARLOS | E9: 39 | F9: 488 | G9: 2
A10: =G10+0.3 -> 2.3 | B10: 4825 | C10: SANTIAGO MELENDEZ MONTERO | D10: PÉREZ ZELEDÓN | E10: 42 | F10: 483 | G10: 2
A11: =G11+0.1 -> 3.1 | B11: 3787 | C11: ISAAC RIVERA TORRES | D11: CURRIDABAT | E11: 3 | F11: 624 | G11: 3
A12: =G12+0.2 -> 3.2 | B12: 4465 | C12: JULIÁN ZUÑIGA AGÜERO | D12: ESPARZA | E12: 36 | F12: 492 | G12: 3
A13: =G13+0.3 -> 3.3 | B13: 4740 | C13: TOMÁS AGUILAR JIMÉNEZ | D13: SANTA ANA | E13: 43 | F13: 474 | G13: 3
A14: =G14+0.1 -> 4.1 | B14: 4297 | C14: JESÉ DAVID CHAVES MUÑOZ | D14: ESPARZA | E14: 4 | F14: 619 | G14: 4
A15: =G15+0.2 -> 4.2 | B15: 4706 | C15: ISAAC RÍOS FERNÁNDEZ | D15: CCDR SAN JOSÉ | E15: 35 | F15: 492 | G15: 4
A16: =G16+0.3 -> 4.3 | B16: 4726 | C16: DIEGO WU WU | D16: ESCAZÚ | E16: 44 | F16: 473 | G16: 4
A17: =G17+0.1 -> 5.1 | B17: 4026 | C17: IAN GABRIEL VILLEGAS SALAS | D17: SAN CARLOS | E17: 5 | F17: 617 | G17: 5
A18: =G18+0.2 -> 5.2 | B18: 3987 | C18: JOSÉ DANIEL FERNÁNDEZ HERRERA | D18: ESCAZÚ | E18: 34 | F18: 494 | G18: 5
A19: =G19+0.3 -> 5.3 | B19: 4547 | C19: LEONARDO COTO RAMIREZ | D19: GUARCO | E19: 45 | F19: 473 | G19: 5
A20: =G20+0.1 -> 6.1 | B20: 4181 | C20: JUAN MARTÍN ARCE VÁSQUEZ | D20: SAN CARLOS | E20: 6 | F20: 612 | G20: 6
A21: =G21+0.2 -> 6.2 | B21: 4121 | C21: ANDRÉS CHACÓN ALTAMIRANO | D21: CURRIDABAT | E21: 32 | F21: 498 | G21: 6
A22: =G22+0.3 -> 6.3 | B22: 4686 | C22: SANTHIAGO SOTO BNADO | D22: ESCAZÚ | E22: 49 | F22: 463 | G22: 6
A23: =G23+0.1 -> 7.1 | B23: 3988 | C23: JACKY CHENG FENG | D23: ESCAZÚ | E23: 7 | F23: 606 | G23: 7
A24: =G24+0.2 -> 7.2 | B24: 4437 | C24: MATHIAS HAY GRANADOS | D24: CORREDORES | E24: 31 | F24: 502 | G24: 7
A25: =G25+0.3 -> 7.3 | B25: 4607 | C25: IGNACIO CABEZAS ROJAS | D25: ALAJUELA | E25: 46 | F25: 471 | G25: 7
A26: =G26+0.1 -> 8.1 | B26: 3875 | C26: CALEB CASCANTE MARIN | D26: ESCAZÚ | E26: 8 | F26: 585 | G26: 8
A27: =G27+0.2 -> 8.2 | B27: 4353 | C27: IVAN ANDRÉS RODRÍGUEZ DURÁN | D27: SAN CARLOS | E27: 27 | F27: 514 | G27: 8
A28: =G28+0.3 -> 8.3 | B28: 4180 | C28: ESTEBAN CHAVES GALLO | D28: CORREDORES | E28: 50 | F28: 463 | G28: 8
A29: =G29+0.1 -> 9.1 | B29: 4177 | C29: RODOLFO ALBERTO CHAVES LEON | D29: ESPARZA | E29: 9 | F29: 583 | G29: 9
A30: =G30+0.2 -> 9.2 | B30: 4122 | C30: BRYAN ALVAREZ SOLIS | D30: ESCAZÚ | E30: 30 | F30: 503 | G30: 9
A31: =G31+0.3 -> 9.3 | B31: 4857 | C31: SEBASTIAN VARGAS ZAMORA | D31: SAN CARLOS | E31: 51 | F31: 462 | G31: 9
A32: =G32+0.1 -> 10.1 | B32: 5005 | C32: ADRIAN ARTAVIA MORALES | D32: MONTES DE OCA | E32: 10 | F32: 578 | G32: 10
A33: =G33+0.2 -> 10.2 | B33: 4381 | C33: ALEJANDRO PADILLA SOLERA | D33: ESCAZÚ | E33: 26 | F33: 515 | G33: 10
A34: =G34+0.3 -> 10.3 | B34: 4859 | C34: ISAAC MATHÍAS ROJAS SOLANO | D34: ASERRÍ | E34: 52 | F34: 462 | G34: 10
A35: =G35+0.1 -> 11.1 | B35: 4679 | C35: TOMAS IGNACIO UGALDE HERNANDEZ | D35: CCDR SAN JOSÉ | E35: 11 | F35: 574 | G35: 11
A36: =G36+0.2 -> 11.2 | B36: 4293 | C36: MIKEL MORA JIMÉNEZ | D36: ESPARZA | E36: 25 | F36: 516 | G36: 11
A37: =G37+0.3 -> 11.3 | B37: 4312 | C37: BRANDON VENEGAS MURILLO | D37: ESCAZÚ | E37: 53 | F37: 462 | G37: 11
A38: =G38+0.1 -> 12.1 | B38: 4325 | C38: BENJAMIN CALDERON CECILIANO | D38: CURRIDABAT | E38: 12 | F38: 565 | G38: 12
A39: =G39+0.2 -> 12.2 | B39: 4351 | C39: DANIEL GARRO OBALDÍA | D39: SANTA ANA | E39: 21 | F39: 535 | G39: 12
A40: =G40+0.3 -> 12.3 | B40: 4702 | C40: FABIAN JOSUÉ CISNEROS VARGAS | D40: ESPARZA | E40: 54 | F40: 462 | G40: 12
A41: =G41+0.1 -> 13.1 | B41: 4458 | C41: MATHIAS QUESADA CASTILLO | D41: ESPARZA | E41: 13 | F41: 563 | G41: 13
A42: =G42+0.2 -> 13.2 | B42: 4227 | C42: ISAAC GUTIERREZ CHACON | D42: CCDR SANTA CRUZ | E42: 19 | F42: 539 | G42: 13
A43: =G43+0.3 -> 13.3 | B43: 4829 | C43: EMILIANO SOLIS FUMERO | D43: CCDR SAN JOSÉ | E43: 55 | F43: 461 | G43: 13
A44: =G44+0.1 -> 14.1 | B44: 4151 | C44: ISAAC DAVID CASTRO DÍAZ | D44: SAN CARLOS | E44: 14 | F44: 558 | G44: 14
A45: =G45+0.2 -> 14.2 | B45: 4459 | C45: SAÚL JESÉ OROZCO REYES | D45: ESPARZA | E45: 24 | F45: 516 | G45: 14
A46: =G46+0.3 -> 14.3 | B46: 4027 | C46: MATIAS VALVERDE CHINCHILLA | D46: SANTO DOMINGO | E46: 56 | F46: 461 | G46: 14
A47: =G47+0.1 -> 15.1 | B47: 4283 | C47: ISAAC CHACÓN RETANA | D47: SAN CARLOS | E47: 15 | F47: 557 | G47: 15
A48: =G48+0.2 -> 15.2 | B48: 4175 | C48: BENJAMÍN QUIRÓS BALTODANO | D48: ESPARZA | E48: 22 | F48: 531 | G48: 15
A49: =G49+0.3 -> 15.3 | B49: 4768 | C49: SANTIAGO LOPEZ | D49: GUARCO | E49: 61 | F49: 452 | G49: 15
A50: =G50+0.1 -> 16.1 | B50: 4377 | C50: AARON RAMIREZ LEON | D50: ESCAZÚ | E50: 16 | F50: 552 | G50: 16
A51: =G51+0.2 -> 16.2 | B51: 4296 | C51: SAÚL EMIR PÉREZ MEDINA | D51: ESPARZA | E51: 18 | F51: 544 | G51: 16
A52: =G52+0.3 -> 16.3 | B52: 4723 | C52: FABIAN LOPEZ GIANOLI | D52: ALAJUELA | E52: 64 | F52: 447 | G52: 16
A53: =G53+0.1 -> 17.1 | B53: 4218 | C53: JULIÁN ESPINOZA CHAVEZ | D53: ESPARZA | E53: 17 | F53: 552 | G53: 17
A54: =G54+0.2 -> 17.2 | B54: 4215 | C54: TOBÍAS BOGARIN CUADRA | D54: CURRIDABAT | E54: 19 | F54: 539 | G54: 17
A55: =G55+0.3 -> 17.3 | B55: 4676 | C55: SAMUEL GUARDADO ROJAS | D55: SAN CARLOS | E55: 66 | F55: 440 | G55: 17
A56: =G56+0.4 -> 17.4 | B56: 4878 | C56: ALEJANDRO CASTRO MORA | D56: ASERRÍ | E56: 67 | F56: 435 | G56: 17
A57: =G57+0.2 -> 0.2
A58: =G58+0.3 -> 0.3
A59: =G59+0.1 -> 0.1
A60: =G60+0.2 -> 0.2
A61: =G61+0.3 -> 0.3
A62: =G62+0.1 -> 0.1
A63: =G63+0.2 -> 0.2
A64: =G64+0.3 -> 0.3
A65: =G65+0.1 -> 0.1
A66: =G66+0.2 -> 0.2
A67: =G67+0.3 -> 0.3
A68: =G68+0.1 -> 0.1
A69: =G69+0.2 -> 0.2
A70: =G70+0.3 -> 0.3
A71: =G71+0.1 -> 0.1
A72: =G72+0.2 -> 0.2
A73: =G73+0.3 -> 0.3
A74: =G74+0.1 -> 0.1
A75: =G75+0.2 -> 0.2
A76: =G76+0.3 -> 0.3
A77: =G77+0.1 -> 0.1
A78: =G78+0.2 -> 0.2
A79: =G79+0.3 -> 0.3
A80: =G80+0.1 -> 0.1
A81: =G81+0.2 -> 0.2
A82: =G82+0.3 -> 0.3
A83: =G83+0.1 -> 0.1
A84: =G84+0.2 -> 0.2
A85: =G85+0.3 -> 0.3
A86: =G86+0.1 -> 0.1
A87: =G87+0.2 -> 0.2
A88: =G88+0.3 -> 0.3
A89: =G89+0.1 -> 0.1
A90: =G90+0.2 -> 0.2
A91: =G91+0.3 -> 0.3
A92: =G92+0.4 -> 0.4
A93: =G93+0.1 -> 0.1
A94: =G94+0.2 -> 0.2
A95: =G95+0.3 -> 0.3
A96: =G96+0.4 -> 0.4
A97: =G97+0.3 -> 0.3 | B97: X | C97: BYE | D97: BYE
A98: =G98+0.1 -> 0.1
A99: =G99+0.2 -> 0.2
A100: =G100+0.3 -> 0.3
A101: =G101+0.1 -> 0.1
...

Sheet Grupo 1
B2: #VALUE!
L5: En Caso de ocupar 3 de 5, mostrar columnas H - I En caso de 2 de 2, ocultarlas.
G7: Fecha: | J7: =TODAY() -> 46288
B9: Categoría | D9: =Inscripciones!B2 -> U13 MASCULINO | E9: Grupo nº | F9: 1 | G9: Mesa nº
B11: Orden | C11: Carné | D11: Jugadores | E11: Lugar | F11: Ranking | G11: Puntos
A12: =F9+0.1 -> 1.1 | B12: 1 | C12: =VLOOKUP(A12,Inscripciones!A5:G167,2,FALSE) -> 3790 | D12: =IF(ISBLANK(C12),"",VLOOKUP(C12,Inscripciones!$B$5:$F$200,2,FALSE)) -> FABIAN ROJAS VARELA | E12: =IF(ISBLANK(C12),"",VLOOKUP(C12,Inscripciones!$B$5:$F$200,3,FALSE)) -> SAN CARLOS | F12: =IF(ISBLANK(C12),"",VLOOKUP(C12,Inscripciones!$B$5:$F$200,4,FALSE)) -> 1 | G12: =IF(ISBLANK(C12),"",VLOOKUP(C12,Inscripciones!$B$5:$F$200,5,FALSE)) -> 712 | J12: =IF(ISBLANK(J11)," ",(E18+F18+G18+E20+F20+G20+H18+I18+H20+I20)/(E19+F19+G19+E21+F21+G21+H19+I19+H21+I21))
A13: =F9+0.2 -> 1.2 | B13: 2 | C13: =VLOOKUP(A13,Inscripciones!A5:G168,2,FALSE) -> 4050 | D13: =IF(ISBLANK(C13),"",VLOOKUP(C13,Inscripciones!$B$5:$F$200,2,FALSE)) -> FABIÁN OBANDO VARGAS | E13: =IF(ISBLANK(C13),"",VLOOKUP(C13,Inscripciones!$B$5:$F$200,3,FALSE)) -> ALAJUELA | F13: =IF(ISBLANK(C13),"",VLOOKUP(C13,Inscripciones!$B$5:$F$200,4,FALSE)) -> 38 | G13: =IF(ISBLANK(C13),"",VLOOKUP(C13,Inscripciones!$B$5:$F$200,5,FALSE)) -> 489 | J13: =IF(ISBLANK(J11)," ",(E21+F21+G21+E22+F22+G22+H21+I21+H22+I22)/(E20+F20+G20+E23+F23+G23+H20+I20+H23+I23))
A14: =+F9+0.3 -> 1.3 | B14: 3 | C14: =VLOOKUP(A14,Inscripciones!A6:G169,2,FALSE) -> 4606 | D14: =IF(ISBLANK(C14),"",VLOOKUP(C14,Inscripciones!$B$7:$F$200,2,FALSE)) -> LUCA JIMÉNEZ CHAVES | E14: =IF(ISBLANK(C14),"",VLOOKUP(C14,Inscripciones!$B$7:$F$200,3,FALSE)) -> ESCAZÚ | F14: =IF(ISBLANK(C14),"",VLOOKUP(C14,Inscripciones!$B$7:$F$200,4,FALSE)) -> 41 | G14: =IF(ISBLANK(C14),"",VLOOKUP(C14,Inscripciones!$B$7:$F$200,5,FALSE)) -> 483 | J14: =IF(ISBLANK(J11)," ",(E19+F19+G19+E23+F23+G23+H19+I19+H23+I23)/(E18+F18+G18+E22+F22+G22+H18+I18+H22+I22))
B17: Partida | D17: JUGADOR | E17: 1º set | F17: 2º set | G17: 3º set | H17: 4º set | I17: 5º set | J17: Ganador
B18: 1 | C18: 1 | D18: =D12 -> FABIAN ROJAS VARELA | E18: 11 | F18: 11 | J18: {=IF(AND(TRIM(E18)="WO",TRIM(E19)="WO"),"",IF(TRIM(E19)="WO",C18,IF(TRIM(E18)="WO",C19,IF(SUMPRODUCT(--(E18:I18>E19:I19))>SUMPRODUCT(--(E19:I19>E18:I18)),C18,IF(SUMPRODUCT(--(E19:I19>E18:I18))>SUMPRODUCT(--(E18:I18>E19:I19)),C19,"")))))} -> 1
C19: 3 | D19: =D14 -> LUCA JIMÉNEZ CHAVES | E19: 2 | F19: 2
B20: 2 | C20: 1 | D20: =D12 -> FABIAN ROJAS VARELA | E20: 11 | F20: 11 | J20: {=IF(AND(TRIM(E20)="WO",TRIM(E21)="WO"),"",IF(TRIM(E21)="WO",C20,IF(TRIM(E20)="WO",C21,IF(SUMPRODUCT(--(E20:I20>E21:I21))>SUMPRODUCT(--(E21:I21>E20:I20)),C20,IF(SUMPRODUCT(--(E21:I21>E20:I20))>SUMPRODUCT(--(E20:I20>E21:I21)),C21,"")))))} -> 1
C21: 2 | D21: =D13 -> FABIÁN OBANDO VARGAS | E21: 6 | F21: 6
B22: 3 | C22: 2 | D22: =D13 -> FABIÁN OBANDO VARGAS | E22: 11 | F22: 11 | G22: 10 | J22: {=IF(AND(TRIM(E22)="WO",TRIM(E23)="WO"),"",IF(TRIM(E23)="WO",C22,IF(TRIM(E22)="WO",C23,IF(SUMPRODUCT(--(E22:I22>E23:I23))>SUMPRODUCT(--(E23:I23>E22:I22)),C22,IF(SUMPRODUCT(--(E23:I23>E22:I22))>SUMPRODUCT(--(E22:I22>E23:I23)),C23,"")))))} -> 3
C23: 3 | D23: =D14 -> LUCA JIMÉNEZ CHAVES | E23: 2 | F23: 13 | G23: 12
C32: Clasificados (# de carne) | F32: Revisión de Camisas y Raquetas
C33: Carnet | D33: Nombre | F33: Revisión de nombres y resultados
C34: 3790 | D34: =IF(ISBLANK(C34),"",VLOOKUP(C34,Inscripciones!$B$5:$F$200,2,FALSE)) -> FABIAN ROJAS VARELA | F34: Árbitro
C35: 4606 | D35: =IF(ISBLANK(C35),"",VLOOKUP(C35,Inscripciones!$B$5:$F$200,2,FALSE)) -> LUCA JIMÉNEZ CHAVES | F35: Marque si hay informe

Sheet Grupo 2
B2: #VALUE!
L5: En Caso de ocupar 3 de 5, mostrar columnas H - I En caso de 2 de 2, ocultarlas.
G7: Fecha: | J7: =TODAY() -> 46288
B9: Categoría | D9: =Inscripciones!B2 -> U13 MASCULINO | E9: Grupo nº | F9: 2 | G9: Mesa nº
B11: Orden | C11: Carné | D11: Jugadores | E11: Lugar | F11: Ranking | G11: Puntos
A12: =F9+0.1 -> 2.1 | B12: 1 | C12: =VLOOKUP(A12,Inscripciones!A5:G167,2,FALSE) -> 4025 | D12: =IF(ISBLANK(C12),"",VLOOKUP(C12,Inscripciones!$B$5:$F$200,2,FALSE)) -> GABRIEL CORRALES BARRANTES | E12: =IF(ISBLANK(C12),"",VLOOKUP(C12,Inscripciones!$B$5:$F$200,3,FALSE)) -> ESPARZA | F12: =IF(ISBLANK(C12),"",VLOOKUP(C12,Inscripciones!$B$5:$F$200,4,FALSE)) -> 2 | G12: =IF(ISBLANK(C12),"",VLOOKUP(C12,Inscripciones!$B$5:$F$200,5,FALSE)) -> 698 | J12: =IF(ISBLANK(J11)," ",(E18+F18+G18+E20+F20+G20+H18+I18+H20+I20)/(E19+F19+G19+E21+F21+G21+H19+I19+H21+I21))
A13: =F9+0.2 -> 2.2 | B13: 2 | C13: =VLOOKUP(A13,Inscripciones!A5:G168,2,FALSE) -> 4778 | D13: =IF(ISBLANK(C13),"",VLOOKUP(C13,Inscripciones!$B$5:$F$200,2,FALSE)) -> JOSE PABLO DELGADO FERNANDEZ | E13: =IF(ISBLANK(C13),"",VLOOKUP(C13,Inscripciones!$B$5:$F$200,3,FALSE)) -> SAN CARLOS | F13: =IF(ISBLANK(C13),"",VLOOKUP(C13,Inscripciones!$B$5:$F$200,4,FALSE)) -> 39 | G13: =IF(ISBLANK(C13),"",VLOOKUP(C13,Inscripciones!$B$5:$F$200,5,FALSE)) -> 488 | J13: =IF(ISBLANK(J11)," ",(E21+F21+G21+E22+F22+G22+H21+I21+H22+I22)/(E20+F20+G20+E23+F23+G23+H20+I20+H23+I23))
A14: =+F9+0.3 -> 2.3 | B14: 3 | C14: =VLOOKUP(A14,Inscripciones!A6:G169,2,FALSE) -> 4825 | D14: =IF(ISBLANK(C14),"",VLOOKUP(C14,Inscripciones!$B$7:$F$200,2,FALSE)) -> SANTIAGO MELENDEZ MONTERO | E14: =IF(ISBLANK(C14),"",VLOOKUP(C14,Inscripciones!$B$7:$F$200,3,FALSE)) -> PÉREZ ZELEDÓN | F14: =IF(ISBLANK(C14),"",VLOOKUP(C14,Inscripciones!$B$7:$F$200,4,FALSE)) -> 42 | G14: =IF(ISBLANK(C14),"",VLOOKUP(C14,Inscripciones!$B$7:$F$200,5,FALSE)) -> 483 | J14: =IF(ISBLANK(J11)," ",(E19+F19+G19+E23+F23+G23+H19+I19+H23+I23)/(E18+F18+G18+E22+F22+G22+H18+I18+H22+I22))
B17: Partida | D17: JUGADOR | E17: 1º set | F17: 2º set | G17: 3º set | H17: 4º set | I17: 5º set | J17: Ganador
B18: 1 | C18: 1 | D18: =D12 -> GABRIEL CORRALES BARRANTES | E18: 11 | F18: 11 | J18: {=IF(AND(TRIM(E18)="WO",TRIM(E19)="WO"),"",IF(TRIM(E19)="WO",C18,IF(TRIM(E18)="WO",C19,IF(SUMPRODUCT(--(E18:I18>E19:I19))>SUMPRODUCT(--(E19:I19>E18:I18)),C18,IF(SUMPRODUCT(--(E19:I19>E18:I18))>SUMPRODUCT(--(E18:I18>E19:I19)),C19,"")))))} -> 1
C19: 3 | D19: =D14 -> SANTIAGO MELENDEZ MONTERO | E19: 5 | F19: 2
B20: 2 | C20: 1 | D20: =D12 -> GABRIEL CORRALES BARRANTES | E20: 11 | F20: 11 | J20: {=IF(AND(TRIM(E20)="WO",TRIM(E21)="WO"),"",IF(TRIM(E21)="WO",C20,IF(TRIM(E20)="WO",C21,IF(SUMPRODUCT(--(E20:I20>E21:I21))>SUMPRODUCT(--(E21:I21>E20:I20)),C20,IF(SUMPRODUCT(--(E21:I21>E20:I20))>SUMPRODUCT(--(E20:I20>E21:I21)),C21,"")))))} -> 1
C21: 2 | D21: =D13 -> JOSE PABLO DELGADO FERNANDEZ | E21: 1 | F21: 5
B22: 3 | C22: 2 | D22: =D13 -> JOSE PABLO DELGADO FERNANDEZ | E22: 1 | F22: 11 | G22: 6 | J22: {=IF(AND(TRIM(E22)="WO",TRIM(E23)="WO"),"",IF(TRIM(E23)="WO",C22,IF(TRIM(E22)="WO",C23,IF(SUMPRODUCT(--(E22:I22>E23:I23))>SUMPRODUCT(--(E23:I23>E22:I22)),C22,IF(SUMPRODUCT(--(E23:I23>E22:I22))>SUMPRODUCT(--(E22:I22>E23:I23)),C23,"")))))} -> 3
C23: 3 | D23: =D14 -> SANTIAGO MELENDEZ MONTERO | E23: 11 | F23: 3 | G23: 11
C32: Clasificados (# de carne) | F32: Revisión de Camisas y Raquetas
C33: Carnet | D33: Nombre | F33: Revisión de nombres y resultados
C34: 4025 | D34: =IF(ISBLANK(C34),"",VLOOKUP(C34,Inscripciones!$B$5:$F$200,2,FALSE)) -> GABRIEL CORRALES BARRANTES | F34: Árbitro
C35: 4825 | D35: =IF(ISBLANK(C35),"",VLOOKUP(C35,Inscripciones!$B$5:$F$200,2,FALSE)) -> SANTIAGO MELENDEZ MONTERO | F35: Marque si hay informe

Sheet Grupo 3
B2: #VALUE!
L5: En Caso de ocupar 3 de 5, mostrar columnas H - I En caso de 2 de 2, ocultarlas.
G7: Fecha: | J7: =TODAY() -> 46288
B9: Categoría | D9: =Inscripciones!B2 -> U13 MASCULINO | E9: Grupo nº | F9: 3 | G9: Mesa nº
B11: Orden | C11: Carné | D11: Jugadores | E11: Lugar | F11: Ranking | G11: Puntos
A12: =F9+0.1 -> 3.1 | B12: 1 | C12: =VLOOKUP(A12,Inscripciones!A5:G167,2,FALSE) -> 3787 | D12: =IF(ISBLANK(C12),"",VLOOKUP(C12,Inscripciones!$B$5:$F$200,2,FALSE)) -> ISAAC RIVERA TORRES | E12: =IF(ISBLANK(C12),"",VLOOKUP(C12,Inscripciones!$B$5:$F$200,3,FALSE)) -> CURRIDABAT | F12: =IF(ISBLANK(C12),"",VLOOKUP(C12,Inscripciones!$B$5:$F$200,4,FALSE)) -> 3 | G12: =IF(ISBLANK(C12),"",VLOOKUP(C12,Inscripciones!$B$5:$F$200,5,FALSE)) -> 624 | J12: =IF(ISBLANK(J11)," ",(E18+F18+G18+E20+F20+G20+H18+I18+H20+I20)/(E19+F19+G19+E21+F21+G21+H19+I19+H21+I21))
A13: =F9+0.2 -> 3.2 | B13: 2 | C13: =VLOOKUP(A13,Inscripciones!A5:G168,2,FALSE) -> 4465 | D13: =IF(ISBLANK(C13),"",VLOOKUP(C13,Inscripciones!$B$5:$F$200,2,FALSE)) -> JULIÁN ZUÑIGA AGÜERO | E13: =IF(ISBLANK(C13),"",VLOOKUP(C13,Inscripciones!$B$5:$F$200,3,FALSE)) -> ESPARZA | F13: =IF(ISBLANK(C13),"",VLOOKUP(C13,Inscripciones!$B$5:$F$200,4,FALSE)) -> 36 | G13: =IF(ISBLANK(C13),"",VLOOKUP(C13,Inscripciones!$B$5:$F$200,5,FALSE)) -> 492 | J13: =IF(ISBLANK(J11)," ",(E21+F21+G21+E22+F22+G22+H21+I21+H22+I22)/(E20+F20+G20+E23+F23+G23+H20+I20+H23+I23))
A14: =+F9+0.3 -> 3.3 | B14: 3 | C14: =VLOOKUP(A14,Inscripciones!A6:G169,2,FALSE) -> 4740 | D14: =IF(ISBLANK(C14),"",VLOOKUP(C14,Inscripciones!$B$7:$F$200,2,FALSE)) -> TOMÁS AGUILAR JIMÉNEZ | E14: =IF(ISBLANK(C14),"",VLOOKUP(C14,Inscripciones!$B$7:$F$200,3,FALSE)) -> SANTA ANA | F14: =IF(ISBLANK(C14),"",VLOOKUP(C14,Inscripciones!$B$7:$F$200,4,FALSE)) -> 43 | G14: =IF(ISBLANK(C14),"",VLOOKUP(C14,Inscripciones!$B$7:$F$200,5,FALSE)) -> 474 | J14: =IF(ISBLANK(J11)," ",(E19+F19+G19+E23+F23+G23+H19+I19+H23+I23)/(E18+F18+G18+E22+F22+G22+H18+I18+H22+I22))
B17: Partida | D17: JUGADOR | E17: 1º set | F17: 2º set | G17: 3º set | H17: 4º set | I17: 5º set | J17: Ganador
B18: 1 | C18: 1 | D18: =D12 -> ISAAC RIVERA TORRES | E18: 11 | F18: 11 | J18: 1
C19: 3 | D19: =D14 -> TOMÁS AGUILAR JIMÉNEZ | E19: 2 | F19: 2
B20: 2 | C20: 1 | D20: =D12 -> ISAAC RIVERA TORRES | E20: 11 | F20: 11 | J20: 1
C21: 2 | D21: =D13 -> JULIÁN ZUÑIGA AGÜERO | E21: 7 | F21: 7
B22: 3 | C22: 2 | D22: =D13 -> JULIÁN ZUÑIGA AGÜERO | E22: 11 | F22: 11 | J22: 2
C23: 3 | D23: =D14 -> TOMÁS AGUILAR JIMÉNEZ | E23: 4 | F23: 7
C32: Clasificados (# de carne) | F32: Revisión de Camisas y Raquetas
C33: Carnet | D33: Nombre | F33: Revisión de nombres y resultados
C34: 3787 | D34: =IF(ISBLANK(C34),"",VLOOKUP(C34,Inscripciones!$B$5:$F$200,2,FALSE)) -> ISAAC RIVERA TORRES | F34: Árbitro
C35: 4465 | D35: =IF(ISBLANK(C35),"",VLOOKUP(C35,Inscripciones!$B$5:$F$200,2,FALSE)) -> JULIÁN ZUÑIGA AGÜERO | F35: Marque si hay informe

Sheet Grupo 4
B2: #VALUE!
L5: En Caso de ocupar 3 de 5, mostrar columnas H - I En caso de 2 de 2, ocultarlas.
G7: Fecha: | J7: =TODAY() -> 46288
B9: Categoría | D9: =Inscripciones!B2 -> U13 MASCULINO | E9: Grupo nº | F9: 4 | G9: Mesa nº
B11: Orden | C11: Carné | D11: Jugadores | E11: Lugar | F11: Ranking | G11: Puntos
A12: =F9+0.1 -> 4.1 | B12: 1 | C12: =VLOOKUP(A12,Inscripciones!A5:G167,2,FALSE) -> 4297 | D12: =IF(ISBLANK(C12),"",VLOOKUP(C12,Inscripciones!$B$5:$F$200,2,FALSE)) -> JESÉ DAVID CHAVES MUÑOZ | E12: =IF(ISBLANK(C12),"",VLOOKUP(C12,Inscripciones!$B$5:$F$200,3,FALSE)) -> ESPARZA | F12: =IF(ISBLANK(C12),"",VLOOKUP(C12,Inscripciones!$B$5:$F$200,4,FALSE)) -> 4 | G12: =IF(ISBLANK(C12),"",VLOOKUP(C12,Inscripciones!$B$5:$F$200,5,FALSE)) -> 619 | J12: =IF(ISBLANK(J11)," ",(E18+F18+G18+E20+F20+G20+H18+I18+H20+I20)/(E19+F19+G19+E21+F21+G21+H19+I19+H21+I21))
A13: =F9+0.2 -> 4.2 | B13: 2 | C13: =VLOOKUP(A13,Inscripciones!A5:G168,2,FALSE) -> 4706 | D13: =IF(ISBLANK(C13),"",VLOOKUP(C13,Inscripciones!$B$5:$F$200,2,FALSE)) -> ISAAC RÍOS FERNÁNDEZ | E13: =IF(ISBLANK(C13),"",VLOOKUP(C13,Inscripciones!$B$5:$F$200,3,FALSE)) -> CCDR SAN JOSÉ | F13: =IF(ISBLANK(C13),"",VLOOKUP(C13,Inscripciones!$B$5:$F$200,4,FALSE)) -> 35 | G13: =IF(ISBLANK(C13),"",VLOOKUP(C13,Inscripciones!$B$5:$F$200,5,FALSE)) -> 492 | J13: =IF(ISBLANK(J11)," ",(E21+F21+G21+E22+F22+G22+H21+I21+H22+I22)/(E20+F20+G20+E23+F23+G23+H20+I20+H23+I23))
A14: =+F9+0.3 -> 4.3 | B14: 3 | C14: =VLOOKUP(A14,Inscripciones!A6:G169,2,FALSE) -> 4726 | D14: =IF(ISBLANK(C14),"",VLOOKUP(C14,Inscripciones!$B$7:$F$200,2,FALSE)) -> DIEGO WU WU | E14: =IF(ISBLANK(C14),"",VLOOKUP(C14,Inscripciones!$B$7:$F$200,3,FALSE)) -> ESCAZÚ | F14: =IF(ISBLANK(C14),"",VLOOKUP(C14,Inscripciones!$B$7:$F$200,4,FALSE)) -> 44 | G14: =IF(ISBLANK(C14),"",VLOOKUP(C14,Inscripciones!$B$7:$F$200,5,FALSE)) -> 473 | J14: =IF(ISBLANK(J11)," ",(E19+F19+G19+E23+F23+G23+H19+I19+H23+I23)/(E18+F18+G18+E22+F22+G22+H18+I18+H22+I22))
B17: Partida | D17: JUGADOR | E17: 1º set | F17: 2º set | G17: 3º set | H17: 4º set | I17: 5º set | J17: Ganador
B18: 1 | C18: 1 | D18: =D12 -> JESÉ DAVID CHAVES MUÑOZ | E18: 11 | F18: 11 | J18: {=IF(AND(TRIM(E18)="WO",TRIM(E19)="WO"),"",IF(TRIM(E19)="WO",C18,IF(TRIM(E18)="WO",C19,IF(SUMPRODUCT(--(E18:I18>E19:I19))>SUMPRODUCT(--(E19:I19>E18:I18)),C18,IF(SUMPRODUCT(--(E19:I19>E18:I18))>SUMPRODUCT(--(E18:I18>E19:I19)),C19,"")))))} -> 1
C19: 3 | D19: =D14 -> DIEGO WU WU | E19: 5 | F19: 5
B20: 2 | C20: 1 | D20: =D12 -> JESÉ DAVID CHAVES MUÑOZ | E20: 11 | F20: 11 | J20: {=IF(AND(TRIM(E20)="WO",TRIM(E21)="WO"),"",IF(TRIM(E21)="WO",C20,IF(TRIM(E20)="WO",C21,IF(SUMPRODUCT(--(E20:I20>E21:I21))>SUMPRODUCT(--(E21:I21>E20:I20)),C20,IF(SUMPRODUCT(--(E21:I21>E20:I20))>SUMPRODUCT(--(E20:I20>E21:I21)),C21,"")))))} -> 1
C21: 2 | D21: =D13 -> ISAAC RÍOS FERNÁNDEZ | E21: 7 | F21: 2
B22: 3 | C22: 2 | D22: =D13 -> ISAAC RÍOS FERNÁNDEZ | E22: 11 | F22: 11 | J22: {=IF(AND(TRIM(E22)="WO",TRIM(E23)="WO"),"",IF(TRIM(E23)="WO",C22,IF(TRIM(E22)="WO",C23,IF(SUMPRODUCT(--(E22:I22>E23:I23))>SUMPRODUCT(--(E23:I23>E22:I22)),C22,IF(SUMPRODUCT(--(E23:I23>E22:I22))>SUMPRODUCT(--(E22:I22>E23:I23)),C23,"")))))} -> 2
C23: 3 | D23: =D14 -> DIEGO WU WU | E23: 6 | F23: 4
C32: Clasificados (# de carne) | F32: Revisión de Camisas y Raquetas
C33: Carnet | D33: Nombre | F33: Revisión de nombres y resultados
C34: 4297 | D34: =IF(ISBLANK(C34),"",VLOOKUP(C34,Inscripciones!$B$5:$F$200,2,FALSE)) -> JESÉ DAVID CHAVES MUÑOZ | F34: Árbitro
C35: 4706 | D35: =IF(ISBLANK(C35),"",VLOOKUP(C35,Inscripciones!$B$5:$F$200,2,FALSE)) -> ISAAC RÍOS FERNÁNDEZ | F35: Marque si hay informe

Sheet Grupo 5
B2: #VALUE!
L5: En Caso de ocupar 3 de 5, mostrar columnas H - I En caso de 2 de 2, ocultarlas.
G7: Fecha: | J7: =TODAY() -> 46288
B9: Categoría | D9: =Inscripciones!B2 -> U13 MASCULINO | E9: Grupo nº | F9: 5 | G9: Mesa nº
B11: Orden | C11: Carné | D11: Jugadores | E11: Lugar | F11: Ranking | G11: Puntos
A12: =F9+0.1 -> 5.1 | B12: 1 | C12: =VLOOKUP(A12,Inscripciones!A5:G167,2,FALSE) -> 4026 | D12: =IF(ISBLANK(C12),"",VLOOKUP(C12,Inscripciones!$B$5:$F$200,2,FALSE)) -> IAN GABRIEL VILLEGAS SALAS | E12: =IF(ISBLANK(C12),"",VLOOKUP(C12,Inscripciones!$B$5:$F$200,3,FALSE)) -> SAN CARLOS | F12: =IF(ISBLANK(C12),"",VLOOKUP(C12,Inscripciones!$B$5:$F$200,4,FALSE)) -> 5 | G12: =IF(ISBLANK(C12),"",VLOOKUP(C12,Inscripciones!$B$5:$F$200,5,FALSE)) -> 617 | J12: =IF(ISBLANK(J11)," ",(E18+F18+G18+E20+F20+G20+H18+I18+H20+I20)/(E19+F19+G19+E21+F21+G21+H19+I19+H21+I21))
A13: =F9+0.2 -> 5.2 | B13: 2 | C13: =VLOOKUP(A13,Inscripciones!A5:G168,2,FALSE) -> 3987 | D13: =IF(ISBLANK(C13),"",VLOOKUP(C13,Inscripciones!$B$5:$F$200,2,FALSE)) -> JOSÉ DANIEL FERNÁNDEZ HERRERA | E13: =IF(ISBLANK(C13),"",VLOOKUP(C13,Inscripciones!$B$5:$F$200,3,FALSE)) -> ESCAZÚ | F13: =IF(ISBLANK(C13),"",VLOOKUP(C13,Inscripciones!$B$5:$F$200,4,FALSE)) -> 34 | G13: =IF(ISBLANK(C13),"",VLOOKUP(C13,Inscripciones!$B$5:$F$200,5,FALSE)) -> 494 | J13: =IF(ISBLANK(J11)," ",(E21+F21+G21+E22+F22+G22+H21+I21+H22+I22)/(E20+F20+G20+E23+F23+G23+H20+I20+H23+I23))
A14: =+F9+0.3 -> 5.3 | B14: 3 | C14: =VLOOKUP(A14,Inscripciones!A6:G169,2,FALSE) -> 4547 | D14: =IF(ISBLANK(C14),"",VLOOKUP(C14,Inscripciones!$B$7:$F$200,2,FALSE)) -> LEONARDO COTO RAMIREZ | E14: =IF(ISBLANK(C14),"",VLOOKUP(C14,Inscripciones!$B$7:$F$200,3,FALSE)) -> GUARCO | F14: =IF(ISBLANK(C14),"",VLOOKUP(C14,Inscripciones!$B$7:$F$200,4,FALSE)) -> 45 | G14: =IF(ISBLANK(C14),"",VLOOKUP(C14,Inscripciones!$B$7:$F$200,5,FALSE)) -> 473 | J14: =IF(ISBLANK(J11)," ",(E19+F19+G19+E23+F23+G23+H19+I19+H23+I23)/(E18+F18+G18+E22+F22+G22+H18+I18+H22+I22))
B17: Partida | D17: JUGADOR | E17: 1º set | F17: 2º set | G17: 3º set | H17: 4º set | I17: 5º set | J17: Ganador
B18: 1 | C18: 1 | D18: =D12 -> IAN GABRIEL VILLEGAS SALAS | E18: 11 | F18: 11 | J18: {=IF(AND(TRIM(E18)="WO",TRIM(E19)="WO"),"",IF(TRIM(E19)="WO",C18,IF(TRIM(E18)="WO",C19,IF(SUMPRODUCT(--(E18:I18>E19:I19))>SUMPRODUCT(--(E19:I19>E18:I18)),C18,IF(SUMPRODUCT(--(E19:I19>E18:I18))>SUMPRODUCT(--(E18:I18>E19:I19)),C19,"")))))} -> 1
C19: 3 | D19: =D14 -> LEONARDO COTO RAMIREZ | E19: 2 | F19: 2
B20: 2 | C20: 1 | D20: =D12 -> IAN GABRIEL VILLEGAS SALAS | E20: 11 | F20: 11 | J20: {=IF(AND(TRIM(E20)="WO",TRIM(E21)="WO"),"",IF(TRIM(E21)="WO",C20,IF(TRIM(E20)="WO",C21,IF(SUMPRODUCT(--(E20:I20>E21:I21))>SUMPRODUCT(--(E21:I21>E20:I20)),C20,IF(SUMPRODUCT(--(E21:I21>E20:I20))>SUMPRODUCT(--(E20:I20>E21:I21)),C21,"")))))} -> 1
C21: 2 | D21: =D13 -> JOSÉ DANIEL FERNÁNDEZ HERRERA | E21: 4 | F21: 4
B22: 3 | C22: 2 | D22: =D13 -> JOSÉ DANIEL FERNÁNDEZ HERRERA | E22: 11 | F22: 11 | J22: {=IF(AND(TRIM(E22)="WO",TRIM(E23)="WO"),"",IF(TRIM(E23)="WO",C22,IF(TRIM(E22)="WO",C23,IF(SUMPRODUCT(--(E22:I22>E23:I23))>SUMPRODUCT(--(E23:I23>E22:I22)),C22,IF(SUMPRODUCT(--(E23:I23>E22:I22))>SUMPRODUCT(--(E22:I22>E23:I23)),C23,"")))))} -> 2
C23: 3 | D23: =D14 -> LEONARDO COTO RAMIREZ | E23: 4 | F23: 4
C32: Clasificados (# de carne) | F32: Revisión de Camisas y Raquetas
C33: Carnet | D33: Nombre | F33: Revisión de nombres y resultados
C34: 4026 | D34: =IF(ISBLANK(C34),"",VLOOKUP(C34,Inscripciones!$B$5:$F$200,2,FALSE)) -> IAN GABRIEL VILLEGAS SALAS | F34: Árbitro
C35: 3987 | D35: =IF(ISBLANK(C35),"",VLOOKUP(C35,Inscripciones!$B$5:$F$200,2,FALSE)) -> JOSÉ DANIEL FERNÁNDEZ HERRERA | F35: Marque si hay informe

Sheet Grupo 6
B2: #VALUE!
L5: En Caso de ocupar 3 de 5, mostrar columnas H - I En caso de 2 de 2, ocultarlas.
G7: Fecha: | J7: =TODAY() -> 46288
B9: Categoría | D9: =Inscripciones!B2 -> U13 MASCULINO | E9: Grupo nº | F9: 6 | G9: Mesa nº
B11: Orden | C11: Carné | D11: Jugadores | E11: Lugar | F11: Ranking | G11: Puntos
A12: =F9+0.1 -> 6.1 | B12: 1 | C12: =VLOOKUP(A12,Inscripciones!A5:G167,2,FALSE) -> 4181 | D12: =IF(ISBLANK(C12),"",VLOOKUP(C12,Inscripciones!$B$5:$F$200,2,FALSE)) -> JUAN MARTÍN ARCE VÁSQUEZ | E12: =IF(ISBLANK(C12),"",VLOOKUP(C12,Inscripciones!$B$5:$F$200,3,FALSE)) -> SAN CARLOS | F12: =IF(ISBLANK(C12),"",VLOOKUP(C12,Inscripciones!$B$5:$F$200,4,FALSE)) -> 6 | G12: =IF(ISBLANK(C12),"",VLOOKUP(C12,Inscripciones!$B$5:$F$200,5,FALSE)) -> 612 | J12: =IF(ISBLANK(J11)," ",(E18+F18+G18+E20+F20+G20+H18+I18+H20+I20)/(E19+F19+G19+E21+F21+G21+H19+I19+H21+I21))
A13: =F9+0.2 -> 6.2 | B13: 2 | C13: =VLOOKUP(A13,Inscripciones!A5:G168,2,FALSE) -> 4121 | D13: =IF(ISBLANK(C13),"",VLOOKUP(C13,Inscripciones!$B$5:$F$200,2,FALSE)) -> ANDRÉS CHACÓN ALTAMIRANO | E13: =IF(ISBLANK(C13),"",VLOOKUP(C13,Inscripciones!$B$5:$F$200,3,FALSE)) -> CURRIDABAT | F13: =IF(ISBLANK(C13),"",VLOOKUP(C13,Inscripciones!$B$5:$F$200,4,FALSE)) -> 32 | G13: =IF(ISBLANK(C13),"",VLOOKUP(C13,Inscripciones!$B$5:$F$200,5,FALSE)) -> 498 | J13: =IF(ISBLANK(J11)," ",(E21+F21+G21+E22+F22+G22+H21+I21+H22+I22)/(E20+F20+G20+E23+F23+G23+H20+I20+H23+I23))
A14: =+F9+0.3 -> 6.3 | B14: 3 | C14: =VLOOKUP(A14,Inscripciones!A6:G169,2,FALSE) -> 4686 | D14: =IF(ISBLANK(C14),"",VLOOKUP(C14,Inscripciones!$B$7:$F$200,2,FALSE)) -> SANTHIAGO SOTO BNADO | E14: =IF(ISBLANK(C14),"",VLOOKUP(C14,Inscripciones!$B$7:$F$200,3,FALSE)) -> ESCAZÚ | F14: =IF(ISBLANK(C14),"",VLOOKUP(C14,Inscripciones!$B$7:$F$200,4,FALSE)) -> 49 | G14: =IF(ISBLANK(C14),"",VLOOKUP(C14,Inscripciones!$B$7:$F$200,5,FALSE)) -> 463 | J14: =IF(ISBLANK(J11)," ",(E19+F19+G19+E23+F23+G23+H19+I19+H23+I23)/(E18+F18+G18+E22+F22+G22+H18+I18+H22+I22))
B17: Partida | D17: JUGADOR | E17: 1º set | F17: 2º set | G17: 3º set | H17: 4º set | I17: 5º set | J17: Ganador
B18: 1 | C18: 1 | D18: =D12 -> JUAN MARTÍN ARCE VÁSQUEZ | E18: 11 | F18: 11 | J18: {=IF(AND(TRIM(E18)="WO",TRIM(E19)="WO"),"",IF(TRIM(E19)="WO",C18,IF(TRIM(E18)="WO",C19,IF(SUMPRODUCT(--(E18:I18>E19:I19))>SUMPRODUCT(--(E19:I19>E18:I18)),C18,IF(SUMPRODUCT(--(E19:I19>E18:I18))>SUMPRODUCT(--(E18:I18>E19:I19)),C19,"")))))} -> 1
C19: 3 | D19: =D14 -> SANTHIAGO SOTO BNADO | E19: 2 | F19: 4
B20: 2 | C20: 1 | D20: =D12 -> JUAN MARTÍN ARCE VÁSQUEZ | E20: 22 | F20: 11 | J20: {=IF(AND(TRIM(E20)="WO",TRIM(E21)="WO"),"",IF(TRIM(E21)="WO",C20,IF(TRIM(E20)="WO",C21,IF(SUMPRODUCT(--(E20:I20>E21:I21))>SUMPRODUCT(--(E21:I21>E20:I20)),C20,IF(SUMPRODUCT(--(E21:I21>E20:I20))>SUMPRODUCT(--(E20:I20>E21:I21)),C21,"")))))} -> 1
C21: 2 | D21: =D13 -> ANDRÉS CHACÓN ALTAMIRANO | E21: 7 | F21: 4
B22: 3 | C22: 2 | D22: =D13 -> ANDRÉS CHACÓN ALTAMIRANO | E22: 11 | F22: 11 | J22: {=IF(AND(TRIM(E22)="WO",TRIM(E23)="WO"),"",IF(TRIM(E23)="WO",C22,IF(TRIM(E22)="WO",C23,IF(SUMPRODUCT(--(E22:I22>E23:I23))>SUMPRODUCT(--(E23:I23>E22:I22)),C22,IF(SUMPRODUCT(--(E23:I23>E22:I22))>SUMPRODUCT(--(E22:I22>E23:I23)),C23,"")))))} -> 2
C23: 3 | D23: =D14 -> SANTHIAGO SOTO BNADO | E23: 1 | F23: 3
C32: Clasificados (# de carne) | F32: Revisión de Camisas y Raquetas
C33: Carnet | D33: Nombre | F33: Revisión de nombres y resultados
C34: 4181 | D34: =IF(ISBLANK(C34),"",VLOOKUP(C34,Inscripciones!$B$5:$F$200,2,FALSE)) -> JUAN MARTÍN ARCE VÁSQUEZ | F34: Árbitro
C35: 4121 | D35: =IF(ISBLANK(C35),"",VLOOKUP(C35,Inscripciones!$B$5:$F$200,2,FALSE)) -> ANDRÉS CHACÓN ALTAMIRANO | F35: Marque si hay informe

Sheet Grupo 7
B2: #VALUE!
L5: En Caso de ocupar 3 de 5, mostrar columnas H - I En caso de 2 de 2, ocultarlas.
G7: Fecha: | J7: =TODAY() -> 46288
B9: Categoría | D9: =Inscripciones!B2 -> U13 MASCULINO | E9: Grupo nº | F9: 7 | G9: Mesa nº
B11: Orden | C11: Carné | D11: Jugadores | E11: Lugar | F11: Ranking | G11: Puntos
A12: =F9+0.1 -> 7.1 | B12: 1 | C12: =VLOOKUP(A12,Inscripciones!A5:G167,2,FALSE) -> 3988 | D12: =IF(ISBLANK(C12),"",VLOOKUP(C12,Inscripciones!$B$5:$F$200,2,FALSE)) -> JACKY CHENG FENG | E12: =IF(ISBLANK(C12),"",VLOOKUP(C12,Inscripciones!$B$5:$F$200,3,FALSE)) -> ESCAZÚ | F12: =IF(ISBLANK(C12),"",VLOOKUP(C12,Inscripciones!$B$5:$F$200,4,FALSE)) -> 7 | G12: =IF(ISBLANK(C12),"",VLOOKUP(C12,Inscripciones!$B$5:$F$200,5,FALSE)) -> 606 | J12: =IF(ISBLANK(J11)," ",(E18+F18+G18+E20+F20+G20+H18+I18+H20+I20)/(E19+F19+G19+E21+F21+G21+H19+I19+H21+I21))
A13: =F9+0.2 -> 7.2 | B13: 2 | C13: =VLOOKUP(A13,Inscripciones!A5:G168,2,FALSE) -> 4437 | D13: =IF(ISBLANK(C13),"",VLOOKUP(C13,Inscripciones!$B$5:$F$200,2,FALSE)) -> MATHIAS HAY GRANADOS | E13: =IF(ISBLANK(C13),"",VLOOKUP(C13,Inscripciones!$B$5:$F$200,3,FALSE)) -> CORREDORES | F13: =IF(ISBLANK(C13),"",VLOOKUP(C13,Inscripciones!$B$5:$F$200,4,FALSE)) -> 31 | G13: =IF(ISBLANK(C13),"",VLOOKUP(C13,Inscripciones!$B$5:$F$200,5,FALSE)) -> 502 | J13: =IF(ISBLANK(J11)," ",(E21+F21+G21+E22+F22+G22+H21+I21+H22+I22)/(E20+F20+G20+E23+F23+G23+H20+I20+H23+I23))
A14: =+F9+0.3 -> 7.3 | B14: 3 | C14: =VLOOKUP(A14,Inscripciones!A6:G169,2,FALSE) -> 4607 | D14: =IF(ISBLANK(C14),"",VLOOKUP(C14,Inscripciones!$B$7:$F$200,2,FALSE)) -> IGNACIO CABEZAS ROJAS | E14: =IF(ISBLANK(C14),"",VLOOKUP(C14,Inscripciones!$B$7:$F$200,3,FALSE)) -> ALAJUELA | F14: =IF(ISBLANK(C14),"",VLOOKUP(C14,Inscripciones!$B$7:$F$200,4,FALSE)) -> 46 | G14: =IF(ISBLANK(C14),"",VLOOKUP(C14,Inscripciones!$B$7:$F$200,5,FALSE)) -> 471 | J14: =IF(ISBLANK(J11)," ",(E19+F19+G19+E23+F23+G23+H19+I19+H23+I23)/(E18+F18+G18+E22+F22+G22+H18+I18+H22+I22))
B17: Partida | D17: JUGADOR | E17: 1º set | F17: 2º set | G17: 3º set | H17: 4º set | I17: 5º set | J17: Ganador
B18: 1 | C18: 1 | D18: =D12 -> JACKY CHENG FENG | E18: 11 | F18: 11 | J18: {=IF(AND(TRIM(E18)="WO",TRIM(E19)="WO"),"",IF(TRIM(E19)="WO",C18,IF(TRIM(E18)="WO",C19,IF(SUMPRODUCT(--(E18:I18>E19:I19))>SUMPRODUCT(--(E19:I19>E18:I18)),C18,IF(SUMPRODUCT(--(E19:I19>E18:I18))>SUMPRODUCT(--(E18:I18>E19:I19)),C19,"")))))} -> 1
C19: 3 | D19: =D14 -> IGNACIO CABEZAS ROJAS | E19: 4 | F19: 2
B20: 2 | C20: 1 | D20: =D12 -> JACKY CHENG FENG | E20: 11 | F20: 11 | J20: {=IF(AND(TRIM(E20)="WO",TRIM(E21)="WO"),"",IF(TRIM(E21)="WO",C20,IF(TRIM(E20)="WO",C21,IF(SUMPRODUCT(--(E20:I20>E21:I21))>SUMPRODUCT(--(E21:I21>E20:I20)),C20,IF(SUMPRODUCT(--(E21:I21>E20:I20))>SUMPRODUCT(--(E20:I20>E21:I21)),C21,"")))))} -> 1
C21: 2 | D21: =D13 -> MATHIAS HAY GRANADOS | E21: 5 | F21: 2
B22: 3 | C22: 2 | D22: =D13 -> MATHIAS HAY GRANADOS | E22: 11 | F22: 11 | J22: {=IF(AND(TRIM(E22)="WO",TRIM(E23)="WO"),"",IF(TRIM(E23)="WO",C22,IF(TRIM(E22)="WO",C23,IF(SUMPRODUCT(--(E22:I22>E23:I23))>SUMPRODUCT(--(E23:I23>E22:I22)),C22,IF(SUMPRODUCT(--(E23:I23>E22:I22))>SUMPRODUCT(--(E22:I22>E23:I23)),C23,"")))))} -> 2
C23: 3 | D23: =D14 -> IGNACIO CABEZAS ROJAS | E23: 6 | F23: 2
C32: Clasificados (# de carne) | F32: Revisión de Camisas y Raquetas
C33: Carnet | D33: Nombre | F33: Revisión de nombres y resultados
C34: 3988 | D34: =IF(ISBLANK(C34),"",VLOOKUP(C34,Inscripciones!$B$5:$F$200,2,FALSE)) -> JACKY CHENG FENG | F34: Árbitro
C35: 4437 | D35: =IF(ISBLANK(C35),"",VLOOKUP(C35,Inscripciones!$B$5:$F$200,2,FALSE)) -> MATHIAS HAY GRANADOS | F35: Marque si hay informe

Sheet Grupo 8
B2: #VALUE!
L5: En Caso de ocupar 3 de 5, mostrar columnas H - I En caso de 2 de 2, ocultarlas.
G7: Fecha: | J7: =TODAY() -> 46288
B9: Categoría | D9: =Inscripciones!B2 -> U13 MASCULINO | E9: Grupo nº | F9: 8 | G9: Mesa nº
B11: Orden | C11: Carné | D11: Jugadores | E11: Lugar | F11: Ranking | G11: Puntos
A12: =F9+0.1 -> 8.1 | B12: 1 | C12: =VLOOKUP(A12,Inscripciones!A5:G167,2,FALSE) -> 3875 | D12: =IF(ISBLANK(C12),"",VLOOKUP(C12,Inscripciones!$B$5:$F$200,2,FALSE)) -> CALEB CASCANTE MARIN | E12: =IF(ISBLANK(C12),"",VLOOKUP(C12,Inscripciones!$B$5:$F$200,3,FALSE)) -> ESCAZÚ | F12: =IF(ISBLANK(C12),"",VLOOKUP(C12,Inscripciones!$B$5:$F$200,4,FALSE)) -> 8 | G12: =IF(ISBLANK(C12),"",VLOOKUP(C12,Inscripciones!$B$5:$F$200,5,FALSE)) -> 585 | J12: =IF(ISBLANK(J11)," ",(E18+F18+G18+E20+F20+G20+H18+I18+H20+I20)/(E19+F19+G19+E21+F21+G21+H19+I19+H21+I21))
A13: =F9+0.2 -> 8.2 | B13: 2 | C13: =VLOOKUP(A13,Inscripciones!A5:G168,2,FALSE) -> 4353 | D13: =IF(ISBLANK(C13),"",VLOOKUP(C13,Inscripciones!$B$5:$F$200,2,FALSE)) -> IVAN ANDRÉS RODRÍGUEZ DURÁN | E13: =IF(ISBLANK(C13),"",VLOOKUP(C13,Inscripciones!$B$5:$F$200,3,FALSE)) -> SAN CARLOS | F13: =IF(ISBLANK(C13),"",VLOOKUP(C13,Inscripciones!$B$5:$F$200,4,FALSE)) -> 27 | G13: =IF(ISBLANK(C13),"",VLOOKUP(C13,Inscripciones!$B$5:$F$200,5,FALSE)) -> 514 | J13: =IF(ISBLANK(J11)," ",(E21+F21+G21+E22+F22+G22+H21+I21+H22+I22)/(E20+F20+G20+E23+F23+G23+H20+I20+H23+I23))
A14: =+F9+0.3 -> 8.3 | B14: 3 | C14: =VLOOKUP(A14,Inscripciones!A6:G169,2,FALSE) -> 4180 | D14: =IF(ISBLANK(C14),"",VLOOKUP(C14,Inscripciones!$B$7:$F$200,2,FALSE)) -> ESTEBAN CHAVES GALLO | E14: =IF(ISBLANK(C14),"",VLOOKUP(C14,Inscripciones!$B$7:$F$200,3,FALSE)) -> CORREDORES | F14: =IF(ISBLANK(C14),"",VLOOKUP(C14,Inscripciones!$B$7:$F$200,4,FALSE)) -> 50 | G14: =IF(ISBLANK(C14),"",VLOOKUP(C14,Inscripciones!$B$7:$F$200,5,FALSE)) -> 463 | J14: =IF(ISBLANK(J11)," ",(E19+F19+G19+E23+F23+G23+H19+I19+H23+I23)/(E18+F18+G18+E22+F22+G22+H18+I18+H22+I22))
B17: Partida | D17: JUGADOR | E17: 1º set | F17: 2º set | G17: 3º set | H17: 4º set | I17: 5º set | J17: Ganador
B18: 1 | C18: 1 | D18: =D12 -> CALEB CASCANTE MARIN | E18: 9 | F18: 11 | G18: 11 | J18: {=IF(AND(TRIM(E18)="WO",TRIM(E19)="WO"),"",IF(TRIM(E19)="WO",C18,IF(TRIM(E18)="WO",C19,IF(SUMPRODUCT(--(E18:I18>E19:I19))>SUMPRODUCT(--(E19:I19>E18:I18)),C18,IF(SUMPRODUCT(--(E19:I19>E18:I18))>SUMPRODUCT(--(E18:I18>E19:I19)),C19,"")))))} -> 1
C19: 3 | D19: =D14 -> ESTEBAN CHAVES GALLO | E19: 11 | F19: 6 | G19: 7
B20: 2 | C20: 1 | D20: =D12 -> CALEB CASCANTE MARIN | E20: 11 | F20: 11 | J20: {=IF(AND(TRIM(E20)="WO",TRIM(E21)="WO"),"",IF(TRIM(E21)="WO",C20,IF(TRIM(E20)="WO",C21,IF(SUMPRODUCT(--(E20:I20>E21:I21))>SUMPRODUCT(--(E21:I21>E20:I20)),C20,IF(SUMPRODUCT(--(E21:I21>E20:I20))>SUMPRODUCT(--(E20:I20>E21:I21)),C21,"")))))} -> 1
C21: 2 | D21: =D13 -> IVAN ANDRÉS RODRÍGUEZ DURÁN | E21: 8 | F21: 6
B22: 3 | C22: 2 | D22: =D13 -> IVAN ANDRÉS RODRÍGUEZ DURÁN | E22: 11 | F22: 11 | J22: {=IF(AND(TRIM(E22)="WO",TRIM(E23)="WO"),"",IF(TRIM(E23)="WO",C22,IF(TRIM(E22)="WO",C23,IF(SUMPRODUCT(--(E22:I22>E23:I23))>SUMPRODUCT(--(E23:I23>E22:I22)),C22,IF(SUMPRODUCT(--(E23:I23>E22:I22))>SUMPRODUCT(--(E22:I22>E23:I23)),C23,"")))))} -> 2
C23: 3 | D23: =D14 -> ESTEBAN CHAVES GALLO | E23: 6 | F23: 7
C32: Clasificados (# de carne) | F32: Revisión de Camisas y Raquetas
C33: Carnet | D33: Nombre | F33: Revisión de nombres y resultados
C34: 3875 | D34: =IF(ISBLANK(C34),"",VLOOKUP(C34,Inscripciones!$B$5:$F$200,2,FALSE)) -> CALEB CASCANTE MARIN | F34: Árbitro
C35: 4353 | D35: =IF(ISBLANK(C35),"",VLOOKUP(C35,Inscripciones!$B$5:$F$200,2,FALSE)) -> IVAN ANDRÉS RODRÍGUEZ DURÁN | F35: Marque si hay informe

Sheet Grupo 9
B2: #VALUE!
L5: En Caso de ocupar 3 de 5, mostrar columnas H - I En caso de 2 de 2, ocultarlas.
G7: Fecha: | J7: =TODAY() -> 46288
B9: Categoría | D9: =Inscripciones!B2 -> U13 MASCULINO | E9: Grupo nº | F9: 9 | G9: Mesa nº
B11: Orden | C11: Carné | D11: Jugadores | E11: Lugar | F11: Ranking | G11: Puntos
A12: =F9+0.1 -> 9.1 | B12: 1 | C12: =VLOOKUP(A12,Inscripciones!A5:G167,2,FALSE) -> 4177 | D12: =IF(ISBLANK(C12),"",VLOOKUP(C12,Inscripciones!$B$5:$F$200,2,FALSE)) -> RODOLFO ALBERTO CHAVES LEON | E12: =IF(ISBLANK(C12),"",VLOOKUP(C12,Inscripciones!$B$5:$F$200,3,FALSE)) -> ESPARZA | F12: =IF(ISBLANK(C12),"",VLOOKUP(C12,Inscripciones!$B$5:$F$200,4,FALSE)) -> 9 | G12: =IF(ISBLANK(C12),"",VLOOKUP(C12,Inscripciones!$B$5:$F$200,5,FALSE)) -> 583 | J12: =IF(ISBLANK(J11)," ",(E18+F18+G18+E20+F20+G20+H18+I18+H20+I20)/(E19+F19+G19+E21+F21+G21+H19+I19+H21+I21))
A13: =F9+0.2 -> 9.2 | B13: 2 | C13: =VLOOKUP(A13,Inscripciones!A5:G168,2,FALSE) -> 4122 | D13: =IF(ISBLANK(C13),"",VLOOKUP(C13,Inscripciones!$B$5:$F$200,2,FALSE)) -> BRYAN ALVAREZ SOLIS | E13: =IF(ISBLANK(C13),"",VLOOKUP(C13,Inscripciones!$B$5:$F$200,3,FALSE)) -> ESCAZÚ | F13: =IF(ISBLANK(C13),"",VLOOKUP(C13,Inscripciones!$B$5:$F$200,4,FALSE)) -> 30 | G13: =IF(ISBLANK(C13),"",VLOOKUP(C13,Inscripciones!$B$5:$F$200,5,FALSE)) -> 503 | J13: =IF(ISBLANK(J11)," ",(E21+F21+G21+E22+F22+G22+H21+I21+H22+I22)/(E20+F20+G20+E23+F23+G23+H20+I20+H23+I23))
A14: =+F9+0.3 -> 9.3 | B14: 3 | C14: =VLOOKUP(A14,Inscripciones!A6:G169,2,FALSE) -> 4857 | D14: =IF(ISBLANK(C14),"",VLOOKUP(C14,Inscripciones!$B$7:$F$200,2,FALSE)) -> SEBASTIAN VARGAS ZAMORA | E14: =IF(ISBLANK(C14),"",VLOOKUP(C14,Inscripciones!$B$7:$F$200,3,FALSE)) -> SAN CARLOS | F14: =IF(ISBLANK(C14),"",VLOOKUP(C14,Inscripciones!$B$7:$F$200,4,FALSE)) -> 51 | G14: =IF(ISBLANK(C14),"",VLOOKUP(C14,Inscripciones!$B$7:$F$200,5,FALSE)) -> 462 | J14: =IF(ISBLANK(J11)," ",(E19+F19+G19+E23+F23+G23+H19+I19+H23+I23)/(E18+F18+G18+E22+F22+G22+H18+I18+H22+I22))
B17: Partida | D17: JUGADOR | E17: 1º set | F17: 2º set | G17: 3º set | H17: 4º set | I17: 5º set | J17: Ganador
B18: 1 | C18: 1 | D18: =D12 -> RODOLFO ALBERTO CHAVES LEON | E18: 11 | F18: 11 | J18: {=IF(AND(TRIM(E18)="WO",TRIM(E19)="WO"),"",IF(TRIM(E19)="WO",C18,IF(TRIM(E18)="WO",C19,IF(SUMPRODUCT(--(E18:I18>E19:I19))>SUMPRODUCT(--(E19:I19>E18:I18)),C18,IF(SUMPRODUCT(--(E19:I19>E18:I18))>SUMPRODUCT(--(E18:I18>E19:I19)),C19,"")))))} -> 1
C19: 3 | D19: =D14 -> SEBASTIAN VARGAS ZAMORA | E19: 5 | F19: 4
B20: 2 | C20: 1 | D20: =D12 -> RODOLFO ALBERTO CHAVES LEON | E20: 11 | F20: 11 | J20: {=IF(AND(TRIM(E20)="WO",TRIM(E21)="WO"),"",IF(TRIM(E21)="WO",C20,IF(TRIM(E20)="WO",C21,IF(SUMPRODUCT(--(E20:I20>E21:I21))>SUMPRODUCT(--(E21:I21>E20:I20)),C20,IF(SUMPRODUCT(--(E21:I21>E20:I20))>SUMPRODUCT(--(E20:I20>E21:I21)),C21,"")))))} -> 1
C21: 2 | D21: =D13 -> BRYAN ALVAREZ SOLIS | E21: 1 | F21: 0
B22: 3 | C22: 2 | D22: =D13 -> BRYAN ALVAREZ SOLIS | E22: 11 | F22: 11 | J22: {=IF(AND(TRIM(E22)="WO",TRIM(E23)="WO"),"",IF(TRIM(E23)="WO",C22,IF(TRIM(E22)="WO",C23,IF(SUMPRODUCT(--(E22:I22>E23:I23))>SUMPRODUCT(--(E23:I23>E22:I22)),C22,IF(SUMPRODUCT(--(E23:I23>E22:I22))>SUMPRODUCT(--(E22:I22>E23:I23)),C23,"")))))} -> 2
C23: 3 | D23: =D14 -> SEBASTIAN VARGAS ZAMORA | E23: 6 | F23: 5
C32: Clasificados (# de carne) | F32: Revisión de Camisas y Raquetas
C33: Carnet | D33: Nombre | F33: Revisión de nombres y resultados
C34: 4177 | D34: =IF(ISBLANK(C34),"",VLOOKUP(C34,Inscripciones!$B$5:$F$200,2,FALSE)) -> RODOLFO ALBERTO CHAVES LEON | F34: Árbitro
C35: 4122 | D35: =IF(ISBLANK(C35),"",VLOOKUP(C35,Inscripciones!$B$5:$F$200,2,FALSE)) -> BRYAN ALVAREZ SOLIS | F35: Marque si hay informe

Sheet Grupo 10
B2: #VALUE!
L5: En Caso de ocupar 3 de 5, mostrar columnas H - I En caso de 2 de 2, ocultarlas.
G7: Fecha: | J7: =TODAY() -> 46288
B9: Categoría | D9: =Inscripciones!B2 -> U13 MASCULINO | E9: Grupo nº | F9: 10 | G9: Mesa nº
B11: Orden | C11: Carné | D11: Jugadores | E11: Lugar | F11: Ranking | G11: Puntos
A12: =F9+0.1 -> 10.1 | B12: 1 | C12: =VLOOKUP(A12,Inscripciones!A5:G167,2,FALSE) -> 5005 | D12: =IF(ISBLANK(C12),"",VLOOKUP(C12,Inscripciones!$B$5:$F$200,2,FALSE)) -> ADRIAN ARTAVIA MORALES | E12: =IF(ISBLANK(C12),"",VLOOKUP(C12,Inscripciones!$B$5:$F$200,3,FALSE)) -> MONTES DE OCA | F12: =IF(ISBLANK(C12),"",VLOOKUP(C12,Inscripciones!$B$5:$F$200,4,FALSE)) -> 10 | G12: =IF(ISBLANK(C12),"",VLOOKUP(C12,Inscripciones!$B$5:$F$200,5,FALSE)) -> 578 | J12: =IF(ISBLANK(J11)," ",(E18+F18+G18+E20+F20+G20+H18+I18+H20+I20)/(E19+F19+G19+E21+F21+G21+H19+I19+H21+I21))
A13: =F9+0.2 -> 10.2 | B13: 2 | C13: =VLOOKUP(A13,Inscripciones!A5:G168,2,FALSE) -> 4381 | D13: =IF(ISBLANK(C13),"",VLOOKUP(C13,Inscripciones!$B$5:$F$200,2,FALSE)) -> ALEJANDRO PADILLA SOLERA | E13: =IF(ISBLANK(C13),"",VLOOKUP(C13,Inscripciones!$B$5:$F$200,3,FALSE)) -> ESCAZÚ | F13: =IF(ISBLANK(C13),"",VLOOKUP(C13,Inscripciones!$B$5:$F$200,4,FALSE)) -> 26 | G13: =IF(ISBLANK(C13),"",VLOOKUP(C13,Inscripciones!$B$5:$F$200,5,FALSE)) -> 515 | J13: =IF(ISBLANK(J11)," ",(E21+F21+G21+E22+F22+G22+H21+I21+H22+I22)/(E20+F20+G20+E23+F23+G23+H20+I20+H23+I23))
A14: =+F9+0.3 -> 10.3 | B14: 3 | C14: =VLOOKUP(A14,Inscripciones!A6:G169,2,FALSE) -> 4859 | D14: =IF(ISBLANK(C14),"",VLOOKUP(C14,Inscripciones!$B$7:$F$200,2,FALSE)) -> ISAAC MATHÍAS ROJAS SOLANO | E14: =IF(ISBLANK(C14),"",VLOOKUP(C14,Inscripciones!$B$7:$F$200,3,FALSE)) -> ASERRÍ | F14: =IF(ISBLANK(C14),"",VLOOKUP(C14,Inscripciones!$B$7:$F$200,4,FALSE)) -> 52 | G14: =IF(ISBLANK(C14),"",VLOOKUP(C14,Inscripciones!$B$7:$F$200,5,FALSE)) -> 462 | J14: =IF(ISBLANK(J11)," ",(E19+F19+G19+E23+F23+G23+H19+I19+H23+I23)/(E18+F18+G18+E22+F22+G22+H18+I18+H22+I22))
B17: Partida | D17: JUGADOR | E17: 1º set | F17: 2º set | G17: 3º set | H17: 4º set | I17: 5º set | J17: Ganador
B18: 1 | C18: 1 | D18: =D12 -> ADRIAN ARTAVIA MORALES | E18: 11 | F18: 11 | J18: {=IF(AND(TRIM(E18)="WO",TRIM(E19)="WO"),"",IF(TRIM(E19)="WO",C18,IF(TRIM(E18)="WO",C19,IF(SUMPRODUCT(--(E18:I18>E19:I19))>SUMPRODUCT(--(E19:I19>E18:I18)),C18,IF(SUMPRODUCT(--(E19:I19>E18:I18))>SUMPRODUCT(--(E18:I18>E19:I19)),C19,"")))))} -> 1
C19: 3 | D19: =D14 -> ISAAC MATHÍAS ROJAS SOLANO | E19: 1 | F19: 2
B20: 2 | C20: 1 | D20: =D12 -> ADRIAN ARTAVIA MORALES | E20: 11 | F20: 11 | J20: {=IF(AND(TRIM(E20)="WO",TRIM(E21)="WO"),"",IF(TRIM(E21)="WO",C20,IF(TRIM(E20)="WO",C21,IF(SUMPRODUCT(--(E20:I20>E21:I21))>SUMPRODUCT(--(E21:I21>E20:I20)),C20,IF(SUMPRODUCT(--(E21:I21>E20:I20))>SUMPRODUCT(--(E20:I20>E21:I21)),C21,"")))))} -> 1
C21: 2 | D21: =D13 -> ALEJANDRO PADILLA SOLERA | E21: 6 | F21: 4
B22: 3 | C22: 2 | D22: =D13 -> ALEJANDRO PADILLA SOLERA | E22: 9 | F22: 14 | G22: 11 | J22: {=IF(AND(TRIM(E22)="WO",TRIM(E23)="WO"),"",IF(TRIM(E23)="WO",C22,IF(TRIM(E22)="WO",C23,IF(SUMPRODUCT(--(E22:I22>E23:I23))>SUMPRODUCT(--(E23:I23>E22:I22)),C22,IF(SUMPRODUCT(--(E23:I23>E22:I22))>SUMPRODUCT(--(E22:I22>E23:I23)),C23,"")))))} -> 2
C23: 3 | D23: =D14 -> ISAAC MATHÍAS ROJAS SOLANO | E23: 11 | F23: 12 | G23: 7
C32: Clasificados (# de carne) | F32: Revisión de Camisas y Raquetas
C33: Carnet | D33: Nombre | F33: Revisión de nombres y resultados
C34: 5005 | D34: =IF(ISBLANK(C34),"",VLOOKUP(C34,Inscripciones!$B$5:$F$200,2,FALSE)) -> ADRIAN ARTAVIA MORALES | F34: Árbitro
C35: 4381 | D35: =IF(ISBLANK(C35),"",VLOOKUP(C35,Inscripciones!$B$5:$F$200,2,FALSE)) -> ALEJANDRO PADILLA SOLERA | F35: Marque si hay informe

Sheet Grupo 11
B2: #VALUE!
L5: En Caso de ocupar 3 de 5, mostrar columnas H - I En caso de 2 de 2, ocultarlas.
G7: Fecha: | J7: =TODAY() -> 46288
B9: Categoría | D9: =Inscripciones!B2 -> U13 MASCULINO | E9: Grupo nº | F9: 11 | G9: Mesa nº
B11: Orden | C11: Carné | D11: Jugadores | E11: Lugar | F11: Ranking | G11: Puntos
A12: =F9+0.1 -> 11.1 | B12: 1 | C12: =VLOOKUP(A12,Inscripciones!A5:G167,2,FALSE) -> 4679 | D12: =IF(ISBLANK(C12),"",VLOOKUP(C12,Inscripciones!$B$5:$F$200,2,FALSE)) -> TOMAS IGNACIO UGALDE HERNANDEZ | E12: =IF(ISBLANK(C12),"",VLOOKUP(C12,Inscripciones!$B$5:$F$200,3,FALSE)) -> CCDR SAN JOSÉ | F12: =IF(ISBLANK(C12),"",VLOOKUP(C12,Inscripciones!$B$5:$F$200,4,FALSE)) -> 11 | G12: =IF(ISBLANK(C12),"",VLOOKUP(C12,Inscripciones!$B$5:$F$200,5,FALSE)) -> 574 | J12: =IF(ISBLANK(J11)," ",(E18+F18+G18+E20+F20+G20+H18+I18+H20+I20)/(E19+F19+G19+E21+F21+G21+H19+I19+H21+I21))
A13: =F9+0.2 -> 11.2 | B13: 2 | C13: =VLOOKUP(A13,Inscripciones!A5:G168,2,FALSE) -> 4293 | D13: =IF(ISBLANK(C13),"",VLOOKUP(C13,Inscripciones!$B$5:$F$200,2,FALSE)) -> MIKEL MORA JIMÉNEZ | E13: =IF(ISBLANK(C13),"",VLOOKUP(C13,Inscripciones!$B$5:$F$200,3,FALSE)) -> ESPARZA | F13: =IF(ISBLANK(C13),"",VLOOKUP(C13,Inscripciones!$B$5:$F$200,4,FALSE)) -> 25 | G13: =IF(ISBLANK(C13),"",VLOOKUP(C13,Inscripciones!$B$5:$F$200,5,FALSE)) -> 516 | J13: =IF(ISBLANK(J11)," ",(E21+F21+G21+E22+F22+G22+H21+I21+H22+I22)/(E20+F20+G20+E23+F23+G23+H20+I20+H23+I23))
A14: =+F9+0.3 -> 11.3 | B14: 3 | C14: =VLOOKUP(A14,Inscripciones!A6:G169,2,FALSE) -> 4312 | D14: =IF(ISBLANK(C14),"",VLOOKUP(C14,Inscripciones!$B$7:$F$200,2,FALSE)) -> BRANDON VENEGAS MURILLO | E14: =IF(ISBLANK(C14),"",VLOOKUP(C14,Inscripciones!$B$7:$F$200,3,FALSE)) -> ESCAZÚ | F14: =IF(ISBLANK(C14),"",VLOOKUP(C14,Inscripciones!$B$7:$F$200,4,FALSE)) -> 53 | G14: =IF(ISBLANK(C14),"",VLOOKUP(C14,Inscripciones!$B$7:$F$200,5,FALSE)) -> 462 | J14: =IF(ISBLANK(J11)," ",(E19+F19+G19+E23+F23+G23+H19+I19+H23+I23)/(E18+F18+G18+E22+F22+G22+H18+I18+H22+I22))
B17: Partida | D17: JUGADOR | E17: 1º set | F17: 2º set | G17: 3º set | H17: 4º set | I17: 5º set | J17: Ganador
B18: 1 | C18: 1 | D18: =D12 -> TOMAS IGNACIO UGALDE HERNANDEZ | E18: 11 | F18: 11 | J18: {=IF(AND(TRIM(E18)="WO",TRIM(E19)="WO"),"",IF(TRIM(E19)="WO",C18,IF(TRIM(E18)="WO",C19,IF(SUMPRODUCT(--(E18:I18>E19:I19))>SUMPRODUCT(--(E19:I19>E18:I18)),C18,IF(SUMPRODUCT(--(E19:I19>E18:I18))>SUMPRODUCT(--(E18:I18>E19:I19)),C19,"")))))} -> 1
C19: 3 | D19: =D14 -> BRANDON VENEGAS MURILLO | E19: 6 | F19: 5
B20: 2 | C20: 1 | D20: =D12 -> TOMAS IGNACIO UGALDE HERNANDEZ | E20: 11 | F20: 11 | J20: {=IF(AND(TRIM(E20)="WO",TRIM(E21)="WO"),"",IF(TRIM(E21)="WO",C20,IF(TRIM(E20)="WO",C21,IF(SUMPRODUCT(--(E20:I20>E21:I21))>SUMPRODUCT(--(E21:I21>E20:I20)),C20,IF(SUMPRODUCT(--(E21:I21>E20:I20))>SUMPRODUCT(--(E20:I20>E21:I21)),C21,"")))))} -> 1
C21: 2 | D21: =D13 -> MIKEL MORA JIMÉNEZ | E21: 8 | F21: 9
B22: 3 | C22: 2 | D22: =D13 -> MIKEL MORA JIMÉNEZ | E22: 11 | F22: 11 | J22: {=IF(AND(TRIM(E22)="WO",TRIM(E23)="WO"),"",IF(TRIM(E23)="WO",C22,IF(TRIM(E22)="WO",C23,IF(SUMPRODUCT(--(E22:I22>E23:I23))>SUMPRODUCT(--(E23:I23>E22:I22)),C22,IF(SUMPRODUCT(--(E23:I23>E22:I22))>SUMPRODUCT(--(E22:I22>E23:I23)),C23,"")))))} -> 2
C23: 3 | D23: =D14 -> BRANDON VENEGAS MURILLO | E23: 8 | F23: 4
C32: Clasificados (# de carne) | F32: Revisión de Camisas y Raquetas
C33: Carnet | D33: Nombre | F33: Revisión de nombres y resultados
C34: 4679 | D34: =IF(ISBLANK(C34),"",VLOOKUP(C34,Inscripciones!$B$5:$F$200,2,FALSE)) -> TOMAS IGNACIO UGALDE HERNANDEZ | F34: Árbitro
C35: 4293 | D35: =IF(ISBLANK(C35),"",VLOOKUP(C35,Inscripciones!$B$5:$F$200,2,FALSE)) -> MIKEL MORA JIMÉNEZ | F35: Marque si hay informe

Sheet Grupo 12
B2: #VALUE!
L5: En Caso de ocupar 3 de 5, mostrar columnas H - I En caso de 2 de 2, ocultarlas.
G7: Fecha: | J7: =TODAY() -> 46288
B9: Categoría | D9: =Inscripciones!B2 -> U13 MASCULINO | E9: Grupo nº | F9: 12 | G9: Mesa nº
B11: Orden | C11: Carné | D11: Jugadores | E11: Lugar | F11: Ranking | G11: Puntos
A12: =F9+0.1 -> 12.1 | B12: 1 | C12: =VLOOKUP(A12,Inscripciones!A5:G167,2,FALSE) -> 4325 | D12: =IF(ISBLANK(C12),"",VLOOKUP(C12,Inscripciones!$B$5:$F$200,2,FALSE)) -> BENJAMIN CALDERON CECILIANO | E12: =IF(ISBLANK(C12),"",VLOOKUP(C12,Inscripciones!$B$5:$F$200,3,FALSE)) -> CURRIDABAT | F12: =IF(ISBLANK(C12),"",VLOOKUP(C12,Inscripciones!$B$5:$F$200,4,FALSE)) -> 12 | G12: =IF(ISBLANK(C12),"",VLOOKUP(C12,Inscripciones!$B$5:$F$200,5,FALSE)) -> 565 | J12: =IF(ISBLANK(J11)," ",(E18+F18+G18+E20+F20+G20+H18+I18+H20+I20)/(E19+F19+G19+E21+F21+G21+H19+I19+H21+I21))
A13: =F9+0.2 -> 12.2 | B13: 2 | C13: =VLOOKUP(A13,Inscripciones!A5:G168,2,FALSE) -> 4351 | D13: =IF(ISBLANK(C13),"",VLOOKUP(C13,Inscripciones!$B$5:$F$200,2,FALSE)) -> DANIEL GARRO OBALDÍA | E13: =IF(ISBLANK(C13),"",VLOOKUP(C13,Inscripciones!$B$5:$F$200,3,FALSE)) -> SANTA ANA | F13: =IF(ISBLANK(C13),"",VLOOKUP(C13,Inscripciones!$B$5:$F$200,4,FALSE)) -> 21 | G13: =IF(ISBLANK(C13),"",VLOOKUP(C13,Inscripciones!$B$5:$F$200,5,FALSE)) -> 535 | J13: =IF(ISBLANK(J11)," ",(E21+F21+G21+E22+F22+G22+H21+I21+H22+I22)/(E20+F20+G20+E23+F23+G23+H20+I20+H23+I23))
A14: =+F9+0.3 -> 12.3 | B14: 3 | C14: =VLOOKUP(A14,Inscripciones!A6:G169,2,FALSE) -> 4702 | D14: =IF(ISBLANK(C14),"",VLOOKUP(C14,Inscripciones!$B$7:$F$200,2,FALSE)) -> FABIAN JOSUÉ CISNEROS VARGAS | E14: =IF(ISBLANK(C14),"",VLOOKUP(C14,Inscripciones!$B$7:$F$200,3,FALSE)) -> ESPARZA | F14: =IF(ISBLANK(C14),"",VLOOKUP(C14,Inscripciones!$B$7:$F$200,4,FALSE)) -> 54 | G14: =IF(ISBLANK(C14),"",VLOOKUP(C14,Inscripciones!$B$7:$F$200,5,FALSE)) -> 462 | J14: =IF(ISBLANK(J11)," ",(E19+F19+G19+E23+F23+G23+H19+I19+H23+I23)/(E18+F18+G18+E22+F22+G22+H18+I18+H22+I22))
B17: Partida | D17: JUGADOR | E17: 1º set | F17: 2º set | G17: 3º set | H17: 4º set | I17: 5º set | J17: Ganador
B18: 1 | C18: 1 | D18: =D12 -> BENJAMIN CALDERON CECILIANO | E18: 11 | F18: 11 | J18: {=IF(AND(TRIM(E18)="WO",TRIM(E19)="WO"),"",IF(TRIM(E19)="WO",C18,IF(TRIM(E18)="WO",C19,IF(SUMPRODUCT(--(E18:I18>E19:I19))>SUMPRODUCT(--(E19:I19>E18:I18)),C18,IF(SUMPRODUCT(--(E19:I19>E18:I18))>SUMPRODUCT(--(E18:I18>E19:I19)),C19,"")))))} -> 1
C19: 3 | D19: =D14 -> FABIAN JOSUÉ CISNEROS VARGAS | E19: 3 | F19: 6
B20: 2 | C20: 1 | D20: =D12 -> BENJAMIN CALDERON CECILIANO | E20: 4 | F20: 8 | J20: {=IF(AND(TRIM(E20)="WO",TRIM(E21)="WO"),"",IF(TRIM(E21)="WO",C20,IF(TRIM(E20)="WO",C21,IF(SUMPRODUCT(--(E20:I20>E21:I21))>SUMPRODUCT(--(E21:I21>E20:I20)),C20,IF(SUMPRODUCT(--(E21:I21>E20:I20))>SUMPRODUCT(--(E20:I20>E21:I21)),C21,"")))))} -> 2
C21: 2 | D21: =D13 -> DANIEL GARRO OBALDÍA | E21: 11 | F21: 11
B22: 3 | C22: 2 | D22: =D13 -> DANIEL GARRO OBALDÍA | E22: 11 | F22: 11 | J22: {=IF(AND(TRIM(E22)="WO",TRIM(E23)="WO"),"",IF(TRIM(E23)="WO",C22,IF(TRIM(E22)="WO",C23,IF(SUMPRODUCT(--(E22:I22>E23:I23))>SUMPRODUCT(--(E23:I23>E22:I22)),C22,IF(SUMPRODUCT(--(E23:I23>E22:I22))>SUMPRODUCT(--(E22:I22>E23:I23)),C23,"")))))} -> 2
C23: 3 | D23: =D14 -> FABIAN JOSUÉ CISNEROS VARGAS | E23: 9 | F23: 2
C32: Clasificados (# de carne) | F32: Revisión de Camisas y Raquetas
C33: Carnet | D33: Nombre | F33: Revisión de nombres y resultados
C34: 4351 | D34: =IF(ISBLANK(C34),"",VLOOKUP(C34,Inscripciones!$B$5:$F$200,2,FALSE)) -> DANIEL GARRO OBALDÍA | F34: Árbitro
C35: 4325 | D35: =IF(ISBLANK(C35),"",VLOOKUP(C35,Inscripciones!$B$5:$F$200,2,FALSE)) -> BENJAMIN CALDERON CECILIANO | F35: Marque si hay informe

Sheet Grupo 13
B2: #VALUE!
L5: En Caso de ocupar 3 de 5, mostrar columnas H - I En caso de 2 de 2, ocultarlas.
G7: Fecha: | J7: =TODAY() -> 46288
B9: Categoría | D9: =Inscripciones!B2 -> U13 MASCULINO | E9: Grupo nº | F9: 13 | G9: Mesa nº
B11: Orden | C11: Carné | D11: Jugadores | E11: Lugar | F11: Ranking | G11: Puntos
A12: =F9+0.1 -> 13.1 | B12: 1 | C12: =VLOOKUP(A12,Inscripciones!A5:G167,2,FALSE) -> 4458 | D12: =IF(ISBLANK(C12),"",VLOOKUP(C12,Inscripciones!$B$5:$F$200,2,FALSE)) -> MATHIAS QUESADA CASTILLO | E12: =IF(ISBLANK(C12),"",VLOOKUP(C12,Inscripciones!$B$5:$F$200,3,FALSE)) -> ESPARZA | F12: =IF(ISBLANK(C12),"",VLOOKUP(C12,Inscripciones!$B$5:$F$200,4,FALSE)) -> 13 | G12: =IF(ISBLANK(C12),"",VLOOKUP(C12,Inscripciones!$B$5:$F$200,5,FALSE)) -> 563 | J12: =IF(ISBLANK(J11)," ",(E18+F18+G18+E20+F20+G20+H18+I18+H20+I20)/(E19+F19+G19+E21+F21+G21+H19+I19+H21+I21))
A13: =F9+0.2 -> 13.2 | B13: 2 | C13: =VLOOKUP(A13,Inscripciones!A5:G168,2,FALSE) -> 4227 | D13: =IF(ISBLANK(C13),"",VLOOKUP(C13,Inscripciones!$B$5:$F$200,2,FALSE)) -> ISAAC GUTIERREZ CHACON | E13: =IF(ISBLANK(C13),"",VLOOKUP(C13,Inscripciones!$B$5:$F$200,3,FALSE)) -> CCDR SANTA CRUZ | F13: =IF(ISBLANK(C13),"",VLOOKUP(C13,Inscripciones!$B$5:$F$200,4,FALSE)) -> 19 | G13: =IF(ISBLANK(C13),"",VLOOKUP(C13,Inscripciones!$B$5:$F$200,5,FALSE)) -> 539 | J13: =IF(ISBLANK(J11)," ",(E21+F21+G21+E22+F22+G22+H21+I21+H22+I22)/(E20+F20+G20+E23+F23+G23+H20+I20+H23+I23))
A14: =+F9+0.3 -> 13.3 | B14: 3 | C14: =VLOOKUP(A14,Inscripciones!A6:G169,2,FALSE) -> 4829 | D14: =IF(ISBLANK(C14),"",VLOOKUP(C14,Inscripciones!$B$7:$F$200,2,FALSE)) -> EMILIANO SOLIS FUMERO | E14: =IF(ISBLANK(C14),"",VLOOKUP(C14,Inscripciones!$B$7:$F$200,3,FALSE)) -> CCDR SAN JOSÉ | F14: =IF(ISBLANK(C14),"",VLOOKUP(C14,Inscripciones!$B$7:$F$200,4,FALSE)) -> 55 | G14: =IF(ISBLANK(C14),"",VLOOKUP(C14,Inscripciones!$B$7:$F$200,5,FALSE)) -> 461 | J14: =IF(ISBLANK(J11)," ",(E19+F19+G19+E23+F23+G23+H19+I19+H23+I23)/(E18+F18+G18+E22+F22+G22+H18+I18+H22+I22))
B17: Partida | D17: JUGADOR | E17: 1º set | F17: 2º set | G17: 3º set | H17: 4º set | I17: 5º set | J17: Ganador
B18: 1 | C18: 1 | D18: =D12 -> MATHIAS QUESADA CASTILLO | E18: 11 | F18: 11 | J18: {=IF(AND(TRIM(E18)="WO",TRIM(E19)="WO"),"",IF(TRIM(E19)="WO",C18,IF(TRIM(E18)="WO",C19,IF(SUMPRODUCT(--(E18:I18>E19:I19))>SUMPRODUCT(--(E19:I19>E18:I18)),C18,IF(SUMPRODUCT(--(E19:I19>E18:I18))>SUMPRODUCT(--(E18:I18>E19:I19)),C19,"")))))} -> 1
C19: 3 | D19: =D14 -> EMILIANO SOLIS FUMERO | E19: wo | F19: wo
B20: 2 | C20: 1 | D20: =D12 -> MATHIAS QUESADA CASTILLO | E20: 11 | F20: 11 | J20: {=IF(AND(TRIM(E20)="WO",TRIM(E21)="WO"),"",IF(TRIM(E21)="WO",C20,IF(TRIM(E20)="WO",C21,IF(SUMPRODUCT(--(E20:I20>E21:I21))>SUMPRODUCT(--(E21:I21>E20:I20)),C20,IF(SUMPRODUCT(--(E21:I21>E20:I20))>SUMPRODUCT(--(E20:I20>E21:I21)),C21,"")))))} -> 1
C21: 2 | D21: =D13 -> ISAAC GUTIERREZ CHACON | E21: 4 | F21: 8
B22: 3 | C22: 2 | D22: =D13 -> ISAAC GUTIERREZ CHACON | E22: 11 | F22: 11 | J22: {=IF(AND(TRIM(E22)="WO",TRIM(E23)="WO"),"",IF(TRIM(E23)="WO",C22,IF(TRIM(E22)="WO",C23,IF(SUMPRODUCT(--(E22:I22>E23:I23))>SUMPRODUCT(--(E23:I23>E22:I22)),C22,IF(SUMPRODUCT(--(E23:I23>E22:I22))>SUMPRODUCT(--(E22:I22>E23:I23)),C23,"")))))} -> 2
C23: 3 | D23: =D14 -> EMILIANO SOLIS FUMERO | E23: wo | F23: wo
C32: Clasificados (# de carne) | F32: Revisión de Camisas y Raquetas
C33: Carnet | D33: Nombre | F33: Revisión de nombres y resultados
C34: 4458 | D34: =IF(ISBLANK(C34),"",VLOOKUP(C34,Inscripciones!$B$5:$F$200,2,FALSE)) -> MATHIAS QUESADA CASTILLO | F34: Árbitro
C35: 4227 | D35: =IF(ISBLANK(C35),"",VLOOKUP(C35,Inscripciones!$B$5:$F$200,2,FALSE)) -> ISAAC GUTIERREZ CHACON | F35: Marque si hay informe

Sheet Grupo 14
B2: #VALUE!
L5: En Caso de ocupar 3 de 5, mostrar columnas H - I En caso de 2 de 2, ocultarlas.
G7: Fecha: | J7: =TODAY() -> 46288
B9: Categoría | D9: =Inscripciones!B2 -> U13 MASCULINO | E9: Grupo nº | F9: 14 | G9: Mesa nº
B11: Orden | C11: Carné | D11: Jugadores | E11: Lugar | F11: Ranking | G11: Puntos
A12: =F9+0.1 -> 14.1 | B12: 1 | C12: =VLOOKUP(A12,Inscripciones!A5:G167,2,FALSE) -> 4151 | D12: =IF(ISBLANK(C12),"",VLOOKUP(C12,Inscripciones!$B$5:$F$200,2,FALSE)) -> ISAAC DAVID CASTRO DÍAZ | E12: =IF(ISBLANK(C12),"",VLOOKUP(C12,Inscripciones!$B$5:$F$200,3,FALSE)) -> SAN CARLOS | F12: =IF(ISBLANK(C12),"",VLOOKUP(C12,Inscripciones!$B$5:$F$200,4,FALSE)) -> 14 | G12: =IF(ISBLANK(C12),"",VLOOKUP(C12,Inscripciones!$B$5:$F$200,5,FALSE)) -> 558 | J12: =IF(ISBLANK(J11)," ",(E18+F18+G18+E20+F20+G20+H18+I18+H20+I20)/(E19+F19+G19+E21+F21+G21+H19+I19+H21+I21))
A13: =F9+0.2 -> 14.2 | B13: 2 | C13: =VLOOKUP(A13,Inscripciones!A5:G168,2,FALSE) -> 4459 | D13: =IF(ISBLANK(C13),"",VLOOKUP(C13,Inscripciones!$B$5:$F$200,2,FALSE)) -> SAÚL JESÉ OROZCO REYES | E13: =IF(ISBLANK(C13),"",VLOOKUP(C13,Inscripciones!$B$5:$F$200,3,FALSE)) -> ESPARZA | F13: =IF(ISBLANK(C13),"",VLOOKUP(C13,Inscripciones!$B$5:$F$200,4,FALSE)) -> 24 | G13: =IF(ISBLANK(C13),"",VLOOKUP(C13,Inscripciones!$B$5:$F$200,5,FALSE)) -> 516 | J13: =IF(ISBLANK(J11)," ",(E21+F21+G21+E22+F22+G22+H21+I21+H22+I22)/(E20+F20+G20+E23+F23+G23+H20+I20+H23+I23))
A14: =+F9+0.3 -> 14.3 | B14: 3 | C14: =VLOOKUP(A14,Inscripciones!A6:G169,2,FALSE) -> 4027 | D14: =IF(ISBLANK(C14),"",VLOOKUP(C14,Inscripciones!$B$7:$F$200,2,FALSE)) -> MATIAS VALVERDE CHINCHILLA | E14: =IF(ISBLANK(C14),"",VLOOKUP(C14,Inscripciones!$B$7:$F$200,3,FALSE)) -> SANTO DOMINGO | F14: =IF(ISBLANK(C14),"",VLOOKUP(C14,Inscripciones!$B$7:$F$200,4,FALSE)) -> 56 | G14: =IF(ISBLANK(C14),"",VLOOKUP(C14,Inscripciones!$B$7:$F$200,5,FALSE)) -> 461 | J14: =IF(ISBLANK(J11)," ",(E19+F19+G19+E23+F23+G23+H19+I19+H23+I23)/(E18+F18+G18+E22+F22+G22+H18+I18+H22+I22))
B17: Partida | D17: JUGADOR | E17: 1º set | F17: 2º set | G17: 3º set | H17: 4º set | I17: 5º set | J17: Ganador
B18: 1 | C18: 1 | D18: =D12 -> ISAAC DAVID CASTRO DÍAZ | E18: 11 | F18: 11 | J18: {=IF(AND(TRIM(E18)="WO",TRIM(E19)="WO"),"",IF(TRIM(E19)="WO",C18,IF(TRIM(E18)="WO",C19,IF(SUMPRODUCT(--(E18:I18>E19:I19))>SUMPRODUCT(--(E19:I19>E18:I18)),C18,IF(SUMPRODUCT(--(E19:I19>E18:I18))>SUMPRODUCT(--(E18:I18>E19:I19)),C19,"")))))} -> 1
C19: 3 | D19: =D14 -> MATIAS VALVERDE CHINCHILLA | E19: 9 | F19: 2
B20: 2 | C20: 1 | D20: =D12 -> ISAAC DAVID CASTRO DÍAZ | E20: 11 | F20: 9 | G20: 11 | J20: {=IF(AND(TRIM(E20)="WO",TRIM(E21)="WO"),"",IF(TRIM(E21)="WO",C20,IF(TRIM(E20)="WO",C21,IF(SUMPRODUCT(--(E20:I20>E21:I21))>SUMPRODUCT(--(E21:I21>E20:I20)),C20,IF(SUMPRODUCT(--(E21:I21>E20:I20))>SUMPRODUCT(--(E20:I20>E21:I21)),C21,"")))))} -> 1
C21: 2 | D21: =D13 -> SAÚL JESÉ OROZCO REYES | E21: 5 | F21: 11 | G21: 6
B22: 3 | C22: 2 | D22: =D13 -> SAÚL JESÉ OROZCO REYES | E22: 14 | F22: 11 | J22: {=IF(AND(TRIM(E22)="WO",TRIM(E23)="WO"),"",IF(TRIM(E23)="WO",C22,IF(TRIM(E22)="WO",C23,IF(SUMPRODUCT(--(E22:I22>E23:I23))>SUMPRODUCT(--(E23:I23>E22:I22)),C22,IF(SUMPRODUCT(--(E23:I23>E22:I22))>SUMPRODUCT(--(E22:I22>E23:I23)),C23,"")))))} -> 2
C23: 3 | D23: =D14 -> MATIAS VALVERDE CHINCHILLA | E23: 12 | F23: 4
C32: Clasificados (# de carne) | F32: Revisión de Camisas y Raquetas
C33: Carnet | D33: Nombre | F33: Revisión de nombres y resultados
C34: 4151 | D34: =IF(ISBLANK(C34),"",VLOOKUP(C34,Inscripciones!$B$5:$F$200,2,FALSE)) -> ISAAC DAVID CASTRO DÍAZ | F34: Árbitro
C35: 4459 | D35: =IF(ISBLANK(C35),"",VLOOKUP(C35,Inscripciones!$B$5:$F$200,2,FALSE)) -> SAÚL JESÉ OROZCO REYES | F35: Marque si hay informe

Sheet Grupo 15
B2: #VALUE!
L5: En Caso de ocupar 3 de 5, mostrar columnas H - I En caso de 2 de 2, ocultarlas.
G7: Fecha: | J7: =TODAY() -> 46288
B9: Categoría | D9: =Inscripciones!B2 -> U13 MASCULINO | E9: Grupo nº | F9: 15 | G9: Mesa nº
B11: Orden | C11: Carné | D11: Jugadores | E11: Lugar | F11: Ranking | G11: Puntos
A12: =F9+0.1 -> 15.1 | B12: 1 | C12: =VLOOKUP(A12,Inscripciones!A5:G167,2,FALSE) -> 4283 | D12: =IF(ISBLANK(C12),"",VLOOKUP(C12,Inscripciones!$B$5:$F$200,2,FALSE)) -> ISAAC CHACÓN RETANA | E12: =IF(ISBLANK(C12),"",VLOOKUP(C12,Inscripciones!$B$5:$F$200,3,FALSE)) -> SAN CARLOS | F12: =IF(ISBLANK(C12),"",VLOOKUP(C12,Inscripciones!$B$5:$F$200,4,FALSE)) -> 15 | G12: =IF(ISBLANK(C12),"",VLOOKUP(C12,Inscripciones!$B$5:$F$200,5,FALSE)) -> 557 | J12: =IF(ISBLANK(J11)," ",(E18+F18+G18+E20+F20+G20+H18+I18+H20+I20)/(E19+F19+G19+E21+F21+G21+H19+I19+H21+I21))
A13: =F9+0.2 -> 15.2 | B13: 2 | C13: =VLOOKUP(A13,Inscripciones!A5:G168,2,FALSE) -> 4175 | D13: =IF(ISBLANK(C13),"",VLOOKUP(C13,Inscripciones!$B$5:$F$200,2,FALSE)) -> BENJAMÍN QUIRÓS BALTODANO | E13: =IF(ISBLANK(C13),"",VLOOKUP(C13,Inscripciones!$B$5:$F$200,3,FALSE)) -> ESPARZA | F13: =IF(ISBLANK(C13),"",VLOOKUP(C13,Inscripciones!$B$5:$F$200,4,FALSE)) -> 22 | G13: =IF(ISBLANK(C13),"",VLOOKUP(C13,Inscripciones!$B$5:$F$200,5,FALSE)) -> 531 | J13: =IF(ISBLANK(J11)," ",(E21+F21+G21+E22+F22+G22+H21+I21+H22+I22)/(E20+F20+G20+E23+F23+G23+H20+I20+H23+I23))
A14: =+F9+0.3 -> 15.3 | B14: 3 | C14: =VLOOKUP(A14,Inscripciones!A6:G169,2,FALSE) -> 4768 | D14: =IF(ISBLANK(C14),"",VLOOKUP(C14,Inscripciones!$B$7:$F$200,2,FALSE)) -> SANTIAGO LOPEZ | E14: =IF(ISBLANK(C14),"",VLOOKUP(C14,Inscripciones!$B$7:$F$200,3,FALSE)) -> GUARCO | F14: =IF(ISBLANK(C14),"",VLOOKUP(C14,Inscripciones!$B$7:$F$200,4,FALSE)) -> 61 | G14: =IF(ISBLANK(C14),"",VLOOKUP(C14,Inscripciones!$B$7:$F$200,5,FALSE)) -> 452 | J14: =IF(ISBLANK(J11)," ",(E19+F19+G19+E23+F23+G23+H19+I19+H23+I23)/(E18+F18+G18+E22+F22+G22+H18+I18+H22+I22))
B17: Partida | D17: JUGADOR | E17: 1º set | F17: 2º set | G17: 3º set | H17: 4º set | I17: 5º set | J17: Ganador
B18: 1 | C18: 1 | D18: =D12 -> ISAAC CHACÓN RETANA | E18: 11 | F18: 11 | J18: {=IF(AND(TRIM(E18)="WO",TRIM(E19)="WO"),"",IF(TRIM(E19)="WO",C18,IF(TRIM(E18)="WO",C19,IF(SUMPRODUCT(--(E18:I18>E19:I19))>SUMPRODUCT(--(E19:I19>E18:I18)),C18,IF(SUMPRODUCT(--(E19:I19>E18:I18))>SUMPRODUCT(--(E18:I18>E19:I19)),C19,"")))))} -> 1
C19: 3 | D19: =D14 -> SANTIAGO LOPEZ | E19: 3 | F19: 5
B20: 2 | C20: 1 | D20: =D12 -> ISAAC CHACÓN RETANA | E20: 11 | F20: 8 | G20: 7 | J20: {=IF(AND(TRIM(E20)="WO",TRIM(E21)="WO"),"",IF(TRIM(E21)="WO",C20,IF(TRIM(E20)="WO",C21,IF(SUMPRODUCT(--(E20:I20>E21:I21))>SUMPRODUCT(--(E21:I21>E20:I20)),C20,IF(SUMPRODUCT(--(E21:I21>E20:I20))>SUMPRODUCT(--(E20:I20>E21:I21)),C21,"")))))} -> 2
C21: 2 | D21: =D13 -> BENJAMÍN QUIRÓS BALTODANO | E21: 8 | F21: 11 | G21: 11
B22: 3 | C22: 2 | D22: =D13 -> BENJAMÍN QUIRÓS BALTODANO | E22: 11 | F22: 11 | J22: {=IF(AND(TRIM(E22)="WO",TRIM(E23)="WO"),"",IF(TRIM(E23)="WO",C22,IF(TRIM(E22)="WO",C23,IF(SUMPRODUCT(--(E22:I22>E23:I23))>SUMPRODUCT(--(E23:I23>E22:I22)),C22,IF(SUMPRODUCT(--(E23:I23>E22:I22))>SUMPRODUCT(--(E22:I22>E23:I23)),C23,"")))))} -> 2
C23: 3 | D23: =D14 -> SANTIAGO LOPEZ | E23: 3 | F23: 9
C32: Clasificados (# de carne) | F32: Revisión de Camisas y Raquetas
C33: Carnet | D33: Nombre | F33: Revisión de nombres y resultados
C34: 4175 | D34: =IF(ISBLANK(C34),"",VLOOKUP(C34,Inscripciones!$B$5:$F$200,2,FALSE)) -> BENJAMÍN QUIRÓS BALTODANO | F34: Árbitro
C35: 4283 | D35: =IF(ISBLANK(C35),"",VLOOKUP(C35,Inscripciones!$B$5:$F$200,2,FALSE)) -> ISAAC CHACÓN RETANA | F35: Marque si hay informe

Sheet Grupo 16
B2: #VALUE!
L5: En Caso de ocupar 3 de 5, mostrar columnas H - I En caso de 2 de 2, ocultarlas.
G7: Fecha: | J7: =TODAY() -> 46288
B9: Categoría | D9: =Inscripciones!B2 -> U13 MASCULINO | E9: Grupo nº | F9: 16 | G9: Mesa nº
B11: Orden | C11: Carné | D11: Jugadores | E11: Lugar | F11: Ranking | G11: Puntos
A12: =F9+0.1 -> 16.1 | B12: 1 | C12: =VLOOKUP(A12,Inscripciones!A5:G167,2,FALSE) -> 4377 | D12: =IF(ISBLANK(C12),"",VLOOKUP(C12,Inscripciones!$B$5:$F$200,2,FALSE)) -> AARON RAMIREZ LEON | E12: =IF(ISBLANK(C12),"",VLOOKUP(C12,Inscripciones!$B$5:$F$200,3,FALSE)) -> ESCAZÚ | F12: =IF(ISBLANK(C12),"",VLOOKUP(C12,Inscripciones!$B$5:$F$200,4,FALSE)) -> 16 | G12: =IF(ISBLANK(C12),"",VLOOKUP(C12,Inscripciones!$B$5:$F$200,5,FALSE)) -> 552 | J12: =IF(ISBLANK(J11)," ",(E18+F18+G18+E20+F20+G20+H18+I18+H20+I20)/(E19+F19+G19+E21+F21+G21+H19+I19+H21+I21))
A13: =F9+0.2 -> 16.2 | B13: 2 | C13: =VLOOKUP(A13,Inscripciones!A5:G168,2,FALSE) -> 4296 | D13: =IF(ISBLANK(C13),"",VLOOKUP(C13,Inscripciones!$B$5:$F$200,2,FALSE)) -> SAÚL EMIR PÉREZ MEDINA | E13: =IF(ISBLANK(C13),"",VLOOKUP(C13,Inscripciones!$B$5:$F$200,3,FALSE)) -> ESPARZA | F13: =IF(ISBLANK(C13),"",VLOOKUP(C13,Inscripciones!$B$5:$F$200,4,FALSE)) -> 18 | G13: =IF(ISBLANK(C13),"",VLOOKUP(C13,Inscripciones!$B$5:$F$200,5,FALSE)) -> 544 | J13: =IF(ISBLANK(J11)," ",(E21+F21+G21+E22+F22+G22+H21+I21+H22+I22)/(E20+F20+G20+E23+F23+G23+H20+I20+H23+I23))
A14: =+F9+0.3 -> 16.3 | B14: 3 | C14: =VLOOKUP(A14,Inscripciones!A6:G169,2,FALSE) -> 4723 | D14: =IF(ISBLANK(C14),"",VLOOKUP(C14,Inscripciones!$B$7:$F$200,2,FALSE)) -> FABIAN LOPEZ GIANOLI | E14: =IF(ISBLANK(C14),"",VLOOKUP(C14,Inscripciones!$B$7:$F$200,3,FALSE)) -> ALAJUELA | F14: =IF(ISBLANK(C14),"",VLOOKUP(C14,Inscripciones!$B$7:$F$200,4,FALSE)) -> 64 | G14: =IF(ISBLANK(C14),"",VLOOKUP(C14,Inscripciones!$B$7:$F$200,5,FALSE)) -> 447 | J14: =IF(ISBLANK(J11)," ",(E19+F19+G19+E23+F23+G23+H19+I19+H23+I23)/(E18+F18+G18+E22+F22+G22+H18+I18+H22+I22))
B17: Partida | D17: JUGADOR | E17: 1º set | F17: 2º set | G17: 3º set | H17: 4º set | I17: 5º set | J17: Ganador
B18: 1 | C18: 1 | D18: =D12 -> AARON RAMIREZ LEON | E18: 11 | F18: 11 | J18: {=IF(AND(TRIM(E18)="WO",TRIM(E19)="WO"),"",IF(TRIM(E19)="WO",C18,IF(TRIM(E18)="WO",C19,IF(SUMPRODUCT(--(E18:I18>E19:I19))>SUMPRODUCT(--(E19:I19>E18:I18)),C18,IF(SUMPRODUCT(--(E19:I19>E18:I18))>SUMPRODUCT(--(E18:I18>E19:I19)),C19,"")))))} -> 1
C19: 3 | D19: =D14 -> FABIAN LOPEZ GIANOLI | E19: 2 | F19: 4
B20: 2 | C20: 1 | D20: =D12 -> AARON RAMIREZ LEON | E20: 11 | F20: 8 | J20: {=IF(AND(TRIM(E20)="WO",TRIM(E21)="WO"),"",IF(TRIM(E21)="WO",C20,IF(TRIM(E20)="WO",C21,IF(SUMPRODUCT(--(E20:I20>E21:I21))>SUMPRODUCT(--(E21:I21>E20:I20)),C20,IF(SUMPRODUCT(--(E21:I21>E20:I20))>SUMPRODUCT(--(E20:I20>E21:I21)),C21,"")))))} -> 2
C21: 2 | D21: =D13 -> SAÚL EMIR PÉREZ MEDINA | E21: 13 | F21: 11
B22: 3 | C22: 2 | D22: =D13 -> SAÚL EMIR PÉREZ MEDINA | E22: 11 | F22: 11 | J22: {=IF(AND(TRIM(E22)="WO",TRIM(E23)="WO"),"",IF(TRIM(E23)="WO",C22,IF(TRIM(E22)="WO",C23,IF(SUMPRODUCT(--(E22:I22>E23:I23))>SUMPRODUCT(--(E23:I23>E22:I22)),C22,IF(SUMPRODUCT(--(E23:I23>E22:I22))>SUMPRODUCT(--(E22:I22>E23:I23)),C23,"")))))} -> 2
C23: 3 | D23: =D14 -> FABIAN LOPEZ GIANOLI | E23: 0 | F23: 2
C32: Clasificados (# de carne) | F32: Revisión de Camisas y Raquetas
C33: Carnet | D33: Nombre | F33: Revisión de nombres y resultados
C34: 4296 | D34: =IF(ISBLANK(C34),"",VLOOKUP(C34,Inscripciones!$B$5:$F$200,2,FALSE)) -> SAÚL EMIR PÉREZ MEDINA | F34: Árbitro
C35: 4377 | D35: =IF(ISBLANK(C35),"",VLOOKUP(C35,Inscripciones!$B$5:$F$200,2,FALSE)) -> AARON RAMIREZ LEON | F35: Marque si hay informe

Sheet Grupo 17
B2: #VALUE!
L5: En Caso de ocupar 3 de 5, mostrar columnas H - I En caso de 2 de 2, ocultarlas. | O5: Todo | P5: Imprimir
O6: Par | P6: Todo
G7: Fecha: | J7: =TODAY() -> 46288 | O7: Impar
B9: Categoría: | D9: =Inscripciones!B2 -> U13 MASCULINO | E9: Grupo nº | F9: 17 | G9: Mesa nº
B11: Orden | C11: Carné | D11: Jugadores | E11: Lugar | F11: Ranking | G11: Puntos
A12: =$F$9+0.1 -> 17.1 | B12: 1 | C12: =VLOOKUP(A12,Inscripciones!$A$5:$G$167,2,FALSE) -> 4218 | D12: =IF(ISBLANK(C12),"",VLOOKUP(C12,Inscripciones!$B$7:$F$200,2,FALSE)) -> JULIÁN ESPINOZA CHAVEZ | E12: =IF(ISBLANK(C12),"",VLOOKUP(C12,Inscripciones!$B$7:$F$200,3,FALSE)) -> ESPARZA | F12: =IF(ISBLANK(C12),"",VLOOKUP(C12,Inscripciones!$B$7:$F$200,4,FALSE)) -> 17 | G12: =IF(ISBLANK(C12),"",VLOOKUP(C12,Inscripciones!$B$7:$F$200,5,FALSE)) -> 552
A13: =$F$9+0.2 -> 17.2 | B13: 2 | C13: =VLOOKUP(A13,Inscripciones!$A$5:$G$167,2,FALSE) -> 4215 | D13: =IF(ISBLANK(C13),"",VLOOKUP(C13,Inscripciones!$B$7:$F$200,2,FALSE)) -> TOBÍAS BOGARIN CUADRA | E13: =IF(ISBLANK(C13),"",VLOOKUP(C13,Inscripciones!$B$7:$F$200,3,FALSE)) -> CURRIDABAT | F13: =IF(ISBLANK(C13),"",VLOOKUP(C13,Inscripciones!$B$7:$F$200,4,FALSE)) -> 19 | G13: =IF(ISBLANK(C13),"",VLOOKUP(C13,Inscripciones!$B$7:$F$200,5,FALSE)) -> 539
A14: =$F$9+0.3 -> 17.3 | B14: 3 | C14: =VLOOKUP(A14,Inscripciones!$A$5:$G$167,2,FALSE) -> 4676 | D14: =IF(ISBLANK(C14),"",VLOOKUP(C14,Inscripciones!$B$7:$F$200,2,FALSE)) -> SAMUEL GUARDADO ROJAS | E14: =IF(ISBLANK(C14),"",VLOOKUP(C14,Inscripciones!$B$7:$F$200,3,FALSE)) -> SAN CARLOS | F14: =IF(ISBLANK(C14),"",VLOOKUP(C14,Inscripciones!$B$7:$F$200,4,FALSE)) -> 66 | G14: =IF(ISBLANK(C14),"",VLOOKUP(C14,Inscripciones!$B$7:$F$200,5,FALSE)) -> 440
A15: =$F$9+0.4 -> 17.4 | B15: 4 | C15: =VLOOKUP(A15,Inscripciones!$A$5:$G$167,2,FALSE) -> 4878 | D15: =IF(ISBLANK(C15),"",VLOOKUP(C15,Inscripciones!$B$7:$F$200,2,FALSE)) -> ALEJANDRO CASTRO MORA | E15: =IF(ISBLANK(C15),"",VLOOKUP(C15,Inscripciones!$B$7:$F$200,3,FALSE)) -> ASERRÍ | F15: =IF(ISBLANK(C15),"",VLOOKUP(C15,Inscripciones!$B$7:$F$200,4,FALSE)) -> 67 | G15: =IF(ISBLANK(C15),"",VLOOKUP(C15,Inscripciones!$B$7:$F$200,5,FALSE)) -> 435
B17: Partida | C17: Nº | D17: JUGADOR | E17: 1º set | F17: 2º set | G17: 3º set | H17: 4º set | I17: 5º set | J17: Ganador
B18: 1 | C18: 1 | D18: =D12 -> JULIÁN ESPINOZA CHAVEZ | E18: 11 | F18: 11 | J18: {=IF(AND(TRIM(E18)="WO",TRIM(E19)="WO"),"",IF(TRIM(E19)="WO",C18,IF(TRIM(E18)="WO",C19,IF(SUMPRODUCT(--(E18:I18>E19:I19))>SUMPRODUCT(--(E19:I19>E18:I18)),C18,IF(SUMPRODUCT(--(E19:I19>E18:I18))>SUMPRODUCT(--(E18:I18>E19:I19)),C19,"")))))} -> 1
C19: 3 | D19: =D14 -> SAMUEL GUARDADO ROJAS | E19: 6 | F19: 9
B20: 2 | C20: 4 | D20: =D15 -> ALEJANDRO CASTRO MORA | E20: 8 | F20: 2 | J20: {=IF(AND(TRIM(E20)="WO",TRIM(E21)="WO"),"",IF(TRIM(E21)="WO",C20,IF(TRIM(E20)="WO",C21,IF(SUMPRODUCT(--(E20:I20>E21:I21))>SUMPRODUCT(--(E21:I21>E20:I20)),C20,IF(SUMPRODUCT(--(E21:I21>E20:I20))>SUMPRODUCT(--(E20:I20>E21:I21)),C21,"")))))} -> 2
C21: 2 | D21: =D13 -> TOBÍAS BOGARIN CUADRA | E21: 11 | F21: 11
B22: 3 | C22: 1 | D22: =D12 -> JULIÁN ESPINOZA CHAVEZ | E22: 11 | F22: 11 | J22: {=IF(AND(TRIM(E22)="WO",TRIM(E23)="WO"),"",IF(TRIM(E23)="WO",C22,IF(TRIM(E22)="WO",C23,IF(SUMPRODUCT(--(E22:I22>E23:I23))>SUMPRODUCT(--(E23:I23>E22:I22)),C22,IF(SUMPRODUCT(--(E23:I23>E22:I22))>SUMPRODUCT(--(E22:I22>E23:I23)),C23,"")))))} -> 1
C23: 2 | D23: =D13 -> TOBÍAS BOGARIN CUADRA | E23: 4 | F23: 6
B24: 4 | C24: 3 | D24: =D19 -> SAMUEL GUARDADO ROJAS | E24: 11 | F24: 11 | J24: {=IF(AND(TRIM(E24)="WO",TRIM(E25)="WO"),"",IF(TRIM(E25)="WO",C24,IF(TRIM(E24)="WO",C25,IF(SUMPRODUCT(--(E24:I24>E25:I25))>SUMPRODUCT(--(E25:I25>E24:I24)),C24,IF(SUMPRODUCT(--(E25:I25>E24:I24))>SUMPRODUCT(--(E24:I24>E25:I25)),C25,"")))))} -> 3
C25: 4 | D25: =D20 -> ALEJANDRO CASTRO MORA | E25: 2 | F25: 1
B26: 5 | C26: 1 | D26: =D12 -> JULIÁN ESPINOZA CHAVEZ | E26: 11 | F26: 11 | J26: {=IF(AND(TRIM(E26)="WO",TRIM(E27)="WO"),"",IF(TRIM(E27)="WO",C26,IF(TRIM(E26)="WO",C27,IF(SUMPRODUCT(--(E26:I26>E27:I27))>SUMPRODUCT(--(E27:I27>E26:I26)),C26,IF(SUMPRODUCT(--(E27:I27>E26:I26))>SUMPRODUCT(--(E26:I26>E27:I27)),C27,"")))))} -> 1
C27: 4 | D27: =D15 -> ALEJANDRO CASTRO MORA | E27: 0 | F27: 2
B28: 6 | C28: 2 | D28: =D13 -> TOBÍAS BOGARIN CUADRA | E28: 9 | F28: 11 | G28: 4 | J28: {=IF(AND(TRIM(E28)="WO",TRIM(E29)="WO"),"",IF(TRIM(E29)="WO",C28,IF(TRIM(E28)="WO",C29,IF(SUMPRODUCT(--(E28:I28>E29:I29))>SUMPRODUCT(--(E29:I29>E28:I28)),C28,IF(SUMPRODUCT(--(E29:I29>E28:I28))>SUMPRODUCT(--(E28:I28>E29:I29)),C29,"")))))} -> 3
C29: 3 | D29: =D24 -> SAMUEL GUARDADO ROJAS | E29: 11 | F29: 8 | G29: 11
C32: Clasificados (# de carne) | F32: Revisión de Camisas y Raquetas
C33: Carnet | D33: Nombre | F33: Revisión de nombres y resultados
C34: 4218 | D34: =IF(ISBLANK(C34),"",VLOOKUP(C34,Inscripciones!$B$5:$F$200,2,FALSE)) -> JULIÁN ESPINOZA CHAVEZ | F34: Árbitro
C35: 4676 | D35: =IF(ISBLANK(C35),"",VLOOKUP(C35,Inscripciones!$B$5:$F$200,2,FALSE)) -> SAMUEL GUARDADO ROJAS | F35: Marque si hay informe

Sheet SORTEO 64
Z1: PRIMEROS DE GRUPO
B2: #VALUE! | X2: Gr | Y2: 1 | Z2: {=INDIRECT("'Grupo " & Y2 & "'!C34")} -> 3790 | AA2: =IF(ISBLANK(Z2),"",VLOOKUP(Z2,Inscripciones!$B$1:$M$194,2,FALSE)) -> FABIAN ROJAS VARELA | AB2: =IF(ISBLANK(Z2),"",VLOOKUP(Z2,Inscripciones!$B$1:$M$194,3,FALSE)) -> SAN CARLOS | AC2: 1 | AD2: =Z2 -> 3790 | AE2: =IF(AC2=0,0,IF(AC2<33,"UP","DO")) -> UP
X3: Gr | Y3: 2 | Z3: {=INDIRECT("'Grupo " & Y3 & "'!C34")} -> 4025 | AA3: =IF(ISBLANK(Z3),"",VLOOKUP(Z3,Inscripciones!$B$1:$M$194,2,FALSE)) -> GABRIEL CORRALES BARRANTES | AB3: =IF(ISBLANK(Z3),"",VLOOKUP(Z3,Inscripciones!$B$1:$M$194,3,FALSE)) -> ESPARZA | AC3: 64 | AD3: =Z3 -> 4025 | AE3: =IF(AC3=0,0,IF(AC3<33,"UP","DO")) -> DO
X4: Gr | Y4: 3 | Z4: {=INDIRECT("'Grupo " & Y4 & "'!C34")} -> 3787 | AA4: =IF(ISBLANK(Z4),"",VLOOKUP(Z4,Inscripciones!$B$1:$M$194,2,FALSE)) -> ISAAC RIVERA TORRES | AB4: =IF(ISBLANK(Z4),"",VLOOKUP(Z4,Inscripciones!$B$1:$M$194,3,FALSE)) -> CURRIDABAT | AC4: 33 | AD4: =Z4 -> 3787 | AE4: =IF(AC4=0,0,IF(AC4<33,"UP","DO")) -> DO
X5: Gr | Y5: 4 | Z5: {=INDIRECT("'Grupo " & Y5 & "'!C34")} -> 4297 | AA5: =IF(ISBLANK(Z5),"",VLOOKUP(Z5,Inscripciones!$B$1:$M$194,2,FALSE)) -> JESÉ DAVID CHAVES MUÑOZ | AB5: =IF(ISBLANK(Z5),"",VLOOKUP(Z5,Inscripciones!$B$1:$M$194,3,FALSE)) -> ESPARZA | AC5: 32 | AD5: =Z5 -> 4297 | AE5: =IF(AC5=0,0,IF(AC5<33,"UP","DO")) -> UP
B6: LLAVE FINAL U 13 MASCULINO | X6: Gr | Y6: 5 | Z6: {=INDIRECT("'Grupo " & Y6 & "'!C34")} -> 4026 | AA6: =IF(ISBLANK(Z6),"",VLOOKUP(Z6,Inscripciones!$B$1:$M$194,2,FALSE)) -> IAN GABRIEL VILLEGAS SALAS | AB6: =IF(ISBLANK(Z6),"",VLOOKUP(Z6,Inscripciones!$B$1:$M$194,3,FALSE)) -> SAN CARLOS | AC6: 17 | AD6: =Z6 -> 4026 | AE6: =IF(AC6=0,0,IF(AC6<33,"UP","DO")) -> UP
X7: Gr | Y7: 6 | Z7: {=INDIRECT("'Grupo " & Y7 & "'!C34")} -> 4181 | AA7: =IF(ISBLANK(Z7),"",VLOOKUP(Z7,Inscripciones!$B$1:$M$194,2,FALSE)) -> JUAN MARTÍN ARCE VÁSQUEZ | AB7: =IF(ISBLANK(Z7),"",VLOOKUP(Z7,Inscripciones!$B$1:$M$194,3,FALSE)) -> SAN CARLOS | AC7: 49 | AD7: =Z7 -> 4181 | AE7: =IF(AC7=0,0,IF(AC7<33,"UP","DO")) -> DO
X8: Gr | Y8: 7 | Z8: {=INDIRECT("'Grupo " & Y8 & "'!C34")} -> 3988 | AA8: =IF(ISBLANK(Z8),"",VLOOKUP(Z8,Inscripciones!$B$1:$M$194,2,FALSE)) -> JACKY CHENG FENG | AB8: =IF(ISBLANK(Z8),"",VLOOKUP(Z8,Inscripciones!$B$1:$M$194,3,FALSE)) -> ESCAZÚ | AC8: 16 | AD8: =Z8 -> 3988 | AE8: =IF(AC8=0,0,IF(AC8<33,"UP","DO")) -> UP
B9: 1ro G1 | C9: 1 | D9: =VLOOKUP(C9,$AC$2:$AE$301,2,FALSE) -> 3790 | E9: =IF(D9=0,0,VLOOKUP(D9,Inscripciones!$B$1:$M$194,2,FALSE)) -> FABIAN ROJAS VARELA | F9: =IF(D9=0,0,VLOOKUP(D9,Inscripciones!$B$1:$M$194,3,FALSE)) -> SAN CARLOS | P9: =IF(R9=0,0,VLOOKUP(R9,Inscripciones!$B$1:$M$194,3,FALSE)) -> CURRIDABAT | Q9: =IF(R9=0,0,VLOOKUP(R9,Inscripciones!$B$1:$M$194,2,FALSE)) -> ISAAC RIVERA TORRES | R9: =VLOOKUP(S9,$AC$2:$AE$301,2,FALSE) -> 3787 | S9: 33 | T9: 1ro G3-4 | X9: Gr | Y9: 8 | Z9: {=INDIRECT("'Grupo " & Y9 & "'!C34")} -> 3875 | AA9: =IF(ISBLANK(Z9),"",VLOOKUP(Z9,Inscripciones!$B$1:$M$194,2,FALSE)) -> CALEB CASCANTE MARIN | AB9: =IF(ISBLANK(Z9),"",VLOOKUP(Z9,Inscripciones!$B$1:$M$194,3,FALSE)) -> ESCAZÚ | AC9: 48 | AD9: =Z9 -> 3875 | AE9: =IF(AC9=0,0,IF(AC9<33,"UP","DO")) -> DO
B10: 2do | C10: 2 | D10: =VLOOKUP(C10,$AC$2:$AE$301,2,FALSE) -> X | E10: =IF(D10=0,0,VLOOKUP(D10,Inscripciones!$B$1:$M$194,2,FALSE)) -> BYE | F10: =IF(D10=0,0,VLOOKUP(D10,Inscripciones!$B$1:$M$194,3,FALSE)) -> BYE | P10: =IF(R10=0,0,VLOOKUP(R10,Inscripciones!$B$1:$M$194,3,FALSE)) -> BYE | Q10: =IF(R10=0,0,VLOOKUP(R10,Inscripciones!$B$1:$M$194,2,FALSE)) -> BYE | R10: =VLOOKUP(S10,$AC$2:$AE$301,2,FALSE) -> X | S10: 34 | T10: 2do | X10: Gr | Y10: 9 | Z10: {=INDIRECT("'Grupo " & Y10 & "'!C34")} -> 4177 | AA10: =IF(ISBLANK(Z10),"",VLOOKUP(Z10,Inscripciones!$B$1:$M$194,2,FALSE)) -> RODOLFO ALBERTO CHAVES LEON | AB10: =IF(ISBLANK(Z10),"",VLOOKUP(Z10,Inscripciones!$B$1:$M$194,3,FALSE)) -> ESPARZA | AC10: 56 | AD10: =Z10 -> 4177 | AE10: =IF(AC10=0,0,IF(AC10<33,"UP","DO")) -> DO
B11: 2do | C11: 3 | D11: =VLOOKUP(C11,$AC$2:$AE$301,2,FALSE) -> X | E11: =IF(D11=0,0,VLOOKUP(D11,Inscripciones!$B$1:$M$194,2,FALSE)) -> BYE | F11: =IF(D11=0,0,VLOOKUP(D11,Inscripciones!$B$1:$M$194,3,FALSE)) -> BYE | P11: =IF(R11=0,0,VLOOKUP(R11,Inscripciones!$B$1:$M$194,3,FALSE)) -> BYE | Q11: =IF(R11=0,0,VLOOKUP(R11,Inscripciones!$B$1:$M$194,2,FALSE)) -> BYE | R11: =VLOOKUP(S11,$AC$2:$AE$301,2,FALSE) -> X | S11: 35 | T11: 2do | X11: Gr | Y11: 10 | Z11: {=INDIRECT("'Grupo " & Y11 & "'!C34")} -> 5005 | AA11: =IF(ISBLANK(Z11),"",VLOOKUP(Z11,Inscripciones!$B$1:$M$194,2,FALSE)) -> ADRIAN ARTAVIA MORALES | AB11: =IF(ISBLANK(Z11),"",VLOOKUP(Z11,Inscripciones!$B$1:$M$194,3,FALSE)) -> MONTES DE OCA | AC11: 57 | AD11: =Z11 -> 5005 | AE11: =IF(AC11=0,0,IF(AC11<33,"UP","DO")) -> DO
B12: 1ro G17-32 | C12: 4 | D12: =VLOOKUP(C12,$AC$2:$AE$301,2,FALSE) -> 4459 | E12: =IF(D12=0,0,VLOOKUP(D12,Inscripciones!$B$1:$M$194,2,FALSE)) -> SAÚL JESÉ OROZCO REYES | F12: =IF(D12=0,0,VLOOKUP(D12,Inscripciones!$B$1:$M$194,3,FALSE)) -> ESPARZA | P12: =IF(R12=0,0,VLOOKUP(R12,Inscripciones!$B$1:$M$194,3,FALSE)) -> CORREDORES | Q12: =IF(R12=0,0,VLOOKUP(R12,Inscripciones!$B$1:$M$194,2,FALSE)) -> MATHIAS HAY GRANADOS | R12: =VLOOKUP(S12,$AC$2:$AE$301,2,FALSE) -> 4437 | S12: 36 | T12: 1ro G17-32 | X12: Gr | Y12: 11 | Z12: {=INDIRECT("'Grupo " & Y12 & "'!C34")} -> 4679 | AA12: =IF(ISBLANK(Z12),"",VLOOKUP(Z12,Inscripciones!$B$1:$M$194,2,FALSE)) -> TOMAS IGNACIO UGALDE HERNANDEZ | AB12: =IF(ISBLANK(Z12),"",VLOOKUP(Z12,Inscripciones!$B$1:$M$194,3,FALSE)) -> CCDR SAN JOSÉ | AC12: 24 | AD12: =Z12 -> 4679 | AE12: =IF(AC12=0,0,IF(AC12<33,"UP","DO")) -> UP
B13: 1ro G17-32 | C13: 5 | D13: =VLOOKUP(C13,$AC$2:$AE$301,2,FALSE) -> 4353 | E13: =IF(D13=0,0,VLOOKUP(D13,Inscripciones!$B$1:$M$194,2,FALSE)) -> IVAN ANDRÉS RODRÍGUEZ DURÁN | F13: =IF(D13=0,0,VLOOKUP(D13,Inscripciones!$B$1:$M$194,3,FALSE)) -> SAN CARLOS | P13: =IF(R13=0,0,VLOOKUP(R13,Inscripciones!$B$1:$M$194,3,FALSE)) -> ESPARZA | Q13: =IF(R13=0,0,VLOOKUP(R13,Inscripciones!$B$1:$M$194,2,FALSE)) -> MIKEL MORA JIMÉNEZ | R13: =VLOOKUP(S13,$AC$2:$AE$301,2,FALSE) -> 4293 | S13: 37 | T13: 1ro G17-32 | X13: Gr | Y13: 12 | Z13: {=INDIRECT("'Grupo " & Y13 & "'!C34")} -> 4351 | AA13: =IF(ISBLANK(Z13),"",VLOOKUP(Z13,Inscripciones!$B$1:$M$194,2,FALSE)) -> DANIEL GARRO OBALDÍA | AB13: =IF(ISBLANK(Z13),"",VLOOKUP(Z13,Inscripciones!$B$1:$M$194,3,FALSE)) -> SANTA ANA | AC13: 25 | AD13: =Z13 -> 4351 | AE13: =IF(AC13=0,0,IF(AC13<33,"UP","DO")) -> UP
B14: 2do | C14: 6 | D14: =VLOOKUP(C14,$AC$2:$AE$301,2,FALSE) -> X | E14: =IF(D14=0,0,VLOOKUP(D14,Inscripciones!$B$1:$M$194,2,FALSE)) -> BYE | F14: =IF(D14=0,0,VLOOKUP(D14,Inscripciones!$B$1:$M$194,3,FALSE)) -> BYE | P14: =IF(R14=0,0,VLOOKUP(R14,Inscripciones!$B$1:$M$194,3,FALSE)) -> CURRIDABAT | Q14: =IF(R14=0,0,VLOOKUP(R14,Inscripciones!$B$1:$M$194,2,FALSE)) -> BENJAMIN CALDERON CECILIANO | R14: =VLOOKUP(S14,$AC$2:$AE$301,2,FALSE) -> 4325 | S14: 38 | T14: 2do | X14: Gr | Y14: 13 | Z14: {=INDIRECT("'Grupo " & Y14 & "'!C34")} -> 4458 | AA14: =IF(ISBLANK(Z14),"",VLOOKUP(Z14,Inscripciones!$B$1:$M$194,2,FALSE)) -> MATHIAS QUESADA CASTILLO | AB14: =IF(ISBLANK(Z14),"",VLOOKUP(Z14,Inscripciones!$B$1:$M$194,3,FALSE)) -> ESPARZA | AC14: 40 | AD14: =Z14 -> 4458 | AE14: =IF(AC14=0,0,IF(AC14<33,"UP","DO")) -> DO
B15: 2do | C15: 7 | D15: =VLOOKUP(C15,$AC$2:$AE$301,2,FALSE) -> X | E15: =IF(D15=0,0,VLOOKUP(D15,Inscripciones!$B$1:$M$194,2,FALSE)) -> BYE | F15: =IF(D15=0,0,VLOOKUP(D15,Inscripciones!$B$1:$M$194,3,FALSE)) -> BYE | P15: =IF(R15=0,0,VLOOKUP(R15,Inscripciones!$B$1:$M$194,3,FALSE)) -> BYE | Q15: =IF(R15=0,0,VLOOKUP(R15,Inscripciones!$B$1:$M$194,2,FALSE)) -> BYE | R15: =VLOOKUP(S15,$AC$2:$AE$301,2,FALSE) -> X | S15: 39 | T15: 2do | X15: Gr | Y15: 14 | Z15: {=INDIRECT("'Grupo " & Y15 & "'!C34")} -> 4151 | AA15: =IF(ISBLANK(Z15),"",VLOOKUP(Z15,Inscripciones!$B$1:$M$194,2,FALSE)) -> ISAAC DAVID CASTRO DÍAZ | AB15: =IF(ISBLANK(Z15),"",VLOOKUP(Z15,Inscripciones!$B$1:$M$194,3,FALSE)) -> SAN CARLOS | AC15: 41 | AD15: =Z15 -> 4151 | AE15: =IF(AC15=0,0,IF(AC15<33,"UP","DO")) -> DO
B16: 1ro G9-16 | C16: 8 | D16: =VLOOKUP(C16,$AC$2:$AE$301,2,FALSE) -> 4296 | E16: =IF(D16=0,0,VLOOKUP(D16,Inscripciones!$B$1:$M$194,2,FALSE)) -> SAÚL EMIR PÉREZ MEDINA | F16: =IF(D16=0,0,VLOOKUP(D16,Inscripciones!$B$1:$M$194,3,FALSE)) -> ESPARZA | P16: =IF(R16=0,0,VLOOKUP(R16,Inscripciones!$B$1:$M$194,3,FALSE)) -> ESPARZA | Q16: =IF(R16=0,0,VLOOKUP(R16,Inscripciones!$B$1:$M$194,2,FALSE)) -> MATHIAS QUESADA CASTILLO | R16: =VLOOKUP(S16,$AC$2:$AE$301,2,FALSE) -> 4458 | S16: 40 | T16: 1ro G9-16 | W16: 13 | X16: Gr | Y16: 15 | Z16: {=INDIRECT("'Grupo " & Y16 & "'!C34")} -> 4175 | AA16: =IF(ISBLANK(Z16),"",VLOOKUP(Z16,Inscripciones!$B$1:$M$194,2,FALSE)) -> BENJAMÍN QUIRÓS BALTODANO | AB16: =IF(ISBLANK(Z16),"",VLOOKUP(Z16,Inscripciones!$B$1:$M$194,3,FALSE)) -> ESPARZA | AC16: 9 | AD16: =Z16 -> 4175 | AE16: =IF(AC16=0,0,IF(AC16<33,"UP","DO")) -> UP
B17: 1ro G9-16 | C17: 9 | D17: =VLOOKUP(C17,$AC$2:$AE$301,2,FALSE) -> 4175 | E17: =IF(D17=0,0,VLOOKUP(D17,Inscripciones!$B$1:$M$194,2,FALSE)) -> BENJAMÍN QUIRÓS BALTODANO | F17: =IF(D17=0,0,VLOOKUP(D17,Inscripciones!$B$1:$M$194,3,FALSE)) -> ESPARZA | P17: =IF(R17=0,0,VLOOKUP(R17,Inscripciones!$B$1:$M$194,3,FALSE)) -> SAN CARLOS | Q17: =IF(R17=0,0,VLOOKUP(R17,Inscripciones!$B$1:$M$194,2,FALSE)) -> ISAAC DAVID CASTRO DÍAZ | R17: =VLOOKUP(S17,$AC$2:$AE$301,2,FALSE) -> 4151 | S17: 41 | T17: 1ro G9-16 | X17: Gr | Y17: 16 | Z17: {=INDIRECT("'Grupo " & Y17 & "'!C34")} -> 4296 | AA17: =IF(ISBLANK(Z17),"",VLOOKUP(Z17,Inscripciones!$B$1:$M$194,2,FALSE)) -> SAÚL EMIR PÉREZ MEDINA | AB17: =IF(ISBLANK(Z17),"",VLOOKUP(Z17,Inscripciones!$B$1:$M$194,3,FALSE)) -> ESPARZA | AC17: 8 | AD17: =Z17 -> 4296 | AE17: =IF(AC17=0,0,IF(AC17<33,"UP","DO")) -> UP
B18: 2do | C18: 10 | D18: =VLOOKUP(C18,$AC$2:$AE$301,2,FALSE) -> X | E18: =IF(D18=0,0,VLOOKUP(D18,Inscripciones!$B$1:$M$194,2,FALSE)) -> BYE | F18: =IF(D18=0,0,VLOOKUP(D18,Inscripciones!$B$1:$M$194,3,FALSE)) -> BYE | P18: =IF(R18=0,0,VLOOKUP(R18,Inscripciones!$B$1:$M$194,3,FALSE)) -> BYE | Q18: =IF(R18=0,0,VLOOKUP(R18,Inscripciones!$B$1:$M$194,2,FALSE)) -> BYE | R18: =VLOOKUP(S18,$AC$2:$AE$301,2,FALSE) -> X | S18: 42 | T18: 2do | X18: Gr | Y18: 17 | Z18: {=INDIRECT("'Grupo " & Y18 & "'!C34")} -> 4218 | AA18: =IF(ISBLANK(Z18),"",VLOOKUP(Z18,Inscripciones!$B$1:$M$194,2,FALSE)) -> JULIÁN ESPINOZA CHAVEZ | AB18: =IF(ISBLANK(Z18),"",VLOOKUP(Z18,Inscripciones!$B$1:$M$194,3,FALSE)) -> ESPARZA | AC18: 21 | AD18: =Z18 -> 4218 | AE18: =IF(AC18=0,0,IF(AC18<33,"UP","DO")) -> UP
B19: 2do | C19: 11 | D19: =VLOOKUP(C19,$AC$2:$AE$301,2,FALSE) -> 4122 | E19: =IF(D19=0,0,VLOOKUP(D19,Inscripciones!$B$1:$M$194,2,FALSE)) -> BRYAN ALVAREZ SOLIS | F19: =IF(D19=0,0,VLOOKUP(D19,Inscripciones!$B$1:$M$194,3,FALSE)) -> ESCAZÚ | P19: =IF(R19=0,0,VLOOKUP(R19,Inscripciones!$B$1:$M$194,3,FALSE)) -> BYE | Q19: =IF(R19=0,0,VLOOKUP(R19,Inscripciones!$B$1:$M$194,2,FALSE)) -> BYE | R19: =VLOOKUP(S19,$AC$2:$AE$301,2,FALSE) -> X | S19: 43 | T19: 2do | X19: Gr | Y19: 18 | Z19: X | AA19: =IF(ISBLANK(Z19),"",VLOOKUP(Z19,Inscripciones!$B$1:$M$194,2,FALSE)) -> BYE | AB19: =IF(ISBLANK(Z19),"",VLOOKUP(Z19,Inscripciones!$B$1:$M$194,3,FALSE)) -> BYE | AC19: 2 | AD19: =Z19 -> X | AE19: =IF(AC19=0,0,IF(AC19<33,"UP","DO")) -> UP
B20: 1ro G17-32 | C20: 12 | D20: =VLOOKUP(C20,$AC$2:$AE$301,2,FALSE) -> 4465 | E20: =IF(D20=0,0,VLOOKUP(D20,Inscripciones!$B$1:$M$194,2,FALSE)) -> JULIÁN ZUÑIGA AGÜERO | F20: =IF(D20=0,0,VLOOKUP(D20,Inscripciones!$B$1:$M$194,3,FALSE)) -> ESPARZA | P20: =IF(R20=0,0,VLOOKUP(R20,Inscripciones!$B$1:$M$194,3,FALSE)) -> ESCAZÚ | Q20: =IF(R20=0,0,VLOOKUP(R20,Inscripciones!$B$1:$M$194,2,FALSE)) -> LUCA JIMÉNEZ CHAVES | R20: =VLOOKUP(S20,$AC$2:$AE$301,2,FALSE) -> 4606 | S20: 44 | T20: 1ro G17-32 | X20: Gr | Y20: 19 | Z20: X | AA20: =IF(ISBLANK(Z20),"",VLOOKUP(Z20,Inscripciones!$B$1:$M$194,2,FALSE)) -> BYE | AB20: =IF(ISBLANK(Z20),"",VLOOKUP(Z20,Inscripciones!$B$1:$M$194,3,FALSE)) -> BYE | AC20: 7 | AD20: =Z20 -> X | AE20: =IF(AC20=0,0,IF(AC20<33,"UP","DO")) -> UP
B21: 1ro G17-32 | C21: 13 | D21: =VLOOKUP(C21,$AC$2:$AE$301,2,FALSE) -> 4381 | E21: =IF(D21=0,0,VLOOKUP(D21,Inscripciones!$B$1:$M$194,2,FALSE)) -> ALEJANDRO PADILLA SOLERA | F21: =IF(D21=0,0,VLOOKUP(D21,Inscripciones!$B$1:$M$194,3,FALSE)) -> ESCAZÚ | P21: =IF(R21=0,0,VLOOKUP(R21,Inscripciones!$B$1:$M$194,3,FALSE)) -> CCDR SAN JOSÉ | Q21: =IF(R21=0,0,VLOOKUP(R21,Inscripciones!$B$1:$M$194,2,FALSE)) -> ISAAC RÍOS FERNÁNDEZ | R21: =VLOOKUP(S21,$AC$2:$AE$301,2,FALSE) -> 4706 | S21: 45 | T21: 1ro G17-32 | X21: Gr | Y21: 20 | Z21: X | AA21: =IF(ISBLANK(Z21),"",VLOOKUP(Z21,Inscripciones!$B$1:$M$194,2,FALSE)) -> BYE | AB21: =IF(ISBLANK(Z21),"",VLOOKUP(Z21,Inscripciones!$B$1:$M$194,3,FALSE)) -> BYE | AC21: 10 | AD21: =Z21 -> X | AE21: =IF(AC21=0,0,IF(AC21<33,"UP","DO")) -> UP
B22: 2do | C22: 14 | D22: =VLOOKUP(C22,$AC$2:$AE$301,2,FALSE) -> X | E22: =IF(D22=0,0,VLOOKUP(D22,Inscripciones!$B$1:$M$194,2,FALSE)) -> BYE | F22: =IF(D22=0,0,VLOOKUP(D22,Inscripciones!$B$1:$M$194,3,FALSE)) -> BYE | P22: =IF(R22=0,0,VLOOKUP(R22,Inscripciones!$B$1:$M$194,3,FALSE)) -> BYE | Q22: =IF(R22=0,0,VLOOKUP(R22,Inscripciones!$B$1:$M$194,2,FALSE)) -> BYE | R22: =VLOOKUP(S22,$AC$2:$AE$301,2,FALSE) -> X | S22: 46 | T22: 2do | X22: Gr | Y22: 21 | Z22: X | AA22: =IF(ISBLANK(Z22),"",VLOOKUP(Z22,Inscripciones!$B$1:$M$194,2,FALSE)) -> BYE | AB22: =IF(ISBLANK(Z22),"",VLOOKUP(Z22,Inscripciones!$B$1:$M$194,3,FALSE)) -> BYE | AC22: 15 | AD22: =Z22 -> X | AE22: =IF(AC22=0,0,IF(AC22<33,"UP","DO")) -> UP
B23: 2do | C23: 15 | D23: =VLOOKUP(C23,$AC$2:$AE$301,2,FALSE) -> X | E23: =IF(D23=0,0,VLOOKUP(D23,Inscripciones!$B$1:$M$194,2,FALSE)) -> BYE | F23: =IF(D23=0,0,VLOOKUP(D23,Inscripciones!$B$1:$M$194,3,FALSE)) -> BYE | P23: =IF(R23=0,0,VLOOKUP(R23,Inscripciones!$B$1:$M$194,3,FALSE)) -> BYE | Q23: =IF(R23=0,0,VLOOKUP(R23,Inscripciones!$B$1:$M$194,2,FALSE)) -> BYE | R23: =VLOOKUP(S23,$AC$2:$AE$301,2,FALSE) -> X | S23: 47 | T23: 2do | X23: Gr | Y23: 22 | Z23: X | AA23: =IF(ISBLANK(Z23),"",VLOOKUP(Z23,Inscripciones!$B$1:$M$194,2,FALSE)) -> BYE | AB23: =IF(ISBLANK(Z23),"",VLOOKUP(Z23,Inscripciones!$B$1:$M$194,3,FALSE)) -> BYE | AC23: 18 | AD23: =Z23 -> X | AE23: =IF(AC23=0,0,IF(AC23<33,"UP","DO")) -> UP
B24: 1ro G5-8 | C24: 16 | D24: =VLOOKUP(C24,$AC$2:$AE$301,2,FALSE) -> 3988 | E24: =IF(D24=0,0,VLOOKUP(D24,Inscripciones!$B$1:$M$194,2,FALSE)) -> JACKY CHENG FENG | F24: =IF(D24=0,0,VLOOKUP(D24,Inscripciones!$B$1:$M$194,3,FALSE)) -> ESCAZÚ | P24: =IF(R24=0,0,VLOOKUP(R24,Inscripciones!$B$1:$M$194,3,FALSE)) -> ESCAZÚ | Q24: =IF(R24=0,0,VLOOKUP(R24,Inscripciones!$B$1:$M$194,2,FALSE)) -> CALEB CASCANTE MARIN | R24: =VLOOKUP(S24,$AC$2:$AE$301,2,FALSE) -> 3875 | S24: 48 | T24: 1ro G5-8 | X24: Gr | Y24: 23 | Z24: X | AA24: =IF(ISBLANK(Z24),"",VLOOKUP(Z24,Inscripciones!$B$1:$M$194,2,FALSE)) -> BYE | AB24: =IF(ISBLANK(Z24),"",VLOOKUP(Z24,Inscripciones!$B$1:$M$194,3,FALSE)) -> BYE | AC24: 23 | AD24: =Z24 -> X | AE24: =IF(AC24=0,0,IF(AC24<33,"UP","DO")) -> UP
B25: 1ro G5-8 | C25: 17 | D25: =VLOOKUP(C25,$AC$2:$AE$301,2,FALSE) -> 4026 | E25: =IF(D25=0,0,VLOOKUP(D25,Inscripciones!$B$1:$M$194,2,FALSE)) -> IAN GABRIEL VILLEGAS SALAS | F25: =IF(D25=0,0,VLOOKUP(D25,Inscripciones!$B$1:$M$194,3,FALSE)) -> SAN CARLOS | P25: =IF(R25=0,0,VLOOKUP(R25,Inscripciones!$B$1:$M$194,3,FALSE)) -> SAN CARLOS | Q25: =IF(R25=0,0,VLOOKUP(R25,Inscripciones!$B$1:$M$194,2,FALSE)) -> JUAN MARTÍN ARCE VÁSQUEZ | R25: =VLOOKUP(S25,$AC$2:$AE$301,2,FALSE) -> 4181 | S25: 49 | T25: 1ro G5-8 | X25: Gr | Y25: 24 | Z25: X | AA25: =IF(ISBLANK(Z25),"",VLOOKUP(Z25,Inscripciones!$B$1:$M$194,2,FALSE)) -> BYE | AB25: =IF(ISBLANK(Z25),"",VLOOKUP(Z25,Inscripciones!$B$1:$M$194,3,FALSE)) -> BYE | AC25: 26 | AD25: =Z25 -> X | AE25: =IF(AC25=0,0,IF(AC25<33,"UP","DO")) -> UP
B26: 2do | C26: 18 | D26: =VLOOKUP(C26,$AC$2:$AE$301,2,FALSE) -> X | E26: =IF(D26=0,0,VLOOKUP(D26,Inscripciones!$B$1:$M$194,2,FALSE)) -> BYE | F26: =IF(D26=0,0,VLOOKUP(D26,Inscripciones!$B$1:$M$194,3,FALSE)) -> BYE | P26: =IF(R26=0,0,VLOOKUP(R26,Inscripciones!$B$1:$M$194,3,FALSE)) -> BYE | Q26: =IF(R26=0,0,VLOOKUP(R26,Inscripciones!$B$1:$M$194,2,FALSE)) -> BYE | R26: =VLOOKUP(S26,$AC$2:$AE$301,2,FALSE) -> X | S26: 50 | T26: 2do | X26: Gr | Y26: 25 | Z26: X | AA26: =IF(ISBLANK(Z26),"",VLOOKUP(Z26,Inscripciones!$B$1:$M$194,2,FALSE)) -> BYE | AB26: =IF(ISBLANK(Z26),"",VLOOKUP(Z26,Inscripciones!$B$1:$M$194,3,FALSE)) -> BYE | AC26: 31 | AD26: =Z26 -> X | AE26: =IF(AC26=0,0,IF(AC26<33,"UP","DO")) -> UP
B27: 2do | C27: 19 | D27: =VLOOKUP(C27,$AC$2:$AE$301,2,FALSE) -> X | E27: =IF(D27=0,0,VLOOKUP(D27,Inscripciones!$B$1:$M$194,2,FALSE)) -> BYE | F27: =IF(D27=0,0,VLOOKUP(D27,Inscripciones!$B$1:$M$194,3,FALSE)) -> BYE | P27: =IF(R27=0,0,VLOOKUP(R27,Inscripciones!$B$1:$M$194,3,FALSE)) -> BYE | Q27: =IF(R27=0,0,VLOOKUP(R27,Inscripciones!$B$1:$M$194,2,FALSE)) -> BYE | R27: =VLOOKUP(S27,$AC$2:$AE$301,2,FALSE) -> X | S27: 51 | T27: 2do | X27: Gr | Y27: 26 | Z27: X | AA27: =IF(ISBLANK(Z27),"",VLOOKUP(Z27,Inscripciones!$B$1:$M$194,2,FALSE)) -> BYE | AB27: =IF(ISBLANK(Z27),"",VLOOKUP(Z27,Inscripciones!$B$1:$M$194,3,FALSE)) -> BYE | AC27: 34 | AD27: =Z27 -> X | AE27: =IF(AC27=0,0,IF(AC27<33,"UP","DO")) -> DO
B28: 1ro G17-32 | C28: 20 | D28: =VLOOKUP(C28,$AC$2:$AE$301,2,FALSE) -> 4121 | E28: =IF(D28=0,0,VLOOKUP(D28,Inscripciones!$B$1:$M$194,2,FALSE)) -> ANDRÉS CHACÓN ALTAMIRANO | F28: =IF(D28=0,0,VLOOKUP(D28,Inscripciones!$B$1:$M$194,3,FALSE)) -> CURRIDABAT | P28: =IF(R28=0,0,VLOOKUP(R28,Inscripciones!$B$1:$M$194,3,FALSE)) -> ESCAZÚ | Q28: =IF(R28=0,0,VLOOKUP(R28,Inscripciones!$B$1:$M$194,2,FALSE)) -> AARON RAMIREZ LEON | R28: =VLOOKUP(S28,$AC$2:$AE$301,2,FALSE) -> 4377 | S28: 52 | T28: 1ro G17-32 | X28: Gr | Y28: 27 | Z28: X | AA28: =IF(ISBLANK(Z28),"",VLOOKUP(Z28,Inscripciones!$B$1:$M$194,2,FALSE)) -> BYE | AB28: =IF(ISBLANK(Z28),"",VLOOKUP(Z28,Inscripciones!$B$1:$M$194,3,FALSE)) -> BYE | AC28: 39 | AD28: =Z28 -> X | AE28: =IF(AC28=0,0,IF(AC28<33,"UP","DO")) -> DO
B29: 1ro G17-32 | C29: 21 | D29: =VLOOKUP(C29,$AC$2:$AE$301,2,FALSE) -> 4218 | E29: =IF(D29=0,0,VLOOKUP(D29,Inscripciones!$B$1:$M$194,2,FALSE)) -> JULIÁN ESPINOZA CHAVEZ | F29: =IF(D29=0,0,VLOOKUP(D29,Inscripciones!$B$1:$M$194,3,FALSE)) -> ESPARZA | P29: =IF(R29=0,0,VLOOKUP(R29,Inscripciones!$B$1:$M$194,3,FALSE)) -> SAN CARLOS | Q29: =IF(R29=0,0,VLOOKUP(R29,Inscripciones!$B$1:$M$194,2,FALSE)) -> SAMUEL GUARDADO ROJAS | R29: =VLOOKUP(S29,$AC$2:$AE$301,2,FALSE) -> 4676 | S29: 53 | T29: 1ro G17-32 | X29: Gr | Y29: 28 | Z29: X | AA29: =IF(ISBLANK(Z29),"",VLOOKUP(Z29,Inscripciones!$B$1:$M$194,2,FALSE)) -> BYE | AB29: =IF(ISBLANK(Z29),"",VLOOKUP(Z29,Inscripciones!$B$1:$M$194,3,FALSE)) -> BYE | AC29: 42 | AD29: =Z29 -> X | AE29: =IF(AC29=0,0,IF(AC29<33,"UP","DO")) -> DO
B30: 2do | C30: 22 | D30: =VLOOKUP(C30,$AC$2:$AE$301,2,FALSE) -> X | E30: =IF(D30=0,0,VLOOKUP(D30,Inscripciones!$B$1:$M$194,2,FALSE)) -> BYE | F30: =IF(D30=0,0,VLOOKUP(D30,Inscripciones!$B$1:$M$194,3,FALSE)) -> BYE | P30: =IF(R30=0,0,VLOOKUP(R30,Inscripciones!$B$1:$M$194,3,FALSE)) -> BYE | Q30: =IF(R30=0,0,VLOOKUP(R30,Inscripciones!$B$1:$M$194,2,FALSE)) -> BYE | R30: =VLOOKUP(S30,$AC$2:$AE$301,2,FALSE) -> X | S30: 54 | T30: 2do | X30: Gr | Y30: 29 | Z30: X | AA30: =IF(ISBLANK(Z30),"",VLOOKUP(Z30,Inscripciones!$B$1:$M$194,2,FALSE)) -> BYE | AB30: =IF(ISBLANK(Z30),"",VLOOKUP(Z30,Inscripciones!$B$1:$M$194,3,FALSE)) -> BYE | AC30: 47 | AD30: =Z30 -> X | AE30: =IF(AC30=0,0,IF(AC30<33,"UP","DO")) -> DO
... B33: 1st Gr. 9-17 | C33: 25 | D33: =VLOOKUP(C33,$AC$2:$AE$301,2,FALSE) -> 4351 | E33: =IF(D33=0,0,VLOOKUP(D33,Inscripciones!$B$1:$M$194,2,FALSE)) -> DANIEL GARRO OBALDÍA | F33: =IF(D33=0,0,VLOOKUP(D33,Inscripciones!$B$1:$M$194,3,FALSE)) -> SANTA ANA | P33: =IF(R33=0,0,VLOOKUP(R33,Inscripciones!$B$1:$M$194,3,FALSE)) -> MONTES DE OCA | Q33: =IF(R33=0,0,VLOOKUP(R33,Inscripciones!$B$1:$M$194,2,FALSE)) -> ADRIAN ARTAVIA MORALES | R33: =VLOOKUP(S33,$AC$2:$AE$301,2,FALSE) -> 5005 | S33: 57 | T33: 1st Gr. 9-17 | X33: Gr | Y33: 32 | Z33: X | AA33: =IF(ISBLANK(Z33),"",VLOOKUP(Z33,Inscripciones!$B$1:$M$194,2,FALSE)) -> BYE | AB33: =IF(ISBLANK(Z33),"",VLOOKUP(Z33,Inscripciones!$B$1:$M$194,3,FALSE)) -> BYE | AC33: 58 | AD33: =Z33 -> X | AE33: =IF(AC33=0,0,IF(AC33<33,"UP","DO")) -> DO
B34: 2do | C34: 26 | D34: =VLOOKUP(C34,$AC$2:$AE$301,2,FALSE) -> X | E34: =IF(D34=0,0,VLOOKUP(D34,Inscripciones!$B$1:$M$194,2,FALSE)) -> BYE | F34: =IF(D34=0,0,VLOOKUP(D34,Inscripciones!$B$1:$M$194,3,FALSE)) -> BYE | P34: =IF(R34=0,0,VLOOKUP(R34,Inscripciones!$B$1:$M$194,3,FALSE)) -> BYE | Q34: =IF(R34=0,0,VLOOKUP(R34,Inscripciones!$B$1:$M$194,2,FALSE)) -> BYE | R34: =VLOOKUP(S34,$AC$2:$AE$301,2,FALSE) -> X | S34: 58 | T34: 2do | Z34: SEGUNDOS DE GRUPO
B35: 2do | C35: 27 | D35: =VLOOKUP(C35,$AC$2:$AE$301,2,FALSE) -> X | E35: =IF(D35=0,0,VLOOKUP(D35,Inscripciones!$B$1:$M$194,2,FALSE)) -> BYE | F35: =IF(D35=0,0,VLOOKUP(D35,Inscripciones!$B$1:$M$194,3,FALSE)) -> BYE | P35: =IF(R35=0,0,VLOOKUP(R35,Inscripciones!$B$1:$M$194,3,FALSE)) -> BYE | Q35: =IF(R35=0,0,VLOOKUP(R35,Inscripciones!$B$1:$M$194,2,FALSE)) -> BYE | R35: =VLOOKUP(S35,$AC$2:$AE$301,2,FALSE) -> X | S35: 59 | T35: 2do | X35: Gr | Y35: 1 | Z35: {=INDIRECT("'Grupo " & Y35 & "'!C35")} -> 4606 | AA35: =IF(ISBLANK(Z35),"",VLOOKUP(Z35,Inscripciones!$B$1:$M$194,2,FALSE)) -> LUCA JIMÉNEZ CHAVES | AB35: =IF(ISBLANK(Z35),"",VLOOKUP(Z35,Inscripciones!$B$1:$M$194,3,FALSE)) -> ESCAZÚ | AC35: 44 | AD35: =Z35 -> 4606 | AE35: =IF(AE2="","",IF(AE2="UP","DO",IF(AE2="DO","UP",""))) -> DO
B36: 1ro G17-32 | C36: 28 | D36: =VLOOKUP(C36,$AC$2:$AE$301,2,FALSE) -> 4825 | E36: =IF(D36=0,0,VLOOKUP(D36,Inscripciones!$B$1:$M$194,2,FALSE)) -> SANTIAGO MELENDEZ MONTERO | F36: =IF(D36=0,0,VLOOKUP(D36,Inscripciones!$B$1:$M$194,3,FALSE)) -> PÉREZ ZELEDÓN | P36: =IF(R36=0,0,VLOOKUP(R36,Inscripciones!$B$1:$M$194,3,FALSE)) -> ESCAZÚ | Q36: =IF(R36=0,0,VLOOKUP(R36,Inscripciones!$B$1:$M$194,2,FALSE)) -> JOSÉ DANIEL FERNÁNDEZ HERRERA | R36: =VLOOKUP(S36,$AC$2:$AE$301,2,FALSE) -> 3987 | S36: 60 | T36: 1ro G17-32 | X36: Gr | Y36: 2 | Z36: {=INDIRECT("'Grupo " & Y36 & "'!C35")} -> 4825 | AA36: =IF(ISBLANK(Z36),"",VLOOKUP(Z36,Inscripciones!$B$1:$M$194,2,FALSE)) -> SANTIAGO MELENDEZ MONTERO | AB36: =IF(ISBLANK(Z36),"",VLOOKUP(Z36,Inscripciones!$B$1:$M$194,3,FALSE)) -> PÉREZ ZELEDÓN | AC36: 28 | AD36: =Z36 -> 4825 | AE36: =IF(AE3="","",IF(AE3="UP","DO",IF(AE3="DO","UP",""))) -> UP
B37: 1ro G17-32 | C37: 29 | D37: =VLOOKUP(C37,$AC$2:$AE$301,2,FALSE) -> 4227 | E37: =IF(D37=0,0,VLOOKUP(D37,Inscripciones!$B$1:$M$194,2,FALSE)) -> ISAAC GUTIERREZ CHACON | F37: =IF(D37=0,0,VLOOKUP(D37,Inscripciones!$B$1:$M$194,3,FALSE)) -> CCDR SANTA CRUZ | P37: =IF(R37=0,0,VLOOKUP(R37,Inscripciones!$B$1:$M$194,3,FALSE)) -> SAN CARLOS | Q37: =IF(R37=0,0,VLOOKUP(R37,Inscripciones!$B$1:$M$194,2,FALSE)) -> ISAAC CHACÓN RETANA | R37: =VLOOKUP(S37,$AC$2:$AE$301,2,FALSE) -> 4283 | S37: 61 | T37: 1ro G17-32 | X37: Gr | Y37: 3 | Z37: {=INDIRECT("'Grupo " & Y37 & "'!C35")} -> 4465 | AA37: =IF(ISBLANK(Z37),"",VLOOKUP(Z37,Inscripciones!$B$1:$M$194,2,FALSE)) -> JULIÁN ZUÑIGA AGÜERO | AB37: =IF(ISBLANK(Z37),"",VLOOKUP(Z37,Inscripciones!$B$1:$M$194,3,FALSE)) -> ESPARZA | AC37: 12 | AD37: =Z37 -> 4465 | AE37: =IF(AE4="","",IF(AE4="UP","DO",IF(AE4="DO","UP",""))) -> UP
B38: 2do | C38: 30 | D38: =VLOOKUP(C38,$AC$2:$AE$301,2,FALSE) -> X | E38: =IF(D38=0,0,VLOOKUP(D38,Inscripciones!$B$1:$M$194,2,FALSE)) -> BYE | F38: =IF(D38=0,0,VLOOKUP(D38,Inscripciones!$B$1:$M$194,3,FALSE)) -> BYE | P38: =IF(R38=0,0,VLOOKUP(R38,Inscripciones!$B$1:$M$194,3,FALSE)) -> BYE | Q38: =IF(R38=0,0,VLOOKUP(R38,Inscripciones!$B$1:$M$194,2,FALSE)) -> BYE | R38: =VLOOKUP(S38,$AC$2:$AE$301,2,FALSE) -> X | S38: 62 | T38: 2do | X38: Gr | Y38: 4 | Z38: {=INDIRECT("'Grupo " & Y38 & "'!C35")} -> 4706 | AA38: =IF(ISBLANK(Z38),"",VLOOKUP(Z38,Inscripciones!$B$1:$M$194,2,FALSE)) -> ISAAC RÍOS FERNÁNDEZ | AB38: =IF(ISBLANK(Z38),"",VLOOKUP(Z38,Inscripciones!$B$1:$M$194,3,FALSE)) -> CCDR SAN JOSÉ | AC38: 45 | AD38: =Z38 -> 4706 | AE38: =IF(AE5="","",IF(AE5="UP","DO",IF(AE5="DO","UP",""))) -> DO
B39: 2do | C39: 31 | D39: =VLOOKUP(C39,$AC$2:$AE$301,2,FALSE) -> X | E39: =IF(D39=0,0,VLOOKUP(D39,Inscripciones!$B$1:$M$194,2,FALSE)) -> BYE | F39: =IF(D39=0,0,VLOOKUP(D39,Inscripciones!$B$1:$M$194,3,FALSE)) -> BYE | P39: =IF(R39=0,0,VLOOKUP(R39,Inscripciones!$B$1:$M$194,3,FALSE)) -> BYE | Q39: =IF(R39=0,0,VLOOKUP(R39,Inscripciones!$B$1:$M$194,2,FALSE)) -> BYE | R39: =VLOOKUP(S39,$AC$2:$AE$301,2,FALSE) -> X | S39: 63 | T39: 2do | X39: Gr | Y39: 5 | Z39: {=INDIRECT("'Grupo " & Y39 & "'!C35")} -> 3987 | AA39: =IF(ISBLANK(Z39),"",VLOOKUP(Z39,Inscripciones!$B$1:$M$194,2,FALSE)) -> JOSÉ DANIEL FERNÁNDEZ HERRERA | AB39: =IF(ISBLANK(Z39),"",VLOOKUP(Z39,Inscripciones!$B$1:$M$194,3,FALSE)) -> ESCAZÚ | AC39: 60 | AD39: =Z39 -> 3987 | AE39: =IF(AE6="","",IF(AE6="UP","DO",IF(AE6="DO","UP",""))) -> DO
B40: 1ro G3-4 | C40: 32 | D40: =VLOOKUP(C40,$AC$2:$AE$301,2,FALSE) -> 4297 | E40: =IF(D40=0,0,VLOOKUP(D40,Inscripciones!$B$1:$M$194,2,FALSE)) -> JESÉ DAVID CHAVES MUÑOZ | F40: =IF(D40=0,0,VLOOKUP(D40,Inscripciones!$B$1:$M$194,3,FALSE)) -> ESPARZA | P40: =IF(R40=0,0,VLOOKUP(R40,Inscripciones!$B$1:$M$194,3,FALSE)) -> ESPARZA | Q40: =IF(R40=0,0,VLOOKUP(R40,Inscripciones!$B$1:$M$194,2,FALSE)) -> GABRIEL CORRALES BARRANTES | R40: =VLOOKUP(S40,$AC$2:$AE$301,2,FALSE) -> 4025 | S40: 64 | T40: 1ro G2 | X40: Gr | Y40: 6 | Z40: {=INDIRECT("'Grupo " & Y40 & "'!C35")} -> 4121 | AA40: =IF(ISBLANK(Z40),"",VLOOKUP(Z40,Inscripciones!$B$1:$M$194,2,FALSE)) -> ANDRÉS CHACÓN ALTAMIRANO | AB40: =IF(ISBLANK(Z40),"",VLOOKUP(Z40,Inscripciones!$B$1:$M$194,3,FALSE)) -> CURRIDABAT | AC40: 20 | AD40: =Z40 -> 4121 | AE40: =IF(AE7="","",IF(AE7="UP","DO",IF(AE7="DO","UP",""))) -> UP
X41: Gr | Y41: 7 | Z41: {=INDIRECT("'Grupo " & Y41 & "'!C35")} -> 4437 | AA41: =IF(ISBLANK(Z41),"",VLOOKUP(Z41,Inscripciones!$B$1:$M$194,2,FALSE)) -> MATHIAS HAY GRANADOS | AB41: =IF(ISBLANK(Z41),"",VLOOKUP(Z41,Inscripciones!$B$1:$M$194,3,FALSE)) -> CORREDORES | AC41: 36 | AD41: =Z41 -> 4437 | AE41: =IF(AE8="","",IF(AE8="UP","DO",IF(AE8="DO","UP",""))) -> DO
X42: Gr | Y42: 8 | Z42: {=INDIRECT("'Grupo " & Y42 & "'!C35")} -> 4353 | AA42: =IF(ISBLANK(Z42),"",VLOOKUP(Z42,Inscripciones!$B$1:$M$194,2,FALSE)) -> IVAN ANDRÉS RODRÍGUEZ DURÁN | AB42: =IF(ISBLANK(Z42),"",VLOOKUP(Z42,Inscripciones!$B$1:$M$194,3,FALSE)) -> SAN CARLOS | AC42: 5 | AD42: =Z42 -> 4353 | AE42: =IF(AE9="","",IF(AE9="UP","DO",IF(AE9="DO","UP",""))) -> UP
X43: Gr | Y43: 9 | Z43: {=INDIRECT("'Grupo " & Y43 & "'!C35")} -> 4122 | AA43: =IF(ISBLANK(Z43),"",VLOOKUP(Z43,Inscripciones!$B$1:$M$194,2,FALSE)) -> BRYAN ALVAREZ SOLIS | AB43: =IF(ISBLANK(Z43),"",VLOOKUP(Z43,Inscripciones!$B$1:$M$194,3,FALSE)) -> ESCAZÚ | AC43: 11 | AD43: =Z43 -> 4122 | AE43: =IF(AE10="","",IF(AE10="UP","DO",IF(AE10="DO","UP",""))) -> UP
X44: Gr | Y44: 10 | Z44: {=INDIRECT("'Grupo " & Y44 & "'!C35")} -> 4381 | AA44: =IF(ISBLANK(Z44),"",VLOOKUP(Z44,Inscripciones!$B$1:$M$194,2,FALSE)) -> ALEJANDRO PADILLA SOLERA | AB44: =IF(ISBLANK(Z44),"",VLOOKUP(Z44,Inscripciones!$B$1:$M$194,3,FALSE)) -> ESCAZÚ | AC44: 13 | AD44: =Z44 -> 4381 | AE44: =IF(AE11="","",IF(AE11="UP","DO",IF(AE11="DO","UP",""))) -> UP
X45: Gr | Y45: 11 | Z45: {=INDIRECT("'Grupo " & Y45 & "'!C35")} -> 4293 | AA45: =IF(ISBLANK(Z45),"",VLOOKUP(Z45,Inscripciones!$B$1:$M$194,2,FALSE)) -> MIKEL MORA JIMÉNEZ | AB45: =IF(ISBLANK(Z45),"",VLOOKUP(Z45,Inscripciones!$B$1:$M$194,3,FALSE)) -> ESPARZA | AC45: 37 | AD45: =Z45 -> 4293 | AE45: =IF(AE12="","",IF(AE12="UP","DO",IF(AE12="DO","UP",""))) -> DO
X46: Gr | Y46: 12 | Z46: {=INDIRECT("'Grupo " & Y46 & "'!C35")} -> 4325 | AA46: =IF(ISBLANK(Z46),"",VLOOKUP(Z46,Inscripciones!$B$1:$M$194,2,FALSE)) -> BENJAMIN CALDERON CECILIANO | AB46: =IF(ISBLANK(Z46),"",VLOOKUP(Z46,Inscripciones!$B$1:$M$194,3,FALSE)) -> CURRIDABAT | AC46: 38 | AD46: =Z46 -> 4325 | AE46: =IF(AE13="","",IF(AE13="UP","DO",IF(AE13="DO","UP",""))) -> DO
X47: Gr | Y47: 13 | Z47: {=INDIRECT("'Grupo " & Y47 & "'!C35")} -> 4227 | AA47: =IF(ISBLANK(Z47),"",VLOOKUP(Z47,Inscripciones!$B$1:$M$194,2,FALSE)) -> ISAAC GUTIERREZ CHACON | AB47: =IF(ISBLANK(Z47),"",VLOOKUP(Z47,Inscripciones!$B$1:$M$194,3,FALSE)) -> CCDR SANTA CRUZ | AC47: 29 | AD47: =Z47 -> 4227 | AE47: =IF(AE14="","",IF(AE14="UP","DO",IF(AE14="DO","UP",""))) -> UP
X48: Gr | Y48: 14 | Z48: {=INDIRECT("'Grupo " & Y48 & "'!C35")} -> 4459 | AA48: =IF(ISBLANK(Z48),"",VLOOKUP(Z48,Inscripciones!$B$1:$M$194,2,FALSE)) -> SAÚL JESÉ OROZCO REYES | AB48: =IF(ISBLANK(Z48),"",VLOOKUP(Z48,Inscripciones!$B$1:$M$194,3,FALSE)) -> ESPARZA | AC48: 4 | AD48: =Z48 -> 4459 | AE48: =IF(AE15="","",IF(AE15="UP","DO",IF(AE15="DO","UP",""))) -> UP
X49: Gr | Y49: 15 | Z49: {=INDIRECT("'Grupo " & Y49 & "'!C35")} -> 4283 | AA49: =IF(ISBLANK(Z49),"",VLOOKUP(Z49,Inscripciones!$B$1:$M$194,2,FALSE)) -> ISAAC CHACÓN RETANA | AB49: =IF(ISBLANK(Z49),"",VLOOKUP(Z49,Inscripciones!$B$1:$M$194,3,FALSE)) -> SAN CARLOS | AC49: 61 | AD49: =Z49 -> 4283 | AE49: =IF(AE16="","",IF(AE16="UP","DO",IF(AE16="DO","UP",""))) -> DO
X50: Gr | Y50: 16 | Z50: {=INDIRECT("'Grupo " & Y50 & "'!C35")} -> 4377 | AA50: =IF(ISBLANK(Z50),"",VLOOKUP(Z50,Inscripciones!$B$1:$M$194,2,FALSE)) -> AARON RAMIREZ LEON | AB50: =IF(ISBLANK(Z50),"",VLOOKUP(Z50,Inscripciones!$B$1:$M$194,3,FALSE)) -> ESCAZÚ | AC50: 52 | AD50: =Z50 -> 4377 | AE50: =IF(AE17="","",IF(AE17="UP","DO",IF(AE17="DO","UP",""))) -> DO
X51: Gr | Y51: 17 | Z51: {=INDIRECT("'Grupo " & Y51 & "'!C35")} -> 4676 | AA51: =IF(ISBLANK(Z51),"",VLOOKUP(Z51,Inscripciones!$B$1:$M$194,2,FALSE)) -> SAMUEL GUARDADO ROJAS | AB51: =IF(ISBLANK(Z51),"",VLOOKUP(Z51,Inscripciones!$B$1:$M$194,3,FALSE)) -> SAN CARLOS | AC51: 53 | AD51: =Z51 -> 4676 | AE51: =IF(AE18="","",IF(AE18="UP","DO",IF(AE18="DO","UP",""))) -> DO
X52: Gr | Y52: 18 | Z52: X | AA52: =IF(ISBLANK(Z52),"",VLOOKUP(Z52,Inscripciones!$B$1:$M$194,2,FALSE)) -> BYE | AB52: =IF(ISBLANK(Z52),"",VLOOKUP(Z52,Inscripciones!$B$1:$M$194,3,FALSE)) -> BYE | AC52: 63 | AD52: =Z52 -> X | AE52: =IF(AE19="","",IF(AE19="UP","DO",IF(AE19="DO","UP",""))) -> DO | AP52: 3.4
X53: Gr | Y53: 19 | Z53: X | AA53: =IF(ISBLANK(Z53),"",VLOOKUP(Z53,Inscripciones!$B$1:$M$194,2,FALSE)) -> BYE | AB53: =IF(ISBLANK(Z53),"",VLOOKUP(Z53,Inscripciones!$B$1:$M$194,3,FALSE)) -> BYE | AC53: 3 | AD53: =Z53 -> X | AE53: =IF(AE20="","",IF(AE20="UP","DO",IF(AE20="DO","UP",""))) -> DO
X54: Gr | Y54: 20 | Z54: X | AA54: =IF(ISBLANK(Z54),"",VLOOKUP(Z54,Inscripciones!$B$1:$M$194,2,FALSE)) -> BYE | AB54: =IF(ISBLANK(Z54),"",VLOOKUP(Z54,Inscripciones!$B$1:$M$194,3,FALSE)) -> BYE | AC54: 6 | AD54: =Z54 -> X | AE54: =IF(AE21="","",IF(AE21="UP","DO",IF(AE21="DO","UP",""))) -> DO
X55: Gr | Y55: 21 | Z55: X | AA55: =IF(ISBLANK(Z55),"",VLOOKUP(Z55,Inscripciones!$B$1:$M$194,2,FALSE)) -> BYE | AB55: =IF(ISBLANK(Z55),"",VLOOKUP(Z55,Inscripciones!$B$1:$M$194,3,FALSE)) -> BYE | AC55: 14 | AD55: =Z55 -> X | AE55: =IF(AE22="","",IF(AE22="UP","DO",IF(AE22="DO","UP",""))) -> DO
X56: Gr | Y56: 22 | Z56: X | AA56: =IF(ISBLANK(Z56),"",VLOOKUP(Z56,Inscripciones!$B$1:$M$194,2,FALSE)) -> BYE | AB56: =IF(ISBLANK(Z56),"",VLOOKUP(Z56,Inscripciones!$B$1:$M$194,3,FALSE)) -> BYE | AC56: 19 | AD56: =Z56 -> X | AE56: =IF(AE23="","",IF(AE23="UP","DO",IF(AE23="DO","UP",""))) -> DO
X57: Gr | Y57: 23 | Z57: X | AA57: =IF(ISBLANK(Z57),"",VLOOKUP(Z57,Inscripciones!$B$1:$M$194,2,FALSE)) -> BYE | AB57: =IF(ISBLANK(Z57),"",VLOOKUP(Z57,Inscripciones!$B$1:$M$194,3,FALSE)) -> BYE | AC57: 22 | AD57: =Z57 -> X | AE57: =IF(AE24="","",IF(AE24="UP","DO",IF(AE24="DO","UP",""))) -> DO
X58: Gr | Y58: 24 | Z58: X | AA58: =IF(ISBLANK(Z58),"",VLOOKUP(Z58,Inscripciones!$B$1:$M$194,2,FALSE)) -> BYE | AB58: =IF(ISBLANK(Z58),"",VLOOKUP(Z58,Inscripciones!$B$1:$M$194,3,FALSE)) -> BYE | AC58: 27 | AD58: =Z58 -> X | AE58: =IF(AE25="","",IF(AE25="UP","DO",IF(AE25="DO","UP",""))) -> DO
X59: Gr | Y59: 25 | Z59: X | AA59: =IF(ISBLANK(Z59),"",VLOOKUP(Z59,Inscripciones!$B$1:$M$194,2,FALSE)) -> BYE | AB59: =IF(ISBLANK(Z59),"",VLOOKUP(Z59,Inscripciones!$B$1:$M$194,3,FALSE)) -> BYE | AC59: 30 | AD59: =Z59 -> X | AE59: =IF(AE26="","",IF(AE26="UP","DO",IF(AE26="DO","UP",""))) -> DO
X60: Gr | Y60: 26 | Z60: X | AA60: =IF(ISBLANK(Z60),"",VLOOKUP(Z60,Inscripciones!$B$1:$M$194,2,FALSE)) -> BYE | AB60: =IF(ISBLANK(Z60),"",VLOOKUP(Z60,Inscripciones!$B$1:$M$194,3,FALSE)) -> BYE | AC60: 35 | AD60: =Z60 -> X | AE60: =IF(AE27="","",IF(AE27="UP","DO",IF(AE27="DO","UP",""))) -> UP
X61: Gr | Y61: 27 | Z61: X | AA61: =IF(ISBLANK(Z61),"",VLOOKUP(Z61,Inscripciones!$B$1:$M$194,2,FALSE)) -> BYE | AB61: =IF(ISBLANK(Z61),"",VLOOKUP(Z61,Inscripciones!$B$1:$M$194,3,FALSE)) -> BYE | AC61: 43 | AD61: =Z61 -> X | AE61: =IF(AE28="","",IF(AE28="UP","DO",IF(AE28="DO","UP",""))) -> UP
X62: Gr | Y62: 28 | Z62: X | AA62: =IF(ISBLANK(Z62),"",VLOOKUP(Z62,Inscripciones!$B$1:$M$194,2,FALSE)) -> BYE | AB62: =IF(ISBLANK(Z62),"",VLOOKUP(Z62,Inscripciones!$B$1:$M$194,3,FALSE)) -> BYE | AC62: 46 | AD62: =Z62 -> X | AE62: =IF(AE29="","",IF(AE29="UP","DO",IF(AE29="DO","UP",""))) -> UP | AP62: 1,2,4
X63: Gr | Y63: 29 | Z63: X | AA63: =IF(ISBLANK(Z63),"",VLOOKUP(Z63,Inscripciones!$B$1:$M$194,2,FALSE)) -> BYE | AB63: =IF(ISBLANK(Z63),"",VLOOKUP(Z63,Inscripciones!$B$1:$M$194,3,FALSE)) -> BYE | AC63: 51 | AD63: =Z63 -> X | AE63: =IF(AE30="","",IF(AE30="UP","DO",IF(AE30="DO","UP",""))) -> UP
X64: Gr | Y64: 30 | Z64: X | AA64: =IF(ISBLANK(Z64),"",VLOOKUP(Z64,Inscripciones!$B$1:$M$194,2,FALSE)) -> BYE | AB64: =IF(ISBLANK(Z64),"",VLOOKUP(Z64,Inscripciones!$B$1:$M$194,3,FALSE)) -> BYE | AC64: 54 | AD64: =Z64 -> X | AE64: =IF(AE31="","",IF(AE31="UP","DO",IF(AE31="DO","UP",""))) -> UP
X65: Gr | Y65: 31 | Z65: X | AA65: =IF(ISBLANK(Z65),"",VLOOKUP(Z65,Inscripciones!$B$1:$M$194,2,FALSE)) -> BYE | AB65: =IF(ISBLANK(Z65),"",VLOOKUP(Z65,Inscripciones!$B$1:$M$194,3,FALSE)) -> BYE | AC65: 59 | AD65: =Z65 -> X | AE65: =IF(AE32="","",IF(AE32="UP","DO",IF(AE32="DO","UP",""))) -> UP
X66: Gr | Y66: 32 | Z66: X | AA66: =IF(ISBLANK(Z66),"",VLOOKUP(Z66,Inscripciones!$B$1:$M$194,2,FALSE)) -> BYE | AB66: =IF(ISBLANK(Z66),"",VLOOKUP(Z66,Inscripciones!$B$1:$M$194,3,FALSE)) -> BYE | AC66: 62 | AD66: =Z66 -> X | AE66: =IF(AE33="","",IF(AE33="UP","DO",IF(AE33="DO","UP",""))) -> UP
AD68: -
Z69: X | AA69: BYE | AD69: -
AD70: -
AD71: -
AD72: -
AD73: -
AD74: -
AD75: -
AD76: -
AD77: -
AD78: -
AD79: -
AD80: -
AD81: -
... AD131: -

Sheet LLAVE 64
AU1: #VALUE!
AA2: 2 | AV2: =Inscripciones!$B$2&" - PARTE ALTA" -> U13 MASCULINO - PARTE ALTA
A3: Match | B3: Round | C3: Day | D3: Time | E3: T | G3: A | H3: B | I3: pla 1 | J3: Ass | K3: pla 2 | L3: Ass | AA3: G A | AB3: G X | AD3: Score | AE3: Games
A4: 1 | B4: 1/32 | C4: 21-sep | F4: =C4&"-"&D4&"- Table"&E4 -> 21-sep-- Table | G4: ='SORTEO 64'!D9 -> 3790 | H4: ='SORTEO 64'!D10 -> X | I4: =IF(G4=0,0,VLOOKUP(G4,Inscripciones!$B$2:$K$499,2,FALSE)) -> FABIAN ROJAS VARELA | J4: =IF(G4=0,0,VLOOKUP(G4,Inscripciones!$B$1:$N$399,3,FALSE)) -> SAN CARLOS | K4: =IF(I4=0,0,VLOOKUP(H4,Inscripciones!$B$2:$K$499,2,FALSE)) -> BYE | L4: =IF(I4=0,0,VLOOKUP(H4,Inscripciones!$B$1:$N$399,3,FALSE)) -> BYE | M4: 11 | N4: 0 | AA4: =IF(M4+N4<>0,SUM(AF4:AL4),"") -> 1 | AB4: =IF(M4+N4<>0,SUM(AF5:AL5),"") -> 0 | AC4: =IF(AA4>AB4,AD4&" "&AE4,IF(AB4>AA4,AD4&" "&AE5,"")) -> 1 - 0 (0) | AD4: =IF(AA4>AB4,AA4&" - "&AB4,IF(AB4>AA4,AB4&" - "&AA4,"")) -> 1 - 0 | AE4: =CONCATENATE("(",AM4,AN4,AO4,AP4,AQ4,AR4,AS4,")") -> (0) | AF4: =IF(M4>N4,1,0) -> 1 | AG4: =IF(O4>P4,1,0) -> 0 | AH4: =IF(Q4>R4,1,0) -> 0 | AI4: =IF(S4>T4,1,0) -> 0 | AJ4: =IF(U4>V4,1,0) -> 0 | AK4: =IF(W4>X4,1,0) -> 0 | AL4: =IF(Y4>Z4,1,0) -> 0 | AM4: =IF(M4>N4,N4,IF(N4>M4,-M4,"")) -> 0 | AN4: =IF(O4>P4,", "&P4,IF(P4>O4,", "&-O4,"")) | AO4: =IF(Q4>R4,", "&R4,IF(R4>Q4,", "&-Q4,"")) | AP4: =IF(S4>T4,", "&T4,IF(T4>S4,", "&-S4,"")) | AQ4: =IF(U4>V4,", "&V4,IF(V4>U4,", "&-U4,"")) | AR4: =IF(W4>X4,", "&X4,IF(X4>W4,", "&-W4,"")) | AS4: =IF(Y4>Z4,", "&Z4,IF(Z4>Y4,", "&-Y4,"")) | AU4: 1 | AV4: =VLOOKUP(AV5,$A$4:$L$145,7,FALSE) -> 3790 | AW4: =IF(AV4=0,0,VLOOKUP(AV4,Inscripciones!$B$2:$K$499,2,FALSE)) -> FABIAN ROJAS VARELA | AX4: =IF(AV4=0,0,VLOOKUP(AV4,Inscripciones!$B$1:$N$399,3,FALSE)) -> SAN CARLOS | AZ4: =VLOOKUP(AV5,$A$4:$AD$145,29,FALSE) -> 1 - 0 (0) | BL4: MATCH_ID | BM4: DAT | BN4: TIME | BO4: TABLE | BP4: EVT | BQ4: GRP | BR4: SEQ | BS4: P1ID_1 | BT4: P1ID_2 | BU4: P2ID_1 | BV4: P2ID_2 | BW4: WINNER ID | BY4: P1 | BZ4: P2 | CA4: EVENT | CB4: ROUND
I5: 0 | J5: 0 | K5: 0 | L5: 0 | AD5: =IF(AA4>AB4,AD4&" "&AE4,IF(AB4>AA4,AD4&" "&AE5,"")) -> 1 - 0 (0) | AE5: =CONCATENATE("(",AM5,AN5,AO5,AP5,AQ5,AR5,AS5,")") -> (0) | AF5: =IF(N4>M4,1,0) -> 0 | AG5: =IF(P4>O4,1,0) -> 0 | AH5: =IF(R4>Q4,1,0) -> 0 | AI5: =IF(T4>S4,1,0) -> 0 | AJ5: =IF(V4>U4,1,0) -> 0 | AK5: =IF(X4>W4,1,0) -> 0 | AL5: =IF(Z4>Y4,1,0) -> 0 | AM5: =IF(N4>M4,M4,IF(M4>N4,-N4,"")) -> 0 | AN5: =IF(P4>O4,", "&O4,IF(O4>P4,", "&-P4,"")) | AO5: =IF(R4>Q4,", "&Q4,IF(Q4>R4,", "&-R4,"")) | AP5: =IF(T4>S4,", "&S4,IF(S4>T4,", "&-T4,"")) | AQ5: =IF(V4>U4,", "&U4,IF(U4>V4,", "&-V4,"")) | AR5: =IF(X4>W4,", "&W4,IF(W4>X4,", "&-X4,"")) | AS5: =IF(Z4>Y4,", "&Y4,IF(Y4>Z4,", "&-Z4,"")) | AV5: 1 | AW5: =VLOOKUP(AV5,$A$4:$L$145,6,FALSE) -> 21-sep-- Table | AY5: =VLOOKUP(AY7,$A$4:$L$149,7,FALSE) -> 3790 | AZ5: =IF(AY5=0,0,VLOOKUP(AY5,Inscripciones!$B$2:$K$499,2,FALSE)) -> FABIAN ROJAS VARELA | BA5: =IF(AY5=0,0,VLOOKUP(AY5,Inscripciones!$B$1:$N$399,3,FALSE)) -> SAN CARLOS | BL5: 1 | BR5: 1 | BS5: =VLOOKUP(BY6,Inscripciones!$A$2:$B$399,2,FALSE) -> #N/A | BU5: =VLOOKUP(BZ6,Inscripciones!$A$2:$B$399,2,FALSE) -> #N/A | BY5: =G4 -> 3790 | BZ5: =H4 -> X | CA5: =Inscripciones!$B$2 -> U13 MASCULINO | CB5: Ronda de 64 - 1
A6: 2 | B6: 1/32 | C6: 21-sep | F6: =C6&"-"&D6&"- Table"&E6 -> 21-sep-- Table | G6: ='SORTEO 64'!D11 -> X | H6: ='SORTEO 64'!D12 -> 4459 | I6: =IF(G6=0,0,VLOOKUP(G6,Inscripciones!$B$2:$K$499,2,FALSE)) -> BYE | J6: =IF(G6=0,0,VLOOKUP(G6,Inscripciones!$B$1:$N$399,3,FALSE)) -> BYE | K6: =IF(I6=0,0,VLOOKUP(H6,Inscripciones!$B$2:$K$499,2,FALSE)) -> SAÚL JESÉ OROZCO REYES | L6: =IF(I6=0,0,VLOOKUP(H6,Inscripciones!$B$1:$N$399,3,FALSE)) -> ESPARZA | M6: 0 | N6: 11 | AA6: =IF(M6+N6<>0,SUM(AF6:AL6),"") -> 0 | AB6: =IF(M6+N6<>0,SUM(AF7:AL7),"") -> 1 | AC6: =IF(AA6>AB6,AD6&" "&AE6,IF(AB6>AA6,AD6&" "&AE7,"")) -> 1 - 0 (0) | AD6: =IF(AA6>AB6,AA6&" - "&AB6,IF(AB6>AA6,AB6&" - "&AA6,"")) -> 1 - 0 | AE6: =CONCATENATE("(",AM6,AN6,AO6,AP6,AQ6,AR6,AS6,")") -> (0) | AF6: =IF(M6>N6,1,0) -> 0 | AG6: =IF(O6>P6,1,0) -> 0 | AH6: =IF(Q6>R6,1,0) -> 0 | AI6: =IF(S6>T6,1,0) -> 0 | AJ6: =IF(U6>V6,1,0) -> 0 | AK6: =IF(W6>X6,1,0) -> 0 | AL6: =IF(Y6>Z6,1,0) -> 0 | AM6: =IF(M6>N6,N6,IF(N6>M6,-M6,"")) -> 0 | AN6: =IF(O6>P6,", "&P6,IF(P6>O6,", "&-O6,"")) | AO6: =IF(Q6>R6,", "&R6,IF(R6>Q6,", "&-Q6,"")) | AP6: =IF(S6>T6,", "&T6,IF(T6>S6,", "&-S6,"")) | AQ6: =IF(U6>V6,", "&V6,IF(V6>U6,", "&-U6,"")) | AR6: =IF(W6>X6,", "&X6,IF(X6>W6,", "&-W6,"")) | AS6: =IF(Y6>Z6,", "&Z6,IF(Z6>Y6,", "&-Y6,"")) | AU6: =1+AU4 -> 2 | AV6: =VLOOKUP(AV5,$A$4:$L$145,8,FALSE) -> X | AW6: =IF(AV6=0,0,VLOOKUP(AV6,Inscripciones!$B$2:$K$499,2,FALSE)) -> BYE | AX6: =IF(AV6=0,0,VLOOKUP(AV6,Inscripciones!$B$1:$N$399,3,FALSE)) -> BYE | BC6: =VLOOKUP(AY7,$A$4:$AD$145,29,FALSE) -> 2 - 0 (9, 8) | BL6: =1+BL5 -> 2 | BR6: 2 | BS6: =VLOOKUP(BY7,Inscripciones!$A$2:$B$399,2,FALSE) -> #N/A | BU6: =VLOOKUP(BZ7,Inscripciones!$A$2:$B$399,2,FALSE) -> #N/A | BY6: =G6 -> X | BZ6: =H6 -> 4459 | CA6: =Inscripciones!$B$2 -> U13 MASCULINO | CB6: Ronda de 64 - 2
I7: 0 | J7: 0 | K7: 0 | L7: 0 | AD7: =IF(AA6>AB6,AD6&" "&AE6,IF(AB6>AA6,AD6&" "&AE7,"")) -> 1 - 0 (0) | AE7: =CONCATENATE("(",AM7,AN7,AO7,AP7,AQ7,AR7,AS7,")") -> (0) | AF7: =IF(N6>M6,1,0) -> 1 | AG7: =IF(P6>O6,1,0) -> 0 | AH7: =IF(R6>Q6,1,0) -> 0 | AI7: =IF(T6>S6,1,0) -> 0 | AJ7: =IF(V6>U6,1,0) -> 0 | AK7: =IF(X6>W6,1,0) -> 0 | AL7: =IF(Z6>Y6,1,0) -> 0 | AM7: =IF(N6>M6,M6,IF(M6>N6,-N6,"")) -> 0 | AN7: =IF(P6>O6,", "&O6,IF(O6>P6,", "&-P6,"")) | AO7: =IF(R6>Q6,", "&Q6,IF(Q6>R6,", "&-R6,"")) | AP7: =IF(T6>S6,", "&S6,IF(S6>T6,", "&-T6,"")) | AQ7: =IF(V6>U6,", "&U6,IF(U6>V6,", "&-V6,"")) | AR7: =IF(X6>W6,", "&W6,IF(W6>X6,", "&-X6,"")) | AS7: =IF(Z6>Y6,", "&Y6,IF(Y6>Z6,", "&-Z6,"")) | AY7: 33 | AZ7: =VLOOKUP(AY7,$A$4:$L$145,6,FALSE) -> 21-sep-- Table | BB7: =VLOOKUP(BB11,$A$4:$L$149,7,FALSE) -> 3790 | BC7: =IF(BB7=0,0,VLOOKUP(BB7,Inscripciones!$B$2:$K$499,2,FALSE)) -> FABIAN ROJAS VARELA | BD7: =IF(BB7=0,0,VLOOKUP(BB7,Inscripciones!$B$1:$N$399,3,FALSE)) -> SAN CARLOS | BL7: =1+BL6 -> 3 | BR7: 3 | BS7: =VLOOKUP(BY8,Inscripciones!$A$2:$B$399,2,FALSE) -> #N/A | BU7: =VLOOKUP(BZ8,Inscripciones!$A$2:$B$399,2,FALSE) -> #N/A | BY7: =G8 -> 4353 | BZ7: =H8 -> X | CA7: =Inscripciones!$B$2 -> U13 MASCULINO | CB7: Ronda de 64 - 3
A8: 3 | B8: 1/32 | C8: 21-sep | F8: =C8&"-"&D8&"- Table"&E8 -> 21-sep-- Table | G8: ='SORTEO 64'!D13 -> 4353 | H8: ='SORTEO 64'!D14 -> X | I8: =IF(G8=0,0,VLOOKUP(G8,Inscripciones!$B$2:$K$499,2,FALSE)) -> IVAN ANDRÉS RODRÍGUEZ DURÁN | J8: =IF(G8=0,0,VLOOKUP(G8,Inscripciones!$B$1:$N$399,3,FALSE)) -> SAN CARLOS | K8: =IF(I8=0,0,VLOOKUP(H8,Inscripciones!$B$2:$K$499,2,FALSE)) -> BYE | L8: =IF(I8=0,0,VLOOKUP(H8,Inscripciones!$B$1:$N$399,3,FALSE)) -> BYE | M8: 11 | N8: 0 | AA8: =IF(M8+N8<>0,SUM(AF8:AL8),"") -> 1 | AB8: =IF(M8+N8<>0,SUM(AF9:AL9),"") -> 0 | AC8: =IF(AA8>AB8,AD8&" "&AE8,IF(AB8>AA8,AD8&" "&AE9,"")) -> 1 - 0 (0) | AD8: =IF(AA8>AB8,AA8&" - "&AB8,IF(AB8>AA8,AB8&" - "&AA8,"")) -> 1 - 0 | AE8: =CONCATENATE("(",AM8,AN8,AO8,AP8,AQ8,AR8,AS8,")") -> (0) | AF8: =IF(M8>N8,1,0) -> 1 | AG8: =IF(O8>P8,1,0) -> 0 | AH8: =IF(Q8>R8,1,0) -> 0 | AI8: =IF(S8>T8,1,0) -> 0 | AJ8: =IF(U8>V8,1,0) -> 0 | AK8: =IF(W8>X8,1,0) -> 0 | AL8: =IF(Y8>Z8,1,0) -> 0 | AM8: =IF(M8>N8,N8,IF(N8>M8,-M8,"")) -> 0 | AN8: =IF(O8>P8,", "&P8,IF(P8>O8,", "&-O8,"")) | AO8: =IF(Q8>R8,", "&R8,IF(R8>Q8,", "&-Q8,"")) | AP8: =IF(S8>T8,", "&T8,IF(T8>S8,", "&-S8,"")) | AQ8: =IF(U8>V8,", "&V8,IF(V8>U8,", "&-U8,"")) | AR8: =IF(W8>X8,", "&X8,IF(X8>W8,", "&-W8,"")) | AS8: =IF(Y8>Z8,", "&Z8,IF(Z8>Y8,", "&-Y8,"")) | AU8: =1+AU6 -> 3 | AV8: =VLOOKUP(AV9,$A$4:$L$145,7,FALSE) -> X | AW8: =IF(AV8=0,0,VLOOKUP(AV8,Inscripciones!$B$2:$K$499,2,FALSE)) -> BYE | AX8: =IF(AV8=0,0,VLOOKUP(AV8,Inscripciones!$B$1:$N$399,3,FALSE)) -> BYE | BL8: =1+BL7 -> 4 | BR8: 4 | BS8: =VLOOKUP(BY9,Inscripciones!$A$2:$B$399,2,FALSE) -> #N/A | BU8: =VLOOKUP(BZ9,Inscripciones!$A$2:$B$399,2,FALSE) -> #N/A | BY8: =G10 -> X | BZ8: =H10 -> 4296 | CA8: =Inscripciones!$B$2 -> U13 MASCULINO | CB8: Ronda de 64 - 4
I9: 0 | J9: 0 | K9: 0 | L9: 0 | AD9: =IF(AA8>AB8,AD8&" "&AE8,IF(AB8>AA8,AD8&" "&AE9,"")) -> 1 - 0 (0) | AE9: =CONCATENATE("(",AM9,AN9,AO9,AP9,AQ9,AR9,AS9,")") -> (0) | AF9: =IF(N8>M8,1,0) -> 0 | AG9: =IF(P8>O8,1,0) -> 0 | AH9: =IF(R8>Q8,1,0) -> 0 | AI9: =IF(T8>S8,1,0) -> 0 | AJ9: =IF(V8>U8,1,0) -> 0 | AK9: =IF(X8>W8,1,0) -> 0 | AL9: =IF(Z8>Y8,1,0) -> 0 | AM9: =IF(N8>M8,M8,IF(M8>N8,-N8,"")) -> 0 | AN9: =IF(P8>O8,", "&O8,IF(O8>P8,", "&-P8,"")) | AO9: =IF(R8>Q8,", "&Q8,IF(Q8>R8,", "&-R8,"")) | AP9: =IF(T8>S8,", "&S8,IF(S8>T8,", "&-T8,"")) | AQ9: =IF(V8>U8,", "&U8,IF(U8>V8,", "&-V8,"")) | AR9: =IF(X8>W8,", "&W8,IF(W8>X8,", "&-X8,"")) | AS9: =IF(Z8>Y8,", "&Y8,IF(Y8>Z8,", "&-Z8,"")) | AV9: 2 | AW9: =VLOOKUP(AV9,$A$4:$L$145,6,FALSE) -> 21-sep-- Table | AY9: =VLOOKUP(AY7,$A$4:$L$149,8,FALSE) -> 4459 | AZ9: =IF(AY9=0,0,VLOOKUP(AY9,Inscripciones!$B$2:$K$499,2,FALSE)) -> SAÚL JESÉ OROZCO REYES | BA9: =IF(AY9=0,0,VLOOKUP(AY9,Inscripciones!$B$1:$N$399,3,FALSE)) -> ESPARZA | BL9: =1+BL8 -> 5 | BR9: 5 | BS9: =VLOOKUP(BY10,Inscripciones!$A$2:$B$399,2,FALSE) -> #N/A | BU9: =VLOOKUP(BZ10,Inscripciones!$A$2:$B$399,2,FALSE) -> #N/A | BY9: =G12 -> 4175 | BZ9: =H12 -> X | CA9: =Inscripciones!$B$2 -> U13 MASCULINO | CB9: Ronda de 64 - 5
A10: 4 | B10: 1/32 | C10: 21-sep | F10: =C10&"-"&D10&"- Table"&E10 -> 21-sep-- Table | G10: ='SORTEO 64'!D15 -> X | H10: ='SORTEO 64'!D16 -> 4296 | I10: =IF(G10=0,0,VLOOKUP(G10,Inscripciones!$B$2:$K$499,2,FALSE)) -> BYE | J10: =IF(G10=0,0,VLOOKUP(G10,Inscripciones!$B$1:$N$399,3,FALSE)) -> BYE | K10: =IF(I10=0,0,VLOOKUP(H10,Inscripciones!$B$2:$K$499,2,FALSE)) -> SAÚL EMIR PÉREZ MEDINA | L10: =IF(I10=0,0,VLOOKUP(H10,Inscripciones!$B$1:$N$399,3,FALSE)) -> ESPARZA | M10: 0 | N10: 11 | AA10: =IF(M10+N10<>0,SUM(AF10:AL10),"") -> 0 | AB10: =IF(M10+N10<>0,SUM(AF11:AL11),"") -> 1 | AC10: =IF(AA10>AB10,AD10&" "&AE10,IF(AB10>AA10,AD10&" "&AE11,"")) -> 1 - 0 (0) | AD10: =IF(AA10>AB10,AA10&" - "&AB10,IF(AB10>AA10,AB10&" - "&AA10,"")) -> 1 - 0 | AE10: =CONCATENATE("(",AM10,AN10,AO10,AP10,AQ10,AR10,AS10,")") -> (0) | AF10: =IF(M10>N10,1,0) -> 0 | AG10: =IF(O10>P10,1,0) -> 0 | AH10: =IF(Q10>R10,1,0) -> 0 | AI10: =IF(S10>T10,1,0) -> 0 | AJ10: =IF(U10>V10,1,0) -> 0 | AK10: =IF(W10>X10,1,0) -> 0 | AL10: =IF(Y10>Z10,1,0) -> 0 | AM10: =IF(M10>N10,N10,IF(N10>M10,-M10,"")) -> 0 | AN10: =IF(O10>P10,", "&P10,IF(P10>O10,", "&-O10,"")) | AO10: =IF(Q10>R10,", "&R10,IF(R10>Q10,", "&-Q10,"")) | AP10: =IF(S10>T10,", "&T10,IF(T10>S10,", "&-S10,"")) | AQ10: =IF(U10>V10,", "&V10,IF(V10>U10,", "&-U10,"")) | AR10: =IF(W10>X10,", "&X10,IF(X10>W10,", "&-W10,"")) | AS10: =IF(Y10>Z10,", "&Z10,IF(Z10>Y10,", "&-Y10,"")) | AU10: =1+AU8 -> 4 | AV10: =VLOOKUP(AV9,$A$4:$L$145,8,FALSE) -> 4459 | AW10: =IF(AV10=0,0,VLOOKUP(AV10,Inscripciones!$B$2:$K$499,2,FALSE)) -> SAÚL JESÉ OROZCO REYES | AX10: =IF(AV10=0,0,VLOOKUP(AV10,Inscripciones!$B$1:$N$399,3,FALSE)) -> ESPARZA | AZ10: =VLOOKUP(AV9,$A$4:$AD$149,29,FALSE) -> 1 - 0 (0) | BF10: =VLOOKUP(BB11,$A$4:$AD$145,29,FALSE) -> 2 - 0 (4, 5) | BL10: =1+BL9 -> 6 | BR10: 6 | BS10: =VLOOKUP(BY11,Inscripciones!$A$2:$B$399,2,FALSE) -> #N/A | BU10: =VLOOKUP(BZ11,Inscripciones!$A$2:$B$399,2,FALSE) -> #N/A | BY10: =G14 -> 4122 | BZ10: =H14 -> 4465 | CA10: =Inscripciones!$B$2 -> U13 MASCULINO | CB10: Ronda de 64 - 6
I11: 0 | J11: 0 | K11: 0 | L11: 0 | AD11: =IF(AA10>AB10,AD10&" "&AE10,IF(AB10>AA10,AD10&" "&AE11,"")) -> 1 - 0 (0) | AE11: =CONCATENATE("(",AM11,AN11,AO11,AP11,AQ11,AR11,AS11,")") -> (0) | AF11: =IF(N10>M10,1,0) -> 1 | AG11: =IF(P10>O10,1,0) -> 0 | AH11: =IF(R10>Q10,1,0) -> 0 | AI11: =IF(T10>S10,1,0) -> 0 | AJ11: =IF(V10>U10,1,0) -> 0 | AK11: =IF(X10>W10,1,0) -> 0 | AL11: =IF(Z10>Y10,1,0) -> 0 | AM11: =IF(N10>M10,M10,IF(M10>N10,-N10,"")) -> 0 | AN11: =IF(P10>O10,", "&O10,IF(O10>P10,", "&-P10,"")) | AO11: =IF(R10>Q10,", "&Q10,IF(Q10>R10,", "&-R10,"")) | AP11: =IF(T10>S10,", "&S10,IF(S10>T10,", "&-T10,"")) | AQ11: =IF(V10>U10,", "&U10,IF(U10>V10,", "&-V10,"")) | AR11: =IF(X10>W10,", "&W10,IF(W10>X10,", "&-X10,"")) | AS11: =IF(Z10>Y10,", "&Y10,IF(Y10>Z10,", "&-Z10,"")) | BB11: 49 | BC11: =VLOOKUP(BB11,$A$4:$L$145,6,FALSE) -> 21-sep-- Table | BE11: =VLOOKUP(BE19,$A$4:$L$149,7,FALSE) -> 3790 | BF11: =IF(BE11=0,0,VLOOKUP(BE11,Inscripciones!$B$2:$K$499,2,FALSE)) -> FABIAN ROJAS VARELA | BG11: =IF(BE11=0,0,VLOOKUP(BE11,Inscripciones!$B$1:$N$399,3,FALSE)) -> SAN CARLOS | BL11: =1+BL10 -> 7 | BR11: 7 | BS11: =VLOOKUP(BY12,Inscripciones!$A$2:$B$399,2,FALSE) -> #N/A | BU11: =VLOOKUP(BZ12,Inscripciones!$A$2:$B$399,2,FALSE) -> #N/A | BY11: =G16 -> 4381 | BZ11: =H16 -> X | CA11: =Inscripciones!$B$2 -> U13 MASCULINO | CB11: Ronda de 64 - 7
A12: 5 | B12: 1/32 | C12: 21-sep | F12: =C12&"-"&D12&"- Table"&E12 -> 21-sep-- Table | G12: ='SORTEO 64'!D17 -> 4175 | H12: ='SORTEO 64'!D18 -> X | I12: =IF(G12=0,0,VLOOKUP(G12,Inscripciones!$B$2:$K$499,2,FALSE)) -> BENJAMÍN QUIRÓS BALTODANO | J12: =IF(G12=0,0,VLOOKUP(G12,Inscripciones!$B$1:$N$399,3,FALSE)) -> ESPARZA | K12: =IF(I12=0,0,VLOOKUP(H12,Inscripciones!$B$2:$K$499,2,FALSE)) -> BYE | L12: =IF(I12=0,0,VLOOKUP(H12,Inscripciones!$B$1:$N$399,3,FALSE)) -> BYE | M12: 11 | N12: 0 | AA12: =IF(M12+N12<>0,SUM(AF12:AL12),"") -> 1 | AB12: =IF(M12+N12<>0,SUM(AF13:AL13),"") -> 0 | AC12: =IF(AA12>AB12,AD12&" "&AE12,IF(AB12>AA12,AD12&" "&AE13,"")) -> 1 - 0 (0) | AD12: =IF(AA12>AB12,AA12&" - "&AB12,IF(AB12>AA12,AB12&" - "&AA12,"")) -> 1 - 0 | AE12: =CONCATENATE("(",AM12,AN12,AO12,AP12,AQ12,AR12,AS12,")") -> (0) | AF12: =IF(M12>N12,1,0) -> 1 | AG12: =IF(O12>P12,1,0) -> 0 | AH12: =IF(Q12>R12,1,0) -> 0 | AI12: =IF(S12>T12,1,0) -> 0 | AJ12: =IF(U12>V12,1,0) -> 0 | AK12: =IF(W12>X12,1,0) -> 0 | AL12: =IF(Y12>Z12,1,0) -> 0 | AM12: =IF(M12>N12,N12,IF(N12>M12,-M12,"")) -> 0 | AN12: =IF(O12>P12,", "&P12,IF(P12>O12,", "&-O12,"")) | AO12: =IF(Q12>R12,", "&R12,IF(R12>Q12,", "&-Q12,"")) | AP12: =IF(S12>T12,", "&T12,IF(T12>S12,", "&-S12,"")) | AQ12: =IF(U12>V12,", "&V12,IF(V12>U12,", "&-U12,"")) | AR12: =IF(W12>X12,", "&X12,IF(X12>W12,", "&-W12,"")) | AS12: =IF(Y12>Z12,", "&Z12,IF(Z12>Y12,", "&-Y12,"")) | AU12: =1+AU10 -> 5 | AV12: =VLOOKUP(AV13,$A$4:$L$145,7,FALSE) -> 4353 | AW12: =IF(AV12=0,0,VLOOKUP(AV12,Inscripciones!$B$2:$K$499,2,FALSE)) -> IVAN ANDRÉS RODRÍGUEZ DURÁN | AX12: =IF(AV12=0,0,VLOOKUP(AV12,Inscripciones!$B$1:$N$399,3,FALSE)) -> SAN CARLOS | AZ12: =VLOOKUP(AV13,$A$4:$AD$145,29,FALSE) -> 1 - 0 (0) | BL12: =1+BL11 -> 8 | BR12: 8 | BS12: =VLOOKUP(BY13,Inscripciones!$A$2:$B$399,2,FALSE) -> #N/A | BU12: =VLOOKUP(BZ13,Inscripciones!$A$2:$B$399,2,FALSE) -> #N/A | BY12: =G18 -> X | BZ12: =H18 -> 3988 | CA12: =Inscripciones!$B$2 -> U13 MASCULINO | CB12: Ronda de 64 - 8
I13: 0 | J13: 0 | K13: 0 | L13: 0 | AD13: =IF(AA12>AB12,AD12&" "&AE12,IF(AB12>AA12,AD12&" "&AE13,"")) -> 1 - 0 (0) | AE13: =CONCATENATE("(",AM13,AN13,AO13,AP13,AQ13,AR13,AS13,")") -> (0) | AF13: =IF(N12>M12,1,0) -> 0 | AG13: =IF(P12>O12,1,0) -> 0 | AH13: =IF(R12>Q12,1,0) -> 0 | AI13: =IF(T12>S12,1,0) -> 0 | AJ13: =IF(V12>U12,1,0) -> 0 | AK13: =IF(X12>W12,1,0) -> 0 | AL13: =IF(Z12>Y12,1,0) -> 0 | AM13: =IF(N12>M12,M12,IF(M12>N12,-N12,"")) -> 0 | AN13: =IF(P12>O12,", "&O12,IF(O12>P12,", "&-P12,"")) | AO13: =IF(R12>Q12,", "&Q12,IF(Q12>R12,", "&-R12,"")) | AP13: =IF(T12>S12,", "&S12,IF(S12>T12,", "&-T12,"")) | AQ13: =IF(V12>U12,", "&U12,IF(U12>V12,", "&-V12,"")) | AR13: =IF(X12>W12,", "&W12,IF(W12>X12,", "&-X12,"")) | AS13: =IF(Z12>Y12,", "&Y12,IF(Y12>Z12,", "&-Z12,"")) | AV13: 3 | AW13: =VLOOKUP(AV13,$A$4:$L$145,6,FALSE) -> 21-sep-- Table | AY13: =VLOOKUP(AY15,$A$4:$L$149,7,FALSE) -> 4353 | AZ13: =IF(AY13=0,0,VLOOKUP(AY13,Inscripciones!$B$2:$K$499,2,FALSE)) -> IVAN ANDRÉS RODRÍGUEZ DURÁN | BA13: =IF(AY13=0,0,VLOOKUP(AY13,Inscripciones!$B$1:$N$399,3,FALSE)) -> SAN CARLOS | BL13: =1+BL12 -> 9 | BR13: 9 | BS13: =VLOOKUP(BY14,Inscripciones!$A$2:$B$399,2,FALSE) -> #N/A | BU13: =VLOOKUP(BZ14,Inscripciones!$A$2:$B$399,2,FALSE) -> #N/A | BY13: =G20 -> 4026 | BZ13: =H20 -> X | CA13: =Inscripciones!$B$2 -> U13 MASCULINO | CB13: Ronda de 64 - 9
A14: 6 | B14: 1/32 | C14: 21-sep | F14: =C14&"-"&D14&"- Table"&E14 -> 21-sep-- Table | G14: ='SORTEO 64'!D19 -> 4122 | H14: ='SORTEO 64'!D20 -> 4465 | I14: =IF(G14=0,0,VLOOKUP(G14,Inscripciones!$B$2:$K$499,2,FALSE)) -> BRYAN ALVAREZ SOLIS | J14: =IF(G14=0,0,VLOOKUP(G14,Inscripciones!$B$1:$N$399,3,FALSE)) -> ESCAZÚ | K14: =IF(I14=0,0,VLOOKUP(H14,Inscripciones!$B$2:$K$499,2,FALSE)) -> JULIÁN ZUÑIGA AGÜERO | L14: =IF(I14=0,0,VLOOKUP(H14,Inscripciones!$B$1:$N$399,3,FALSE)) -> ESPARZA | M14: 11 | N14: 6 | O14: 10 | P14: 12 | Q14: 11 | R14: 2 | AA14: =IF(M14+N14<>0,SUM(AF14:AL14),"") -> 2 | AB14: =IF(M14+N14<>0,SUM(AF15:AL15),"") -> 1 | AC14: =IF(AA14>AB14,AD14&" "&AE14,IF(AB14>AA14,AD14&" "&AE15,"")) -> 2 - 1 (6, -10, 2) | AD14: =IF(AA14>AB14,AA14&" - "&AB14,IF(AB14>AA14,AB14&" - "&AA14,"")) -> 2 - 1 | AE14: =CONCATENATE("(",AM14,AN14,AO14,AP14,AQ14,AR14,AS14,")") -> (6, -10, 2) | AF14: =IF(M14>N14,1,0) -> 1 | AG14: =IF(O14>P14,1,0) -> 0 | AH14: =IF(Q14>R14,1,0) -> 1 | AI14: =IF(S14>T14,1,0) -> 0 | AJ14: =IF(U14>V14,1,0) -> 0 | AK14: =IF(W14>X14,1,0) -> 0 | AL14: =IF(Y14>Z14,1,0) -> 0 | AM14: =IF(M14>N14,N14,IF(N14>M14,-M14,"")) -> 6 | AN14: =IF(O14>P14,", "&P14,IF(P14>O14,", "&-O14,"")) -> , -10 | AO14: =IF(Q14>R14,", "&R14,IF(R14>Q14,", "&-Q14,"")) -> , 2 | AP14: =IF(S14>T14,", "&T14,IF(T14>S14,", "&-S14,"")) | AQ14: =IF(U14>V14,", "&V14,IF(V14>U14,", "&-U14,"")) | AR14: =IF(W14>X14,", "&X14,IF(X14>W14,", "&-W14,"")) | AS14: =IF(Y14>Z14,", "&Z14,IF(Z14>Y14,", "&-Y14,"")) | AU14: =1+AU12 -> 6 | AV14: =VLOOKUP(AV13,$A$4:$L$145,8,FALSE) -> X | AW14: =IF(AV14=0,0,VLOOKUP(AV14,Inscripciones!$B$2:$K$499,2,FALSE)) -> BYE | AX14: =IF(AV14=0,0,VLOOKUP(AV14,Inscripciones!$B$1:$N$399,3,FALSE)) -> BYE | BL14: =1+BL13 -> 10 | BR14: 10 | BS14: =VLOOKUP(BY15,Inscripciones!$A$2:$B$399,2,FALSE) -> #N/A | BU14: =VLOOKUP(BZ15,Inscripciones!$A$2:$B$399,2,FALSE) -> #N/A | BY14: =G22 -> X | BZ14: =H22 -> 4121 | CA14: =Inscripciones!$B$2 -> U13 MASCULINO | CB14: Ronda de 64 - 10
I15: 0 | J15: 0 | K15: 0 | L15: 0 | AD15: =IF(AA14>AB14,AD14&" "&AE14,IF(AB14>AA14,AD14&" "&AE15,"")) -> 2 - 1 (6, -10, 2) | AE15: =CONCATENATE("(",AM15,AN15,AO15,AP15,AQ15,AR15,AS15,")") -> (-6, 10, -2) | AF15: =IF(N14>M14,1,0) -> 0 | AG15: =IF(P14>O14,1,0) -> 1 | AH15: =IF(R14>Q14,1,0) -> 0 | AI15: =IF(T14>S14,1,0) -> 0 | AJ15: =IF(V14>U14,1,0) -> 0 | AK15: =IF(X14>W14,1,0) -> 0 | AL15: =IF(Z14>Y14,1,0) -> 0 | AM15: =IF(N14>M14,M14,IF(M14>N14,-N14,"")) -> -6 | AN15: =IF(P14>O14,", "&O14,IF(O14>P14,", "&-P14,"")) -> , 10 | AO15: =IF(R14>Q14,", "&Q14,IF(Q14>R14,", "&-R14,"")) -> , -2 | AP15: =IF(T14>S14,", "&S14,IF(S14>T14,", "&-T14,"")) | AQ15: =IF(V14>U14,", "&U14,IF(U14>V14,", "&-V14,"")) | AR15: =IF(X14>W14,", "&W14,IF(W14>X14,", "&-X14,"")) | AS15: =IF(Z14>Y14,", "&Y14,IF(Y14>Z14,", "&-Z14,"")) | AY15: 34 | AZ15: =VLOOKUP(AY15,$A$4:$L$145,6,FALSE) -> 21-sep-- Table | BB15: =VLOOKUP(BB11,$A$4:$L$149,8,FALSE) -> 4296 | BC15: =IF(BB15=0,0,VLOOKUP(BB15,Inscripciones!$B$2:$K$499,2,FALSE)) -> SAÚL EMIR PÉREZ MEDINA | BD15: =IF(BB15=0,0,VLOOKUP(BB15,Inscripciones!$B$1:$N$399,3,FALSE)) -> ESPARZA | BL15: =1+BL14 -> 11 | BR15: 11 | BS15: =VLOOKUP(BY16,Inscripciones!$A$2:$B$399,2,FALSE) -> #N/A | BU15: =VLOOKUP(BZ16,Inscripciones!$A$2:$B$399,2,FALSE) -> #N/A | BY15: =G24 -> 4218 | BZ15: =H24 -> X | CA15: =Inscripciones!$B$2 -> U13 MASCULINO | CB15: Ronda de 64 - 11
A16: 7 | B16: 1/32 | C16: 21-sep | F16: =C16&"-"&D16&"- Table"&E16 -> 21-sep-- Table | G16: ='SORTEO 64'!D21 -> 4381 | H16: ='SORTEO 64'!D22 -> X | I16: =IF(G16=0,0,VLOOKUP(G16,Inscripciones!$B$2:$K$499,2,FALSE)) -> ALEJANDRO PADILLA SOLERA | J16: =IF(G16=0,0,VLOOKUP(G16,Inscripciones!$B$1:$N$399,3,FALSE)) -> ESCAZÚ | K16: =IF(I16=0,0,VLOOKUP(H16,Inscripciones!$B$2:$K$499,2,FALSE)) -> BYE | L16: =IF(I16=0,0,VLOOKUP(H16,Inscripciones!$B$1:$N$399,3,FALSE)) -> BYE | M16: 11 | N16: 0 | AA16: =IF(M16+N16<>0,SUM(AF16:AL16),"") -> 1 | AB16: =IF(M16+N16<>0,SUM(AF17:AL17),"") -> 0 | AC16: =IF(AA16>AB16,AD16&" "&AE16,IF(AB16>AA16,AD16&" "&AE17,"")) -> 1 - 0 (0) | AD16: =IF(AA16>AB16,AA16&" - "&AB16,IF(AB16>AA16,AB16&" - "&AA16,"")) -> 1 - 0 | AE16: =CONCATENATE("(",AM16,AN16,AO16,AP16,AQ16,AR16,AS16,")") -> (0) | AF16: =IF(M16>N16,1,0) -> 1 | AG16: =IF(O16>P16,1,0) -> 0 | AH16: =IF(Q16>R16,1,0) -> 0 | AI16: =IF(S16>T16,1,0) -> 0 | AJ16: =IF(U16>V16,1,0) -> 0 | AK16: =IF(W16>X16,1,0) -> 0 | AL16: =IF(Y16>Z16,1,0) -> 0 | AM16: =IF(M16>N16,N16,IF(N16>M16,-M16,"")) -> 0 | AN16: =IF(O16>P16,", "&P16,IF(P16>O16,", "&-O16,"")) | AO16: =IF(Q16>R16,", "&R16,IF(R16>Q16,", "&-Q16,"")) | AP16: =IF(S16>T16,", "&T16,IF(T16>S16,", "&-S16,"")) | AQ16: =IF(U16>V16,", "&V16,IF(V16>U16,", "&-U16,"")) | AR16: =IF(W16>X16,", "&X16,IF(X16>W16,", "&-W16,"")) | AS16: =IF(Y16>Z16,", "&Z16,IF(Z16>Y16,", "&-Y16,"")) | AU16: =1+AU14 -> 7 | AV16: =VLOOKUP(AV17,$A$4:$L$145,7,FALSE) -> X | AW16: =IF(AV16=0,0,VLOOKUP(AV16,Inscripciones!$B$2:$K$499,2,FALSE)) -> BYE | AX16: =IF(AV16=0,0,VLOOKUP(AV16,Inscripciones!$B$1:$N$399,3,FALSE)) -> BYE | BC16: =VLOOKUP(AY15,$A$4:$AD$149,29,FALSE) -> 2 - 1 (-8, 7, 9) | BL16: =1+BL15 -> 12 | BR16: 12 | BS16: =VLOOKUP(BY17,Inscripciones!$A$2:$B$399,2,FALSE) -> #N/A | BU16: =VLOOKUP(BZ17,Inscripciones!$A$2:$B$399,2,FALSE) -> #N/A | BY16: =G26 -> X | BZ16: =H26 -> 4679 | CA16: =Inscripciones!$B$2 -> U13 MASCULINO | CB16: Ronda de 64 - 12
I17: 0 | J17: 0 | K17: 0 | L17: 0 | AD17: =IF(AA16>AB16,AD16&" "&AE16,IF(AB16>AA16,AD16&" "&AE17,"")) -> 1 - 0 (0) | AE17: =CONCATENATE("(",AM17,AN17,AO17,AP17,AQ17,AR17,AS17,")") -> (0) | AF17: =IF(N16>M16,1,0) -> 0 | AG17: =IF(P16>O16,1,0) -> 0 | AH17: =IF(R16>Q16,1,0) -> 0 | AI17: =IF(T16>S16,1,0) -> 0 | AJ17: =IF(V16>U16,1,0) -> 0 | AK17: =IF(X16>W16,1,0) -> 0 | AL17: =IF(Z16>Y16,1,0) -> 0 | AM17: =IF(N16>M16,M16,IF(M16>N16,-N16,"")) -> 0 | AN17: =IF(P16>O16,", "&O16,IF(O16>P16,", "&-P16,"")) | AO17: =IF(R16>Q16,", "&Q16,IF(Q16>R16,", "&-R16,"")) | AP17: =IF(T16>S16,", "&S16,IF(S16>T16,", "&-T16,"")) | AQ17: =IF(V16>U16,", "&U16,IF(U16>V16,", "&-V16,"")) | AR17: =IF(X16>W16,", "&W16,IF(W16>X16,", "&-X16,"")) | AS17: =IF(Z16>Y16,", "&Y16,IF(Y16>Z16,", "&-Z16,"")) | AV17: 4 | AW17: =VLOOKUP(AV17,$A$4:$L$145,6,FALSE) -> 21-sep-- Table | AY17: =VLOOKUP(AY15,$A$4:$L$149,8,FALSE) -> 4296 | AZ17: =IF(AY17=0,0,VLOOKUP(AY17,Inscripciones!$B$2:$K$499,2,FALSE)) -> SAÚL EMIR PÉREZ MEDINA | BA17: =IF(AY17=0,0,VLOOKUP(AY17,Inscripciones!$B$1:$N$399,3,FALSE)) -> ESPARZA | BL17: =1+BL16 -> 13 | BR17: 13 | BS17: =VLOOKUP(BY18,Inscripciones!$A$2:$B$399,2,FALSE) -> #N/A | BU17: =VLOOKUP(BZ18,Inscripciones!$A$2:$B$399,2,FALSE) -> #N/A | BY17: =G28 -> 4351 | BZ17: =H28 -> X | CA17: =Inscripciones!$B$2 -> U13 MASCULINO | CB17: Ronda de 64 - 13
A18: 8 | B18: 1/32 | C18: 21-sep | F18: =C18&"-"&D18&"- Table"&E18 -> 21-sep-- Table | G18: ='SORTEO 64'!D23 -> X | H18: ='SORTEO 64'!D24 -> 3988 | I18: =IF(G18=0,0,VLOOKUP(G18,Inscripciones!$B$2:$K$499,2,FALSE)) -> BYE | J18: =IF(G18=0,0,VLOOKUP(G18,Inscripciones!$B$1:$N$399,3,FALSE)) -> BYE | K18: =IF(I18=0,0,VLOOKUP(H18,Inscripciones!$B$2:$K$499,2,FALSE)) -> JACKY CHENG FENG | L18: =IF(I18=0,0,VLOOKUP(H18,Inscripciones!$B$1:$N$399,3,FALSE)) -> ESCAZÚ | M18: 0 | N18: 11 | AA18: =IF(M18+N18<>0,SUM(AF18:AL18),"") -> 0 | AB18: =IF(M18+N18<>0,SUM(AF19:AL19),"") -> 1 | AC18: =IF(AA18>AB18,AD18&" "&AE18,IF(AB18>AA18,AD18&" "&AE19,"")) -> 1 - 0 (0) | AD18: =IF(AA18>AB18,AA18&" - "&AB18,IF(AB18>AA18,AB18&" - "&AA18,"")) -> 1 - 0 | AE18: =CONCATENATE("(",AM18,AN18,AO18,AP18,AQ18,AR18,AS18,")") -> (0) | AF18: =IF(M18>N18,1,0) -> 0 | AG18: =IF(O18>P18,1,0) -> 0 | AH18: =IF(Q18>R18,1,0) -> 0 | AI18: =IF(S18>T18,1,0) -> 0 | AJ18: =IF(U18>V18,1,0) -> 0 | AK18: =IF(W18>X18,1,0) -> 0 | AL18: =IF(Y18>Z18,1,0) -> 0 | AM18: =IF(M18>N18,N18,IF(N18>M18,-M18,"")) -> 0 | AN18: =IF(O18>P18,", "&P18,IF(P18>O18,", "&-O18,"")) | AO18: =IF(Q18>R18,", "&R18,IF(R18>Q18,", "&-Q18,"")) | AP18: =IF(S18>T18,", "&T18,IF(T18>S18,", "&-S18,"")) | AQ18: =IF(U18>V18,", "&V18,IF(V18>U18,", "&-U18,"")) | AR18: =IF(W18>X18,", "&X18,IF(X18>W18,", "&-W18,"")) | AS18: =IF(Y18>Z18,", "&Z18,IF(Z18>Y18,", "&-Y18,"")) | AU18: =1+AU16 -> 8 | AV18: =VLOOKUP(AV17,$A$4:$L$145,8,FALSE) -> 4296 | AW18: =IF(AV18=0,0,VLOOKUP(AV18,Inscripciones!$B$2:$K$499,2,FALSE)) -> SAÚL EMIR PÉREZ MEDINA | AX18: =IF(AV18=0,0,VLOOKUP(AV18,Inscripciones!$B$1:$N$399,3,FALSE)) -> ESPARZA | AZ18: =VLOOKUP(AV17,$A$4:$AD$149,29,FALSE) -> 1 - 0 (0) | BI18: =VLOOKUP(BE19,$A$4:$AD$145,29,FALSE) -> 2 - 0 (3, 4) | BL18: =1+BL17 -> 14 | BR18: 14 | BS18: =VLOOKUP(BY19,Inscripciones!$A$2:$B$399,2,FALSE) -> #N/A | BU18: =VLOOKUP(BZ19,Inscripciones!$A$2:$B$399,2,FALSE) -> #N/A | BY18: =G30 -> X | BZ18: =H30 -> 4825 | CA18: =Inscripciones!$B$2 -> U13 MASCULINO | CB18: Ronda de 64 - 14
I19: 0 | J19: 0 | K19: 0 | L19: 0 | AD19: =IF(AA18>AB18,AD18&" "&AE18,IF(AB18>AA18,AD18&" "&AE19,"")) -> 1 - 0 (0) | AE19: =CONCATENATE("(",AM19,AN19,AO19,AP19,AQ19,AR19,AS19,")") -> (0) | AF19: =IF(N18>M18,1,0) -> 1 | AG19: =IF(P18>O18,1,0) -> 0 | AH19: =IF(R18>Q18,1,0) -> 0 | AI19: =IF(T18>S18,1,0) -> 0 | AJ19: =IF(V18>U18,1,0) -> 0 | AK19: =IF(X18>W18,1,0) -> 0 | AL19: =IF(Z18>Y18,1,0) -> 0 | AM19: =IF(N18>M18,M18,IF(M18>N18,-N18,"")) -> 0 | AN19: =IF(P18>O18,", "&O18,IF(O18>P18,", "&-P18,"")) | AO19: =IF(R18>Q18,", "&Q18,IF(Q18>R18,", "&-R18,"")) | AP19: =IF(T18>S18,", "&S18,IF(S18>T18,", "&-T18,"")) | AQ19: =IF(V18>U18,", "&U18,IF(U18>V18,", "&-V18,"")) | AR19: =IF(X18>W18,", "&W18,IF(W18>X18,", "&-X18,"")) | AS19: =IF(Z18>Y18,", "&Y18,IF(Y18>Z18,", "&-Z18,"")) | BE19: 57 | BF19: =VLOOKUP(BE19,$A$4:$L$145,6,FALSE) -> 21-sep-- Table | BH19: =VLOOKUP(BH34,$A$4:$L$149,7,FALSE) -> 3790 | BI19: =IF(BH19=0,0,VLOOKUP(BH19,Inscripciones!$B$2:$K$499,2,FALSE)) -> FABIAN ROJAS VARELA | BJ19: =IF(BH19=0,0,VLOOKUP(BH19,Inscripciones!$B$1:$N$399,3,FALSE)) -> SAN CARLOS | BL19: =1+BL18 -> 15 | BR19: 15 | BS19: =VLOOKUP(BY20,Inscripciones!$A$2:$B$399,2,FALSE) -> #N/A | BU19: =VLOOKUP(BZ20,Inscripciones!$A$2:$B$399,2,FALSE) -> #N/A | BY19: =G32 -> 4227 | BZ19: =H32 -> X | CA19: =Inscripciones!$B$2 -> U13 MASCULINO | CB19: Ronda de 64 - 15
A20: 9 | B20: 1/32 | C20: 21-sep | F20: =C20&"-"&D20&"- Table"&E20 -> 21-sep-- Table | G20: ='SORTEO 64'!D25 -> 4026 | H20: ='SORTEO 64'!D26 -> X | I20: =IF(G20=0,0,VLOOKUP(G20,Inscripciones!$B$2:$K$499,2,FALSE)) -> IAN GABRIEL VILLEGAS SALAS | J20: =IF(G20=0,0,VLOOKUP(G20,Inscripciones!$B$1:$N$399,3,FALSE)) -> SAN CARLOS | K20: =IF(I20=0,0,VLOOKUP(H20,Inscripciones!$B$2:$K$499,2,FALSE)) -> BYE | L20: =IF(I20=0,0,VLOOKUP(H20,Inscripciones!$B$1:$N$399,3,FALSE)) -> BYE | M20: 11 | N20: 0 | AA20: =IF(M20+N20<>0,SUM(AF20:AL20),"") -> 1 | AB20: =IF(M20+N20<>0,SUM(AF21:AL21),"") -> 0 | AC20: =IF(AA20>AB20,AD20&" "&AE20,IF(AB20>AA20,AD20&" "&AE21,"")) -> 1 - 0 (0) | AD20: =IF(AA20>AB20,AA20&" - "&AB20,IF(AB20>AA20,AB20&" - "&AA20,"")) -> 1 - 0 | AE20: =CONCATENATE("(",AM20,AN20,AO20,AP20,AQ20,AR20,AS20,")") -> (0) | AF20: =IF(M20>N20,1,0) -> 1 | AG20: =IF(O20>P20,1,0) -> 0 | AH20: =IF(Q20>R20,1,0) -> 0 | AI20: =IF(S20>T20,1,0) -> 0 | AJ20: =IF(U20>V20,1,0) -> 0 | AK20: =IF(W20>X20,1,0) -> 0 | AL20: =IF(Y20>Z20,1,0) -> 0 | AM20: =IF(M20>N20,N20,IF(N20>M20,-M20,"")) -> 0 | AN20: =IF(O20>P20,", "&P20,IF(P20>O20,", "&-O20,"")) | AO20: =IF(Q20>R20,", "&R20,IF(R20>Q20,", "&-Q20,"")) | AP20: =IF(S20>T20,", "&T20,IF(T20>S20,", "&-S20,"")) | AQ20: =IF(U20>V20,", "&V20,IF(V20>U20,", "&-U20,"")) | AR20: =IF(W20>X20,", "&X20,IF(X20>W20,", "&-W20,"")) | AS20: =IF(Y20>Z20,", "&Z20,IF(Z20>Y20,", "&-Y20,"")) | AU20: =1+AU18 -> 9 | AV20: =VLOOKUP(AV21,$A$4:$L$145,7,FALSE) -> 4175 | AW20: =IF(AV20=0,0,VLOOKUP(AV20,Inscripciones!$B$2:$K$499,2,FALSE)) -> BENJAMÍN QUIRÓS BALTODANO | AX20: =IF(AV20=0,0,VLOOKUP(AV20,Inscripciones!$B$1:$N$399,3,FALSE)) -> ESPARZA | AZ20: =VLOOKUP(AV21,$A$4:$AD$145,29,FALSE) -> 1 - 0 (0) | BL20: =1+BL19 -> 16 | BR20: 16 | BS20: =VLOOKUP(BY21,Inscripciones!$A$2:$B$399,2,FALSE) -> #N/A | BU20: =VLOOKUP(BZ21,Inscripciones!$A$2:$B$399,2,FALSE) -> #N/A | BY20: =G34 -> X | BZ20: =H34 -> 4297 | CA20: =Inscripciones!$B$2 -> U13 MASCULINO | CB20: Ronda de 64 - 16
I21: 0 | J21: 0 | K21: 0 | L21: 0 | AD21: =IF(AA20>AB20,AD20&" "&AE20,IF(AB20>AA20,AD20&" "&AE21,"")) -> 1 - 0 (0) | AE21: =CONCATENATE("(",AM21,AN21,AO21,AP21,AQ21,AR21,AS21,")") -> (0) | AF21: =IF(N20>M20,1,0) -> 0 | AG21: =IF(P20>O20,1,0) -> 0 | AH21: =IF(R20>Q20,1,0) -> 0 | AI21: =IF(T20>S20,1,0) -> 0 | AJ21: =IF(V20>U20,1,0) -> 0 | AK21: =IF(X20>W20,1,0) -> 0 | AL21: =IF(Z20>Y20,1,0) -> 0 | AM21: =IF(N20>M20,M20,IF(M20>N20,-N20,"")) -> 0 | AN21: =IF(P20>O20,", "&O20,IF(O20>P20,", "&-P20,"")) | AO21: =IF(R20>Q20,", "&Q20,IF(Q20>R20,", "&-R20,"")) | AP21: =IF(T20>S20,", "&S20,IF(S20>T20,", "&-T20,"")) | AQ21: =IF(V20>U20,", "&U20,IF(U20>V20,", "&-V20,"")) | AR21: =IF(X20>W20,", "&W20,IF(W20>X20,", "&-X20,"")) | AS21: =IF(Z20>Y20,", "&Y20,IF(Y20>Z20,", "&-Z20,"")) | AV21: 5 | AW21: =VLOOKUP(AV21,$A$4:$L$145,6,FALSE) -> 21-sep-- Table | AY21: =VLOOKUP(AY23,$A$4:$L$149,7,FALSE) -> 4175 | AZ21: =IF(AY21=0,0,VLOOKUP(AY21,Inscripciones!$B$2:$K$499,2,FALSE)) -> BENJAMÍN QUIRÓS BALTODANO | BA21: =IF(AY21=0,0,VLOOKUP(AY21,Inscripciones!$B$1:$N$399,3,FALSE)) -> ESPARZA | BL21: =1+BL20 -> 17 | BR21: 17 | BS21: =VLOOKUP(BY22,Inscripciones!$A$2:$B$399,2,FALSE) -> #N/A | BU21: =VLOOKUP(BZ22,Inscripciones!$A$2:$B$399,2,FALSE) -> #N/A | BY21: =G36 -> 3787 | BZ21: =H36 -> X | CA21: =Inscripciones!$B$2 -> U13 MASCULINO | CB21: Ronda de 64 - 17
A22: 10 | B22: 1/32 | C22: 21-sep | F22: =C22&"-"&D22&"- Table"&E22 -> 21-sep-- Table | G22: ='SORTEO 64'!D27 -> X | H22: ='SORTEO 64'!D28 -> 4121 | I22: =IF(G22=0,0,VLOOKUP(G22,Inscripciones!$B$2:$K$499,2,FALSE)) -> BYE | J22: =IF(G22=0,0,VLOOKUP(G22,Inscripciones!$B$1:$N$399,3,FALSE)) -> BYE | K22: =IF(I22=0,0,VLOOKUP(H22,Inscripciones!$B$2:$K$499,2,FALSE)) -> ANDRÉS CHACÓN ALTAMIRANO | L22: =IF(I22=0,0,VLOOKUP(H22,Inscripciones!$B$1:$N$399,3,FALSE)) -> CURRIDABAT | M22: 0 | N22: 11 | AA22: =IF(M22+N22<>0,SUM(AF22:AL22),"") -> 0 | AB22: =IF(M22+N22<>0,SUM(AF23:AL23),"") -> 1 | AC22: =IF(AA22>AB22,AD22&" "&AE22,IF(AB22>AA22,AD22&" "&AE23,"")) -> 1 - 0 (0) | AD22: =IF(AA22>AB22,AA22&" - "&AB22,IF(AB22>AA22,AB22&" - "&AA22,"")) -> 1 - 0 | AE22: =CONCATENATE("(",AM22,AN22,AO22,AP22,AQ22,AR22,AS22,")") -> (0) | AF22: =IF(M22>N22,1,0) -> 0 | AG22: =IF(O22>P22,1,0) -> 0 | AH22: =IF(Q22>R22,1,0) -> 0 | AI22: =IF(S22>T22,1,0) -> 0 | AJ22: =IF(U22>V22,1,0) -> 0 | AK22: =IF(W22>X22,1,0) -> 0 | AL22: =IF(Y22>Z22,1,0) -> 0 | AM22: =IF(M22>N22,N22,IF(N22>M22,-M22,"")) -> 0 | AN22: =IF(O22>P22,", "&P22,IF(P22>O22,", "&-O22,"")) | AO22: =IF(Q22>R22,", "&R22,IF(R22>Q22,", "&-Q22,"")) | AP22: =IF(S22>T22,", "&T22,IF(T22>S22,", "&-S22,"")) | AQ22: =IF(U22>V22,", "&V22,IF(V22>U22,", "&-U22,"")) | AR22: =IF(W22>X22,", "&X22,IF(X22>W22,", "&-W22,"")) | AS22: =IF(Y22>Z22,", "&Z22,IF(Z22>Y22,", "&-Y22,"")) | AU22: =1+AU20 -> 10 | AV22: =VLOOKUP(AV21,$A$4:$L$145,8,FALSE) -> X | AW22: =IF(AV22=0,0,VLOOKUP(AV22,Inscripciones!$B$2:$K$499,2,FALSE)) -> BYE | AX22: =IF(AV22=0,0,VLOOKUP(AV22,Inscripciones!$B$1:$N$399,3,FALSE)) -> BYE | BC22: =VLOOKUP(AY23,$A$4:$AD$145,29,FALSE) -> 2 - 0 (10, 5) | BL22: =1+BL21 -> 18 | BR22: 18 | BS22: =VLOOKUP(BY23,Inscripciones!$A$2:$B$399,2,FALSE) -> #N/A | BU22: =VLOOKUP(BZ23,Inscripciones!$A$2:$B$399,2,FALSE) -> #N/A | BY22: =G38 -> X | BZ22: =H38 -> 4437 | CA22: =Inscripciones!$B$2 -> U13 MASCULINO | CB22: Ronda de 64 - 18
I23: 0 | J23: 0 | K23: 0 | L23: 0 | AD23: =IF(AA22>AB22,AD22&" "&AE22,IF(AB22>AA22,AD22&" "&AE23,"")) -> 1 - 0 (0) | AE23: =CONCATENATE("(",AM23,AN23,AO23,AP23,AQ23,AR23,AS23,")") -> (0) | AF23: =IF(N22>M22,1,0) -> 1 | AG23: =IF(P22>O22,1,0) -> 0 | AH23: =IF(R22>Q22,1,0) -> 0 | AI23: =IF(T22>S22,1,0) -> 0 | AJ23: =IF(V22>U22,1,0) -> 0 | AK23: =IF(X22>W22,1,0) -> 0 | AL23: =IF(Z22>Y22,1,0) -> 0 | AM23: =IF(N22>M22,M22,IF(M22>N22,-N22,"")) -> 0 | AN23: =IF(P22>O22,", "&O22,IF(O22>P22,", "&-P22,"")) | AO23: =IF(R22>Q22,", "&Q22,IF(Q22>R22,", "&-R22,"")) | AP23: =IF(T22>S22,", "&S22,IF(S22>T22,", "&-T22,"")) | AQ23: =IF(V22>U22,", "&U22,IF(U22>V22,", "&-V22,"")) | AR23: =IF(X22>W22,", "&W22,IF(W22>X22,", "&-X22,"")) | AS23: =IF(Z22>Y22,", "&Y22,IF(Y22>Z22,", "&-Z22,"")) | AY23: 35 | AZ23: =VLOOKUP(AY23,$A$4:$L$145,6,FALSE) -> 21-sep-- Table | BB23: =VLOOKUP(BB27,$A$4:$L$149,7,FALSE) -> 4175 | BC23: =IF(BB23=0,0,VLOOKUP(BB23,Inscripciones!$B$2:$K$499,2,FALSE)) -> BENJAMÍN QUIRÓS BALTODANO | BD23: =IF(BB23=0,0,VLOOKUP(BB23,Inscripciones!$B$1:$N$399,3,FALSE)) -> ESPARZA | BL23: =1+BL22 -> 19 | BR23: 19 | BS23: =VLOOKUP(BY24,Inscripciones!$A$2:$B$399,2,FALSE) -> #N/A | BU23: =VLOOKUP(BZ24,Inscripciones!$A$2:$B$399,2,FALSE) -> #N/A | BY23: =G40 -> 4293 | BZ23: =H40 -> 4325 | CA23: =Inscripciones!$B$2 -> U13 MASCULINO | CB23: Ronda de 64 - 19
A24: 11 | B24: 1/32 | C24: 21-sep | F24: =C24&"-"&D24&"- Table"&E24 -> 21-sep-- Table | G24: ='SORTEO 64'!D29 -> 4218 | H24: ='SORTEO 64'!D30 -> X | I24: =IF(G24=0,0,VLOOKUP(G24,Inscripciones!$B$2:$K$499,2,FALSE)) -> JULIÁN ESPINOZA CHAVEZ | J24: =IF(G24=0,0,VLOOKUP(G24,Inscripciones!$B$1:$N$399,3,FALSE)) -> ESPARZA | K24: =IF(I24=0,0,VLOOKUP(H24,Inscripciones!$B$2:$K$499,2,FALSE)) -> BYE | L24: =IF(I24=0,0,VLOOKUP(H24,Inscripciones!$B$1:$N$399,3,FALSE)) -> BYE | M24: 11 | N24: 0 | AA24: =IF(M24+N24<>0,SUM(AF24:AL24),"") -> 1 | AB24: =IF(M24+N24<>0,SUM(AF25:AL25),"") -> 0 | AC24: =IF(AA24>AB24,AD24&" "&AE24,IF(AB24>AA24,AD24&" "&AE25,"")) -> 1 - 0 (0) | AD24: =IF(AA24>AB24,AA24&" - "&AB24,IF(AB24>AA24,AB24&" - "&AA24,"")) -> 1 - 0 | AE24: =CONCATENATE("(",AM24,AN24,AO24,AP24,AQ24,AR24,AS24,")") -> (0) | AF24: =IF(M24>N24,1,0) -> 1 | AG24: =IF(O24>P24,1,0) -> 0 | AH24: =IF(Q24>R24,1,0) -> 0 | AI24: =IF(S24>T24,1,0) -> 0 | AJ24: =IF(U24>V24,1,0) -> 0 | AK24: =IF(W24>X24,1,0) -> 0 | AL24: =IF(Y24>Z24,1,0) -> 0 | AM24: =IF(M24>N24,N24,IF(N24>M24,-M24,"")) -> 0 | AN24: =IF(O24>P24,", "&P24,IF(P24>O24,", "&-O24,"")) | AO24: =IF(Q24>R24,", "&R24,IF(R24>Q24,", "&-Q24,"")) | AP24: =IF(S24>T24,", "&T24,IF(T24>S24,", "&-S24,"")) | AQ24: =IF(U24>V24,", "&V24,IF(V24>U24,", "&-U24,"")) | AR24: =IF(W24>X24,", "&X24,IF(X24>W24,", "&-W24,"")) | AS24: =IF(Y24>Z24,", "&Z24,IF(Z24>Y24,", "&-Y24,"")) | AU24: =1+AU22 -> 11 | AV24: =VLOOKUP(AV25,$A$4:$L$145,7,FALSE) -> 4122 | AW24: =IF(AV24=0,0,VLOOKUP(AV24,Inscripciones!$B$2:$K$499,2,FALSE)) -> BRYAN ALVAREZ SOLIS | AX24: =IF(AV24=0,0,VLOOKUP(AV24,Inscripciones!$B$1:$N$399,3,FALSE)) -> ESCAZÚ | BL24: =1+BL23 -> 20 | BR24: 20 | BS24: =VLOOKUP(BY25,Inscripciones!$A$2:$B$399,2,FALSE) -> #N/A | BU24: =VLOOKUP(BZ25,Inscripciones!$A$2:$B$399,2,FALSE) -> #N/A | BY24: =G42 -> X | BZ24: =H42 -> 4458 | CA24: =Inscripciones!$B$2 -> U13 MASCULINO | CB24: Ronda de 64 - 20
I25: 0 | J25: 0 | K25: 0 | L25: 0 | AD25: =IF(AA24>AB24,AD24&" "&AE24,IF(AB24>AA24,AD24&" "&AE25,"")) -> 1 - 0 (0) | AE25: =CONCATENATE("(",AM25,AN25,AO25,AP25,AQ25,AR25,AS25,")") -> (0) | AF25: =IF(N24>M24,1,0) -> 0 | AG25: =IF(P24>O24,1,0) -> 0 | AH25: =IF(R24>Q24,1,0) -> 0 | AI25: =IF(T24>S24,1,0) -> 0 | AJ25: =IF(V24>U24,1,0) -> 0 | AK25: =IF(X24>W24,1,0) -> 0 | AL25: =IF(Z24>Y24,1,0) -> 0 | AM25: =IF(N24>M24,M24,IF(M24>N24,-N24,"")) -> 0 | AN25: =IF(P24>O24,", "&O24,IF(O24>P24,", "&-P24,"")) | AO25: =IF(R24>Q24,", "&Q24,IF(Q24>R24,", "&-R24,"")) | AP25: =IF(T24>S24,", "&S24,IF(S24>T24,", "&-T24,"")) | AQ25: =IF(V24>U24,", "&U24,IF(U24>V24,", "&-V24,"")) | AR25: =IF(X24>W24,", "&W24,IF(W24>X24,", "&-X24,"")) | AS25: =IF(Z24>Y24,", "&Y24,IF(Y24>Z24,", "&-Z24,"")) | AV25: 6 | AW25: =VLOOKUP(AV25,$A$4:$L$145,6,FALSE) -> 21-sep-- Table | AY25: =VLOOKUP(AY23,$A$4:$L$149,8,FALSE) -> 4122 | AZ25: =IF(AY25=0,0,VLOOKUP(AY25,Inscripciones!$B$2:$K$499,2,FALSE)) -> BRYAN ALVAREZ SOLIS | BA25: =IF(AY25=0,0,VLOOKUP(AY25,Inscripciones!$B$1:$N$399,3,FALSE)) -> ESCAZÚ | BL25: =1+BL24 -> 21 | BR25: 21 | BS25: =VLOOKUP(BY26,Inscripciones!$A$2:$B$399,2,FALSE) -> #N/A | BU25: =VLOOKUP(BZ26,Inscripciones!$A$2:$B$399,2,FALSE) -> #N/A | BY25: =G44 -> 4151 | BZ25: =H44 -> X | CA25: =Inscripciones!$B$2 -> U13 MASCULINO | CB25: Ronda de 64 - 21
A26: 12 | B26: 1/32 | C26: 21-sep | F26: =C26&"-"&D26&"- Table"&E26 -> 21-sep-- Table | G26: ='SORTEO 64'!D31 -> X | H26: ='SORTEO 64'!D32 -> 4679 | I26: =IF(G26=0,0,VLOOKUP(G26,Inscripciones!$B$2:$K$499,2,FALSE)) -> BYE | J26: =IF(G26=0,0,VLOOKUP(G26,Inscripciones!$B$1:$N$399,3,FALSE)) -> BYE | K26: =IF(I26=0,0,VLOOKUP(H26,Inscripciones!$B$2:$K$499,2,FALSE)) -> TOMAS IGNACIO UGALDE HERNANDEZ | L26: =IF(I26=0,0,VLOOKUP(H26,Inscripciones!$B$1:$N$399,3,FALSE)) -> CCDR SAN JOSÉ | M26: 0 | N26: 11 | AA26: =IF(M26+N26<>0,SUM(AF26:AL26),"") -> 0 | AB26: =IF(M26+N26<>0,SUM(AF27:AL27),"") -> 1 | AC26: =IF(AA26>AB26,AD26&" "&AE26,IF(AB26>AA26,AD26&" "&AE27,"")) -> 1 - 0 (0) | AD26: =IF(AA26>AB26,AA26&" - "&AB26,IF(AB26>AA26,AB26&" - "&AA26,"")) -> 1 - 0 | AE26: =CONCATENATE("(",AM26,AN26,AO26,AP26,AQ26,AR26,AS26,")") -> (0) | AF26: =IF(M26>N26,1,0) -> 0 | AG26: =IF(O26>P26,1,0) -> 0 | AH26: =IF(Q26>R26,1,0) -> 0 | AI26: =IF(S26>T26,1,0) -> 0 | AJ26: =IF(U26>V26,1,0) -> 0 | AK26: =IF(W26>X26,1,0) -> 0 | AL26: =IF(Y26>Z26,1,0) -> 0 | AM26: =IF(M26>N26,N26,IF(N26>M26,-M26,"")) -> 0 | AN26: =IF(O26>P26,", "&P26,IF(P26>O26,", "&-O26,"")) | AO26: =IF(Q26>R26,", "&R26,IF(R26>Q26,", "&-Q26,"")) | AP26: =IF(S26>T26,", "&T26,IF(T26>S26,", "&-S26,"")) | AQ26: =IF(U26>V26,", "&V26,IF(V26>U26,", "&-U26,"")) | AR26: =IF(W26>X26,", "&X26,IF(X26>W26,", "&-W26,"")) | AS26: =IF(Y26>Z26,", "&Z26,IF(Z26>Y26,", "&-Y26,"")) | AU26: =1+AU24 -> 12 | AV26: =VLOOKUP(AV25,$A$4:$L$145,8,FALSE) -> 4465 | AW26: =IF(AV26=0,0,VLOOKUP(AV26,Inscripciones!$B$2:$K$499,2,FALSE)) -> JULIÁN ZUÑIGA AGÜERO | AX26: =IF(AV26=0,0,VLOOKUP(AV26,Inscripciones!$B$1:$N$399,3,FALSE)) -> ESPARZA | AZ26: =VLOOKUP(AV25,$A$4:$AD$149,29,FALSE) -> 2 - 1 (6, -10, 2) | BL26: =1+BL25 -> 22 | BR26: 22 | BS26: =VLOOKUP(BY27,Inscripciones!$A$2:$B$399,2,FALSE) -> #N/A | BU26: =VLOOKUP(BZ27,Inscripciones!$A$2:$B$399,2,FALSE) -> #N/A | BY26: =G46 -> X | BZ26: =H46 -> 4606 | CA26: =Inscripciones!$B$2 -> U13 MASCULINO | CB26: Ronda de 64 - 22
I27: 0 | J27: 0 | K27: 0 | L27: 0 | AD27: =IF(AA26>AB26,AD26&" "&AE26,IF(AB26>AA26,AD26&" "&AE27,"")) -> 1 - 0 (0) | AE27: =CONCATENATE("(",AM27,AN27,AO27,AP27,AQ27,AR27,AS27,")") -> (0) | AF27: =IF(N26>M26,1,0) -> 1 | AG27: =IF(P26>O26,1,0) -> 0 | AH27: =IF(R26>Q26,1,0) -> 0 | AI27: =IF(T26>S26,1,0) -> 0 | AJ27: =IF(V26>U26,1,0) -> 0 | AK27: =IF(X26>W26,1,0) -> 0 | AL27: =IF(Z26>Y26,1,0) -> 0 | AM27: =IF(N26>M26,M26,IF(M26>N26,-N26,"")) -> 0 | AN27: =IF(P26>O26,", "&O26,IF(O26>P26,", "&-P26,"")) | AO27: =IF(R26>Q26,", "&Q26,IF(Q26>R26,", "&-R26,"")) | AP27: =IF(T26>S26,", "&S26,IF(S26>T26,", "&-T26,"")) | AQ27: =IF(V26>U26,", "&U26,IF(U26>V26,", "&-V26,"")) | AR27: =IF(X26>W26,", "&W26,IF(W26>X26,", "&-X26,"")) | AS27: =IF(Z26>Y26,", "&Y26,IF(Y26>Z26,", "&-Z26,"")) | BB27: 50 | BC27: =VLOOKUP(BB27,$A$4:$L$145,6,FALSE) -> 21-sep-- Table | BE27: =VLOOKUP(BE19,$A$4:$L$149,8,FALSE) -> 3988 | BF27: =IF(BE27=0,0,VLOOKUP(BE27,Inscripciones!$B$2:$K$499,2,FALSE)) -> JACKY CHENG FENG | BG27: =IF(BE27=0,0,VLOOKUP(BE27,Inscripciones!$B$1:$N$399,3,FALSE)) -> ESCAZÚ | BL27: =1+BL26 -> 23 | BR27: 23 | BS27: =VLOOKUP(BY28,Inscripciones!$A$2:$B$399,2,FALSE) -> #N/A | BU27: =VLOOKUP(BZ28,Inscripciones!$A$2:$B$399,2,FALSE) -> #N/A | BY27: =G48 -> 4706 | BZ27: =H48 -> X | CA27: =Inscripciones!$B$2 -> U13 MASCULINO | CB27: Ronda de 64 - 23
A28: 13 | B28: 1/32 | C28: 21-sep | F28: =C28&"-"&D28&"- Table"&E28 -> 21-sep-- Table | G28: ='SORTEO 64'!D33 -> 4351 | H28: ='SORTEO 64'!D34 -> X | I28: =IF(G28=0,0,VLOOKUP(G28,Inscripciones!$B$2:$K$499,2,FALSE)) -> DANIEL GARRO OBALDÍA | J28: =IF(G28=0,0,VLOOKUP(G28,Inscripciones!$B$1:$N$399,3,FALSE)) -> SANTA ANA | K28: =IF(I28=0,0,VLOOKUP(H28,Inscripciones!$B$2:$K$499,2,FALSE)) -> BYE | L28: =IF(I28=0,0,VLOOKUP(H28,Inscripciones!$B$1:$N$399,3,FALSE)) -> BYE | M28: 11 | N28: 0 | AA28: =IF(M28+N28<>0,SUM(AF28:AL28),"") -> 1 | AB28: =IF(M28+N28<>0,SUM(AF29:AL29),"") -> 0 | AC28: =IF(AA28>AB28,AD28&" "&AE28,IF(AB28>AA28,AD28&" "&AE29,"")) -> 1 - 0 (0) | AD28: =IF(AA28>AB28,AA28&" - "&AB28,IF(AB28>AA28,AB28&" - "&AA28,"")) -> 1 - 0 | AE28: =CONCATENATE("(",AM28,AN28,AO28,AP28,AQ28,AR28,AS28,")") -> (0) | AF28: =IF(M28>N28,1,0) -> 1 | AG28: =IF(O28>P28,1,0) -> 0 | AH28: =IF(Q28>R28,1,0) -> 0 | AI28: =IF(S28>T28,1,0) -> 0 | AJ28: =IF(U28>V28,1,0) -> 0 | AK28: =IF(W28>X28,1,0) -> 0 | AL28: =IF(Y28>Z28,1,0) -> 0 | AM28: =IF(M28>N28,N28,IF(N28>M28,-M28,"")) -> 0 | AN28: =IF(O28>P28,", "&P28,IF(P28>O28,", "&-O28,"")) | AO28: =IF(Q28>R28,", "&R28,IF(R28>Q28,", "&-Q28,"")) | AP28: =IF(S28>T28,", "&T28,IF(T28>S28,", "&-S28,"")) | AQ28: =IF(U28>V28,", "&V28,IF(V28>U28,", "&-U28,"")) | AR28: =IF(W28>X28,", "&X28,IF(X28>W28,", "&-W28,"")) | AS28: =IF(Y28>Z28,", "&Z28,IF(Z28>Y28,", "&-Y28,"")) | AU28: =1+AU26 -> 13 | AV28: =VLOOKUP(AV29,$A$4:$L$145,7,FALSE) -> 4381 | AW28: =IF(AV28=0,0,VLOOKUP(AV28,Inscripciones!$B$2:$K$499,2,FALSE)) -> ALEJANDRO PADILLA SOLERA | AX28: =IF(AV28=0,0,VLOOKUP(AV28,Inscripciones!$B$1:$N$399,3,FALSE)) -> ESCAZÚ | AZ28: =VLOOKUP(AV29,$A$4:$AD$145,29,FALSE) -> 1 - 0 (0) | BF28: =VLOOKUP(BB27,$A$4:$AD$149,29,FALSE) -> 2 - 0 (7, 10) | BL28: =1+BL27 -> 24 | BR28: 24 | BS28: =VLOOKUP(BY29,Inscripciones!$A$2:$B$399,2,FALSE) -> #N/A | BU28: =VLOOKUP(BZ29,Inscripciones!$A$2:$B$399,2,FALSE) -> #N/A | BY28: =G50 -> X | BZ28: =H50 -> 3875 | CA28: =Inscripciones!$B$2 -> U13 MASCULINO | CB28: Ronda de 64 - 24
I29: 0 | J29: 0 | K29: 0 | L29: 0 | AD29: =IF(AA28>AB28,AD28&" "&AE28,IF(AB28>AA28,AD28&" "&AE29,"")) -> 1 - 0 (0) | AE29: =CONCATENATE("(",AM29,AN29,AO29,AP29,AQ29,AR29,AS29,")") -> (0) | AF29: =IF(N28>M28,1,0) -> 0 | AG29: =IF(P28>O28,1,0) -> 0 | AH29: =IF(R28>Q28,1,0) -> 0 | AI29: =IF(T28>S28,1,0) -> 0 | AJ29: =IF(V28>U28,1,0) -> 0 | AK29: =IF(X28>W28,1,0) -> 0 | AL29: =IF(Z28>Y28,1,0) -> 0 | AM29: =IF(N28>M28,M28,IF(M28>N28,-N28,"")) -> 0 | AN29: =IF(P28>O28,", "&O28,IF(O28>P28,", "&-P28,"")) | AO29: =IF(R28>Q28,", "&Q28,IF(Q28>R28,", "&-R28,"")) | AP29: =IF(T28>S28,", "&S28,IF(S28>T28,", "&-T28,"")) | AQ29: =IF(V28>U28,", "&U28,IF(U28>V28,", "&-V28,"")) | AR29: =IF(X28>W28,", "&W28,IF(W28>X28,", "&-X28,"")) | AS29: =IF(Z28>Y28,", "&Y28,IF(Y28>Z28,", "&-Z28,"")) | AV29: 7 | AW29: =VLOOKUP(AV29,$A$4:$L$145,6,FALSE) -> 21-sep-- Table | AY29: =VLOOKUP(AY31,$A$4:$L$149,7,FALSE) -> 4381 | AZ29: =IF(AY29=0,0,VLOOKUP(AY29,Inscripciones!$B$2:$K$499,2,FALSE)) -> ALEJANDRO PADILLA SOLERA | BA29: =IF(AY29=0,0,VLOOKUP(AY29,Inscripciones!$B$1:$N$399,3,FALSE)) -> ESCAZÚ | BL29: =1+BL28 -> 25 | BR29: 25 | BS29: =VLOOKUP(BY30,Inscripciones!$A$2:$B$399,2,FALSE) -> #N/A | BU29: =VLOOKUP(BZ30,Inscripciones!$A$2:$B$399,2,FALSE) -> #N/A | BY29: =G52 -> 4181 | BZ29: =H52 -> X | CA29: =Inscripciones!$B$2 -> U13 MASCULINO | CB29: Ronda de 64 - 25
A30: 14 | B30: 1/32 | C30: 21-sep | F30: =C30&"-"&D30&"- Table"&E30 -> 21-sep-- Table | G30: ='SORTEO 64'!D35 -> X | H30: ='SORTEO 64'!D36 -> 4825 | I30: =IF(G30=0,0,VLOOKUP(G30,Inscripciones!$B$2:$K$499,2,FALSE)) -> BYE | J30: =IF(G30=0,0,VLOOKUP(G30,Inscripciones!$B$1:$N$399,3,FALSE)) -> BYE | K30: =IF(I30=0,0,VLOOKUP(H30,Inscripciones!$B$2:$K$499,2,FALSE)) -> SANTIAGO MELENDEZ MONTERO | L30: =IF(I30=0,0,VLOOKUP(H30,Inscripciones!$B$1:$N$399,3,FALSE)) -> PÉREZ ZELEDÓN | M30: 0 | N30: 11 | AA30: =IF(M30+N30<>0,SUM(AF30:AL30),"") -> 0 | AB30: =IF(M30+N30<>0,SUM(AF31:AL31),"") -> 1 | AC30: =IF(AA30>AB30,AD30&" "&AE30,IF(AB30>AA30,AD30&" "&AE31,"")) -> 1 - 0 (0) | AD30: =IF(AA30>AB30,AA30&" - "&AB30,IF(AB30>AA30,AB30&" - "&AA30,"")) -> 1 - 0 | AE30: =CONCATENATE("(",AM30,AN30,AO30,AP30,AQ30,AR30,AS30,")") -> (0) | AF30: =IF(M30>N30,1,0) -> 0 | AG30: =IF(O30>P30,1,0) -> 0 | AH30: =IF(Q30>R30,1,0) -> 0 | AI30: =IF(S30>T30,1,0) -> 0 | AJ30: =IF(U30>V30,1,0) -> 0 | AK30: =IF(W30>X30,1,0) -> 0 | AL30: =IF(Y30>Z30,1,0) -> 0 | AM30: =IF(M30>N30,N30,IF(N30>M30,-M30,"")) -> 0 | AN30: =IF(O30>P30,", "&P30,IF(P30>O30,", "&-O30,"")) | AO30: =IF(Q30>R30,", "&R30,IF(R30>Q30,", "&-Q30,"")) | AP30: =IF(S30>T30,", "&T30,IF(T30>S30,", "&-S30,"")) | AQ30: =IF(U30>V30,", "&V30,IF(V30>U30,", "&-U30,"")) | AR30: =IF(W30>X30,", "&X30,IF(X30>W30,", "&-W30,"")) | AS30: =IF(Y30>Z30,", "&Z30,IF(Z30>Y30,", "&-Y30,"")) | AU30: =1+AU28 -> 14 | AV30: =VLOOKUP(AV29,$A$4:$L$145,8,FALSE) -> X | AW30: =IF(AV30=0,0,VLOOKUP(AV30,Inscripciones!$B$2:$K$499,2,FALSE)) -> BYE | AX30: =IF(AV30=0,0,VLOOKUP(AV30,Inscripciones!$B$1:$N$399,3,FALSE)) -> BYE | BL30: =1+BL29 -> 26 | BR30: 26 | BS30: =VLOOKUP(BY31,Inscripciones!$A$2:$B$399,2,FALSE) -> #N/A | BU30: =VLOOKUP(BZ31,Inscripciones!$A$2:$B$399,2,FALSE) -> #N/A | BY30: =G54 -> X | BZ30: =H54 -> 4377 | CA30: =Inscripciones!$B$2 -> U13 MASCULINO | CB30: Ronda de 64 - 26
I31: 0 | J31: 0 | K31: 0 | L31: 0 | AD31: =IF(AA30>AB30,AD30&" "&AE30,IF(AB30>AA30,AD30&" "&AE31,"")) -> 1 - 0 (0) | AE31: =CONCATENATE("(",AM31,AN31,AO31,AP31,AQ31,AR31,AS31,")") -> (0) | AF31: =IF(N30>M30,1,0) -> 1 | AG31: =IF(P30>O30,1,0) -> 0 | AH31: =IF(R30>Q30,1,0) -> 0 | AI31: =IF(T30>S30,1,0) -> 0 | AJ31: =IF(V30>U30,1,0) -> 0 | AK31: =IF(X30>W30,1,0) -> 0 | AL31: =IF(Z30>Y30,1,0) -> 0 | AM31: =IF(N30>M30,M30,IF(M30>N30,-N30,"")) -> 0 | AN31: =IF(P30>O30,", "&O30,IF(O30>P30,", "&-P30,"")) | AO31: =IF(R30>Q30,", "&Q30,IF(Q30>R30,", "&-R30,"")) | AP31: =IF(T30>S30,", "&S30,IF(S30>T30,", "&-T30,"")) | AQ31: =IF(V30>U30,", "&U30,IF(U30>V30,", "&-V30,"")) | AR31: =IF(X30>W30,", "&W30,IF(W30>X30,", "&-X30,"")) | AS31: =IF(Z30>Y30,", "&Y30,IF(Y30>Z30,", "&-Z30,"")) | AY31: 36 | AZ31: =VLOOKUP(AY31,$A$4:$L$145,6,FALSE) -> 21-sep-- Table | BB31: =VLOOKUP(BB27,$A$4:$L$149,8,FALSE) -> 3988 | BC31: =IF(BB31=0,0,VLOOKUP(BB31,Inscripciones!$B$2:$K$499,2,FALSE)) -> JACKY CHENG FENG | BD31: =IF(BB31=0,0,VLOOKUP(BB31,Inscripciones!$B$1:$N$399,3,FALSE)) -> ESCAZÚ | BL31: =1+BL30 -> 27 | BR31: 27 | BS31: =VLOOKUP(BY32,Inscripciones!$A$2:$B$399,2,FALSE) -> #N/A | BU31: =VLOOKUP(BZ32,Inscripciones!$A$2:$B$399,2,FALSE) -> #N/A | BY31: =G56 -> 4676 | BZ31: =H56 -> X | CA31: =Inscripciones!$B$2 -> U13 MASCULINO | CB31: Ronda de 64 - 27
