Workbook
Name a: #REF!
Name a: #REF!
Name acdb: #REF!
Name acdb: #REF!
Name ACDB1: #REF!
Name ACDB1: #REF!
Name acdf: #REF!
Name acdh: #REF!
Name acdo: #REF!
Name aceq: [1]AE!$A:$IV
Name aceq: #REF!
Name acif: #REF!
Name acin: #REF!
Name ACIN1: #REF!
Name acti: #REF!
Name avc: [2]DORSAL!$A$2:$G$120
Name avc: #REF!
Name datos: [3]Datos!$A$2:$G$140
Name datos: #REF!
Name dorsal: [2]DORSAL!$A$2:$G$120
Name dorsal: #REF!
Name EQ: [4]EQU!$A:$IV
Name EQ: #REF!
Name IN: [4]IND!$A:$IV
Name IN: #REF!
Name IND: [5]IN!$A$3:$IV$102
Name IND: #REF!
Name IPC_Member: #REF!
Name JBS: [6]JB!$A$1:$E$100
Name JBS: #REF!
Name JGS: #REF!
Name JUG: [7]Jug!$A$2:$D$13
Name JUG: #REF!
Name PC: #REF!
Name PCS: #REF!
Name PLAYERS: [8]Players!$B$4:$H$124
Name PLAYERS: #REF!
Name RK: #REF!
Name RKJB: #REF!
Name RKJG: #REF!
Name SI: #REF!
Name sssss: #REF!

Sheet Sheet1

Sheet Tabulación
C1: Ganadores | F1: Perdedores | K1: 14 | L1: {=VLOOKUP(INDIRECT("'Grupo " & K1 & "'!J18"),INDIRECT("'Grupo " & K1 & "'!B12"):INDIRECT("'Grupo " & K1 & "'!J15"),2,FALSE)} -> #REF! | M1: {=VLOOKUP(IF(INDIRECT("'Grupo " & K1 & "'!J18")=INDIRECT("'Grupo " & K1 & "'!C18"),INDIRECT("'Grupo " & K1 & "'!C19"),INDIRECT("'Grupo " & K1 & "'!C18")),INDIRECT("'Grupo " & K1 & "'!B12"):INDIRECT("'Grupo " & K1 & "'!G15"),2,FALSE)} -> #REF! | O1: {=VLOOKUP(IF(INDIRECT("'Grupo " & K1 & "'!J18")=INDIRECT("'Grupo " & K1 & "'!C18"),INDIRECT("'Grupo " & K1 & "'!C19"),INDIRECT("'Grupo " & K1 & "'!C18")),INDIRECT("'Grupo " & K1 & "'!B12"):INDIRECT("'Grupo " & K1 & "'!G15"),2,FALSE)} -> #REF! | P1: {=VLOOKUP(INDIRECT("'Grupo " & K1 & "'!J18"),INDIRECT("'Grupo " & K1 & "'!B12"):INDIRECT("'Grupo " & K1 & "'!J15"),2,FALSE)} -> #REF!
B2: 1 | C2: {=VLOOKUP(INDIRECT("'Grupo " & B2 & "'!J18"),INDIRECT("'Grupo " & B2 & "'!B12"):INDIRECT("'Grupo " & B2 & "'!J15"),2,FALSE)} -> 4159 | D2: {=VLOOKUP(IF(INDIRECT("'Grupo " & B2 & "'!J18")=INDIRECT("'Grupo " & B2 & "'!C18"),INDIRECT("'Grupo " & B2 & "'!C19"),INDIRECT("'Grupo " & B2 & "'!C18")),INDIRECT("'Grupo " & B2 & "'!B12"):INDIRECT("'Grupo " & B2 & "'!G15"),2,FALSE)} -> 4276 | F2: {=VLOOKUP(IF(INDIRECT("'Grupo " & B2 & "'!J18")=INDIRECT("'Grupo " & B2 & "'!C18"),INDIRECT("'Grupo " & B2 & "'!C19"),INDIRECT("'Grupo " & B2 & "'!C18")),INDIRECT("'Grupo " & B2 & "'!B12"):INDIRECT("'Grupo " & B2 & "'!G15"),2,FALSE)} -> 4276 | G2: {=VLOOKUP(INDIRECT("'Grupo " & B2 & "'!J18"),INDIRECT("'Grupo " & B2 & "'!B12"):INDIRECT("'Grupo " & B2 & "'!J15"),2,FALSE)} -> 4159 | L2: {=VLOOKUP(INDIRECT("'Grupo " & K1 & "'!J20"),INDIRECT("'Grupo " & K1 & "'!B12"):INDIRECT("'Grupo " & K1 & "'!J15"),2,FALSE)} -> #REF! | M2: {=VLOOKUP(IF(INDIRECT("'Grupo " & K1 & "'!J20")=INDIRECT("'Grupo " & K1 & "'!C20"),INDIRECT("'Grupo " & K1 & "'!C21"),INDIRECT("'Grupo " & K1 & "'!C20")),INDIRECT("'Grupo " & K1 & "'!B12"):INDIRECT("'Grupo " & K1 & "'!G15"),2,FALSE)} -> #REF! | O2: {=VLOOKUP(IF(INDIRECT("'Grupo " & K1 & "'!J20")=INDIRECT("'Grupo " & K1 & "'!C20"),INDIRECT("'Grupo " & K1 & "'!C21"),INDIRECT("'Grupo " & K1 & "'!C20")),INDIRECT("'Grupo " & K1 & "'!B12"):INDIRECT("'Grupo " & K1 & "'!G15"),2,FALSE)} -> #REF! | P2: {=VLOOKUP(INDIRECT("'Grupo " & K1 & "'!J20"),INDIRECT("'Grupo " & K1 & "'!B12"):INDIRECT("'Grupo " & K1 & "'!J15"),2,FALSE)} -> #REF!
C3: {=VLOOKUP(INDIRECT("'Grupo " & B2 & "'!J20"),INDIRECT("'Grupo " & B2 & "'!B12"):INDIRECT("'Grupo " & B2 & "'!J15"),2,FALSE)} -> 4159 | D3: {=VLOOKUP(IF(INDIRECT("'Grupo " & B2 & "'!J20")=INDIRECT("'Grupo " & B2 & "'!C20"),INDIRECT("'Grupo " & B2 & "'!C21"),INDIRECT("'Grupo " & B2 & "'!C20")),INDIRECT("'Grupo " & B2 & "'!B12"):INDIRECT("'Grupo " & B2 & "'!G15"),2,FALSE)} -> 4601 | F3: {=VLOOKUP(IF(INDIRECT("'Grupo " & B2 & "'!J20")=INDIRECT("'Grupo " & B2 & "'!C20"),INDIRECT("'Grupo " & B2 & "'!C21"),INDIRECT("'Grupo " & B2 & "'!C20")),INDIRECT("'Grupo " & B2 & "'!B12"):INDIRECT("'Grupo " & B2 & "'!G15"),2,FALSE)} -> 4601 | G3: {=VLOOKUP(INDIRECT("'Grupo " & B2 & "'!J20"),INDIRECT("'Grupo " & B2 & "'!B12"):INDIRECT("'Grupo " & B2 & "'!J15"),2,FALSE)} -> 4159 | L3: {=VLOOKUP(INDIRECT("'Grupo " & K1 & "'!J22"),INDIRECT("'Grupo " & K1 & "'!B12"):INDIRECT("'Grupo " & K1 & "'!J15"),2,FALSE)} -> #REF! | M3: {=VLOOKUP(IF(INDIRECT("'Grupo " & K1 & "'!J22")=INDIRECT("'Grupo " & K1 & "'!C22"),INDIRECT("'Grupo " & K1 & "'!C23"),INDIRECT("'Grupo " & K1 & "'!C22")),INDIRECT("'Grupo " & K1 & "'!B12"):INDIRECT("'Grupo " & K1 & "'!G15"),2,FALSE)} -> #REF! | O3: {=VLOOKUP(IF(INDIRECT("'Grupo " & K1 & "'!J22")=INDIRECT("'Grupo " & K1 & "'!C22"),INDIRECT("'Grupo " & K1 & "'!C23"),INDIRECT("'Grupo " & K1 & "'!C22")),INDIRECT("'Grupo " & K1 & "'!B12"):INDIRECT("'Grupo " & K1 & "'!G15"),2,FALSE)} -> #REF! | P3: {=VLOOKUP(INDIRECT("'Grupo " & K1 & "'!J22"),INDIRECT("'Grupo " & K1 & "'!B12"):INDIRECT("'Grupo " & K1 & "'!J15"),2,FALSE)} -> #REF!
C4: {=VLOOKUP(INDIRECT("'Grupo " & B2 & "'!J22"),INDIRECT("'Grupo " & B2 & "'!B12"):INDIRECT("'Grupo " & B2 & "'!J15"),2,FALSE)} -> 4276 | D4: {=VLOOKUP(IF(INDIRECT("'Grupo " & B2 & "'!J22")=INDIRECT("'Grupo " & B2 & "'!C22"),INDIRECT("'Grupo " & B2 & "'!C23"),INDIRECT("'Grupo " & B2 & "'!C22")),INDIRECT("'Grupo " & B2 & "'!B12"):INDIRECT("'Grupo " & B2 & "'!G15"),2,FALSE)} -> 4601 | F4: {=VLOOKUP(IF(INDIRECT("'Grupo " & B2 & "'!J22")=INDIRECT("'Grupo " & B2 & "'!C22"),INDIRECT("'Grupo " & B2 & "'!C23"),INDIRECT("'Grupo " & B2 & "'!C22")),INDIRECT("'Grupo " & B2 & "'!B12"):INDIRECT("'Grupo " & B2 & "'!G15"),2,FALSE)} -> 4601 | G4: {=VLOOKUP(INDIRECT("'Grupo " & B2 & "'!J22"),INDIRECT("'Grupo " & B2 & "'!B12"):INDIRECT("'Grupo " & B2 & "'!J15"),2,FALSE)} -> 4276 | L4: {=VLOOKUP(INDIRECT("'Grupo " & K1 & "'!J24"),INDIRECT("'Grupo " & K1 & "'!B12"):INDIRECT("'Grupo " & K1 & "'!J15"),2,FALSE)} -> #REF! | M4: {=VLOOKUP(IF(INDIRECT("'Grupo " & K1 & "'!J24")=INDIRECT("'Grupo " & K1 & "'!C24"),INDIRECT("'Grupo " & K1 & "'!C25"),INDIRECT("'Grupo " & K1 & "'!C24")),INDIRECT("'Grupo " & K1 & "'!B12"):INDIRECT("'Grupo " & K1 & "'!G15"),2,FALSE)} -> #REF! | O4: {=VLOOKUP(IF(INDIRECT("'Grupo " & K1 & "'!J24")=INDIRECT("'Grupo " & K1 & "'!C24"),INDIRECT("'Grupo " & K1 & "'!C25"),INDIRECT("'Grupo " & K1 & "'!C24")),INDIRECT("'Grupo " & K1 & "'!B12"):INDIRECT("'Grupo " & K1 & "'!G15"),2,FALSE)} -> #REF! | P4: {=VLOOKUP(INDIRECT("'Grupo " & K1 & "'!J24"),INDIRECT("'Grupo " & K1 & "'!B12"):INDIRECT("'Grupo " & K1 & "'!J15"),2,FALSE)} -> #REF!
B5: =B2+1 -> 2 | C5: {=VLOOKUP(INDIRECT("'Grupo " & B5 & "'!J18"),INDIRECT("'Grupo " & B5 & "'!B12"):INDIRECT("'Grupo " & B5 & "'!J15"),2,FALSE)} -> 4101 | D5: {=VLOOKUP(IF(INDIRECT("'Grupo " & B5 & "'!J18")=INDIRECT("'Grupo " & B5 & "'!C18"),INDIRECT("'Grupo " & B5 & "'!C19"),INDIRECT("'Grupo " & B5 & "'!C18")),INDIRECT("'Grupo " & B5 & "'!B12"):INDIRECT("'Grupo " & B5 & "'!G15"),2,FALSE)} -> 4164 | F5: {=VLOOKUP(IF(INDIRECT("'Grupo " & B5 & "'!J18")=INDIRECT("'Grupo " & B5 & "'!C18"),INDIRECT("'Grupo " & B5 & "'!C19"),INDIRECT("'Grupo " & B5 & "'!C18")),INDIRECT("'Grupo " & B5 & "'!B12"):INDIRECT("'Grupo " & B5 & "'!G15"),2,FALSE)} -> 4164 | G5: {=VLOOKUP(INDIRECT("'Grupo " & B5 & "'!J18"),INDIRECT("'Grupo " & B5 & "'!B12"):INDIRECT("'Grupo " & B5 & "'!J15"),2,FALSE)} -> 4101 | L5: {=VLOOKUP(INDIRECT("'Grupo " & K1 & "'!J26"),INDIRECT("'Grupo " & K1 & "'!B12"):INDIRECT("'Grupo " & K1 & "'!J15"),2,FALSE)} -> #REF! | M5: {=VLOOKUP(IF(INDIRECT("'Grupo " & K1 & "'!J26")=INDIRECT("'Grupo " & K1 & "'!C26"),INDIRECT("'Grupo " & K1 & "'!C27"),INDIRECT("'Grupo " & K1 & "'!C26")),INDIRECT("'Grupo " & K1 & "'!B12"):INDIRECT("'Grupo " & K1 & "'!G15"),2,FALSE)} -> #REF! | O5: {=VLOOKUP(IF(INDIRECT("'Grupo " & K1 & "'!J26")=INDIRECT("'Grupo " & K1 & "'!C26"),INDIRECT("'Grupo " & K1 & "'!C27"),INDIRECT("'Grupo " & K1 & "'!C26")),INDIRECT("'Grupo " & K1 & "'!B12"):INDIRECT("'Grupo " & K1 & "'!G15"),2,FALSE)} -> #REF! | P5: {=VLOOKUP(INDIRECT("'Grupo " & K1 & "'!J26"),INDIRECT("'Grupo " & K1 & "'!B12"):INDIRECT("'Grupo " & K1 & "'!J15"),2,FALSE)} -> #REF!
C6: {=VLOOKUP(INDIRECT("'Grupo " & B5 & "'!J20"),INDIRECT("'Grupo " & B5 & "'!B12"):INDIRECT("'Grupo " & B5 & "'!J15"),2,FALSE)} -> 4101 | D6: {=VLOOKUP(IF(INDIRECT("'Grupo " & B5 & "'!J20")=INDIRECT("'Grupo " & B5 & "'!C20"),INDIRECT("'Grupo " & B5 & "'!C21"),INDIRECT("'Grupo " & B5 & "'!C20")),INDIRECT("'Grupo " & B5 & "'!B12"):INDIRECT("'Grupo " & B5 & "'!G15"),2,FALSE)} -> 4348 | F6: {=VLOOKUP(IF(INDIRECT("'Grupo " & B5 & "'!J20")=INDIRECT("'Grupo " & B5 & "'!C20"),INDIRECT("'Grupo " & B5 & "'!C21"),INDIRECT("'Grupo " & B5 & "'!C20")),INDIRECT("'Grupo " & B5 & "'!B12"):INDIRECT("'Grupo " & B5 & "'!G15"),2,FALSE)} -> 4348 | G6: {=VLOOKUP(INDIRECT("'Grupo " & B5 & "'!J20"),INDIRECT("'Grupo " & B5 & "'!B12"):INDIRECT("'Grupo " & B5 & "'!J15"),2,FALSE)} -> 4101 | L6: {=VLOOKUP(INDIRECT("'Grupo " & K1 & "'!J28"),INDIRECT("'Grupo " & K1 & "'!B12"):INDIRECT("'Grupo " & K1 & "'!J15"),2,FALSE)} -> #REF! | M6: {=VLOOKUP(IF(INDIRECT("'Grupo " & K1 & "'!J28")=INDIRECT("'Grupo " & K1 & "'!C28"),INDIRECT("'Grupo " & K1 & "'!C29"),INDIRECT("'Grupo " & K1 & "'!C28")),INDIRECT("'Grupo " & K1 & "'!B12"):INDIRECT("'Grupo " & K1 & "'!G15"),2,FALSE)} -> #REF! | O6: {=VLOOKUP(IF(INDIRECT("'Grupo " & K1 & "'!J28")=INDIRECT("'Grupo " & K1 & "'!C28"),INDIRECT("'Grupo " & K1 & "'!C29"),INDIRECT("'Grupo " & K1 & "'!C28")),INDIRECT("'Grupo " & K1 & "'!B12"):INDIRECT("'Grupo " & K1 & "'!G15"),2,FALSE)} -> #REF! | P6: {=VLOOKUP(INDIRECT("'Grupo " & K1 & "'!J28"),INDIRECT("'Grupo " & K1 & "'!B12"):INDIRECT("'Grupo " & K1 & "'!J15"),2,FALSE)} -> #REF!
C7: {=VLOOKUP(INDIRECT("'Grupo " & B5 & "'!J22"),INDIRECT("'Grupo " & B5 & "'!B12"):INDIRECT("'Grupo " & B5 & "'!J15"),2,FALSE)} -> 4348 | D7: {=VLOOKUP(IF(INDIRECT("'Grupo " & B5 & "'!J22")=INDIRECT("'Grupo " & B5 & "'!C22"),INDIRECT("'Grupo " & B5 & "'!C23"),INDIRECT("'Grupo " & B5 & "'!C22")),INDIRECT("'Grupo " & B5 & "'!B12"):INDIRECT("'Grupo " & B5 & "'!G15"),2,FALSE)} -> 4164 | F7: {=VLOOKUP(IF(INDIRECT("'Grupo " & B5 & "'!J22")=INDIRECT("'Grupo " & B5 & "'!C22"),INDIRECT("'Grupo " & B5 & "'!C23"),INDIRECT("'Grupo " & B5 & "'!C22")),INDIRECT("'Grupo " & B5 & "'!B12"):INDIRECT("'Grupo " & B5 & "'!G15"),2,FALSE)} -> 4164 | G7: {=VLOOKUP(INDIRECT("'Grupo " & B5 & "'!J22"),INDIRECT("'Grupo " & B5 & "'!B12"):INDIRECT("'Grupo " & B5 & "'!J15"),2,FALSE)} -> 4348
B8: =B5+1 -> 3 | C8: {=VLOOKUP(INDIRECT("'Grupo " & B8 & "'!J18"),INDIRECT("'Grupo " & B8 & "'!B12"):INDIRECT("'Grupo " & B8 & "'!J15"),2,FALSE)} -> 3918 | D8: {=VLOOKUP(IF(INDIRECT("'Grupo " & B8 & "'!J18")=INDIRECT("'Grupo " & B8 & "'!C18"),INDIRECT("'Grupo " & B8 & "'!C19"),INDIRECT("'Grupo " & B8 & "'!C18")),INDIRECT("'Grupo " & B8 & "'!B12"):INDIRECT("'Grupo " & B8 & "'!G15"),2,FALSE)} -> 4535 | F8: {=VLOOKUP(IF(INDIRECT("'Grupo " & B8 & "'!J18")=INDIRECT("'Grupo " & B8 & "'!C18"),INDIRECT("'Grupo " & B8 & "'!C19"),INDIRECT("'Grupo " & B8 & "'!C18")),INDIRECT("'Grupo " & B8 & "'!B12"):INDIRECT("'Grupo " & B8 & "'!G15"),2,FALSE)} -> 4535 | G8: {=VLOOKUP(INDIRECT("'Grupo " & B8 & "'!J18"),INDIRECT("'Grupo " & B8 & "'!B12"):INDIRECT("'Grupo " & B8 & "'!J15"),2,FALSE)} -> 3918
C9: {=VLOOKUP(INDIRECT("'Grupo " & B8 & "'!J20"),INDIRECT("'Grupo " & B8 & "'!B12"):INDIRECT("'Grupo " & B8 & "'!J15"),2,FALSE)} -> 3918 | D9: {=VLOOKUP(IF(INDIRECT("'Grupo " & B8 & "'!J20")=INDIRECT("'Grupo " & B8 & "'!C20"),INDIRECT("'Grupo " & B8 & "'!C21"),INDIRECT("'Grupo " & B8 & "'!C20")),INDIRECT("'Grupo " & B8 & "'!B12"):INDIRECT("'Grupo " & B8 & "'!G15"),2,FALSE)} -> 3907 | F9: {=VLOOKUP(IF(INDIRECT("'Grupo " & B8 & "'!J20")=INDIRECT("'Grupo " & B8 & "'!C20"),INDIRECT("'Grupo " & B8 & "'!C21"),INDIRECT("'Grupo " & B8 & "'!C20")),INDIRECT("'Grupo " & B8 & "'!B12"):INDIRECT("'Grupo " & B8 & "'!G15"),2,FALSE)} -> 3907 | G9: {=VLOOKUP(INDIRECT("'Grupo " & B8 & "'!J20"),INDIRECT("'Grupo " & B8 & "'!B12"):INDIRECT("'Grupo " & B8 & "'!J15"),2,FALSE)} -> 3918
C10: {=VLOOKUP(INDIRECT("'Grupo " & B8 & "'!J22"),INDIRECT("'Grupo " & B8 & "'!B12"):INDIRECT("'Grupo " & B8 & "'!J15"),2,FALSE)} -> 3907 | D10: {=VLOOKUP(IF(INDIRECT("'Grupo " & B8 & "'!J22")=INDIRECT("'Grupo " & B8 & "'!C22"),INDIRECT("'Grupo " & B8 & "'!C23"),INDIRECT("'Grupo " & B8 & "'!C22")),INDIRECT("'Grupo " & B8 & "'!B12"):INDIRECT("'Grupo " & B8 & "'!G15"),2,FALSE)} -> 4535 | F10: {=VLOOKUP(IF(INDIRECT("'Grupo " & B8 & "'!J22")=INDIRECT("'Grupo " & B8 & "'!C22"),INDIRECT("'Grupo " & B8 & "'!C23"),INDIRECT("'Grupo " & B8 & "'!C22")),INDIRECT("'Grupo " & B8 & "'!B12"):INDIRECT("'Grupo " & B8 & "'!G15"),2,FALSE)} -> 4535 | G10: {=VLOOKUP(INDIRECT("'Grupo " & B8 & "'!J22"),INDIRECT("'Grupo " & B8 & "'!B12"):INDIRECT("'Grupo " & B8 & "'!J15"),2,FALSE)} -> 3907
B11: =B8+1 -> 4 | C11: {=VLOOKUP(INDIRECT("'Grupo " & B11 & "'!J18"),INDIRECT("'Grupo " & B11 & "'!B12"):INDIRECT("'Grupo " & B11 & "'!J15"),2,FALSE)} -> 4176 | D11: {=VLOOKUP(IF(INDIRECT("'Grupo " & B11 & "'!J18")=INDIRECT("'Grupo " & B11 & "'!C18"),INDIRECT("'Grupo " & B11 & "'!C19"),INDIRECT("'Grupo " & B11 & "'!C18")),INDIRECT("'Grupo " & B11 & "'!B12"):INDIRECT("'Grupo " & B11 & "'!G15"),2,FALSE)} -> 4380 | F11: {=VLOOKUP(IF(INDIRECT("'Grupo " & B11 & "'!J18")=INDIRECT("'Grupo " & B11 & "'!C18"),INDIRECT("'Grupo " & B11 & "'!C19"),INDIRECT("'Grupo " & B11 & "'!C18")),INDIRECT("'Grupo " & B11 & "'!B12"):INDIRECT("'Grupo " & B11 & "'!G15"),2,FALSE)} -> 4380 | G11: {=VLOOKUP(INDIRECT("'Grupo " & B11 & "'!J18"),INDIRECT("'Grupo " & B11 & "'!B12"):INDIRECT("'Grupo " & B11 & "'!J15"),2,FALSE)} -> 4176
C12: {=VLOOKUP(INDIRECT("'Grupo " & B11 & "'!J20"),INDIRECT("'Grupo " & B11 & "'!B12"):INDIRECT("'Grupo " & B11 & "'!J15"),2,FALSE)} -> 4176 | D12: {=VLOOKUP(IF(INDIRECT("'Grupo " & B11 & "'!J20")=INDIRECT("'Grupo " & B11 & "'!C20"),INDIRECT("'Grupo " & B11 & "'!C21"),INDIRECT("'Grupo " & B11 & "'!C20")),INDIRECT("'Grupo " & B11 & "'!B12"):INDIRECT("'Grupo " & B11 & "'!G15"),2,FALSE)} -> 4212 | F12: {=VLOOKUP(IF(INDIRECT("'Grupo " & B11 & "'!J20")=INDIRECT("'Grupo " & B11 & "'!C20"),INDIRECT("'Grupo " & B11 & "'!C21"),INDIRECT("'Grupo " & B11 & "'!C20")),INDIRECT("'Grupo " & B11 & "'!B12"):INDIRECT("'Grupo " & B11 & "'!G15"),2,FALSE)} -> 4212 | G12: {=VLOOKUP(INDIRECT("'Grupo " & B11 & "'!J20"),INDIRECT("'Grupo " & B11 & "'!B12"):INDIRECT("'Grupo " & B11 & "'!J15"),2,FALSE)} -> 4176
C13: {=VLOOKUP(INDIRECT("'Grupo " & B11 & "'!J22"),INDIRECT("'Grupo " & B11 & "'!B12"):INDIRECT("'Grupo " & B11 & "'!J15"),2,FALSE)} -> 4212 | D13: {=VLOOKUP(IF(INDIRECT("'Grupo " & B11 & "'!J22")=INDIRECT("'Grupo " & B11 & "'!C22"),INDIRECT("'Grupo " & B11 & "'!C23"),INDIRECT("'Grupo " & B11 & "'!C22")),INDIRECT("'Grupo " & B11 & "'!B12"):INDIRECT("'Grupo " & B11 & "'!G15"),2,FALSE)} -> 4380 | F13: {=VLOOKUP(IF(INDIRECT("'Grupo " & B11 & "'!J22")=INDIRECT("'Grupo " & B11 & "'!C22"),INDIRECT("'Grupo " & B11 & "'!C23"),INDIRECT("'Grupo " & B11 & "'!C22")),INDIRECT("'Grupo " & B11 & "'!B12"):INDIRECT("'Grupo " & B11 & "'!G15"),2,FALSE)} -> 4380 | G13: {=VLOOKUP(INDIRECT("'Grupo " & B11 & "'!J22"),INDIRECT("'Grupo " & B11 & "'!B12"):INDIRECT("'Grupo " & B11 & "'!J15"),2,FALSE)} -> 4212
B14: =B11+1 -> 5 | C14: {=VLOOKUP(INDIRECT("'Grupo " & B14 & "'!J18"),INDIRECT("'Grupo " & B14 & "'!B12"):INDIRECT("'Grupo " & B14 & "'!J15"),2,FALSE)} -> 4673 | D14: {=VLOOKUP(IF(INDIRECT("'Grupo " & B14 & "'!J18")=INDIRECT("'Grupo " & B14 & "'!C18"),INDIRECT("'Grupo " & B14 & "'!C19"),INDIRECT("'Grupo " & B14 & "'!C18")),INDIRECT("'Grupo " & B14 & "'!B12"):INDIRECT("'Grupo " & B14 & "'!G15"),2,FALSE)} -> 4274 | F14: {=VLOOKUP(IF(INDIRECT("'Grupo " & B14 & "'!J18")=INDIRECT("'Grupo " & B14 & "'!C18"),INDIRECT("'Grupo " & B14 & "'!C19"),INDIRECT("'Grupo " & B14 & "'!C18")),INDIRECT("'Grupo " & B14 & "'!B12"):INDIRECT("'Grupo " & B14 & "'!G15"),2,FALSE)} -> 4274 | G14: {=VLOOKUP(INDIRECT("'Grupo " & B14 & "'!J18"),INDIRECT("'Grupo " & B14 & "'!B12"):INDIRECT("'Grupo " & B14 & "'!J15"),2,FALSE)} -> 4673
C15: {=VLOOKUP(INDIRECT("'Grupo " & B14 & "'!J20"),INDIRECT("'Grupo " & B14 & "'!B12"):INDIRECT("'Grupo " & B14 & "'!J15"),2,FALSE)} -> 4274 | D15: {=VLOOKUP(IF(INDIRECT("'Grupo " & B14 & "'!J20")=INDIRECT("'Grupo " & B14 & "'!C20"),INDIRECT("'Grupo " & B14 & "'!C21"),INDIRECT("'Grupo " & B14 & "'!C20")),INDIRECT("'Grupo " & B14 & "'!B12"):INDIRECT("'Grupo " & B14 & "'!G15"),2,FALSE)} -> 4579 | F15: {=VLOOKUP(IF(INDIRECT("'Grupo " & B14 & "'!J20")=INDIRECT("'Grupo " & B14 & "'!C20"),INDIRECT("'Grupo " & B14 & "'!C21"),INDIRECT("'Grupo " & B14 & "'!C20")),INDIRECT("'Grupo " & B14 & "'!B12"):INDIRECT("'Grupo " & B14 & "'!G15"),2,FALSE)} -> 4579 | G15: {=VLOOKUP(INDIRECT("'Grupo " & B14 & "'!J20"),INDIRECT("'Grupo " & B14 & "'!B12"):INDIRECT("'Grupo " & B14 & "'!J15"),2,FALSE)} -> 4274
C16: {=VLOOKUP(INDIRECT("'Grupo " & B14 & "'!J22"),INDIRECT("'Grupo " & B14 & "'!B12"):INDIRECT("'Grupo " & B14 & "'!J15"),2,FALSE)} -> 4579 | D16: {=VLOOKUP(IF(INDIRECT("'Grupo " & B14 & "'!J22")=INDIRECT("'Grupo " & B14 & "'!C22"),INDIRECT("'Grupo " & B14 & "'!C23"),INDIRECT("'Grupo " & B14 & "'!C22")),INDIRECT("'Grupo " & B14 & "'!B12"):INDIRECT("'Grupo " & B14 & "'!G15"),2,FALSE)} -> 4673 | F16: {=VLOOKUP(IF(INDIRECT("'Grupo " & B14 & "'!J22")=INDIRECT("'Grupo " & B14 & "'!C22"),INDIRECT("'Grupo " & B14 & "'!C23"),INDIRECT("'Grupo " & B14 & "'!C22")),INDIRECT("'Grupo " & B14 & "'!B12"):INDIRECT("'Grupo " & B14 & "'!G15"),2,FALSE)} -> 4673 | G16: {=VLOOKUP(INDIRECT("'Grupo " & B14 & "'!J22"),INDIRECT("'Grupo " & B14 & "'!B12"):INDIRECT("'Grupo " & B14 & "'!J15"),2,FALSE)} -> 4579
B17: =B14+1 -> 6 | C17: {=VLOOKUP(INDIRECT("'Grupo " & B17 & "'!J18"),INDIRECT("'Grupo " & B17 & "'!B12"):INDIRECT("'Grupo " & B17 & "'!J15"),2,FALSE)} -> 4273 | D17: {=VLOOKUP(IF(INDIRECT("'Grupo " & B17 & "'!J18")=INDIRECT("'Grupo " & B17 & "'!C18"),INDIRECT("'Grupo " & B17 & "'!C19"),INDIRECT("'Grupo " & B17 & "'!C18")),INDIRECT("'Grupo " & B17 & "'!B12"):INDIRECT("'Grupo " & B17 & "'!G15"),2,FALSE)} -> 3912 | F17: {=VLOOKUP(IF(INDIRECT("'Grupo " & B17 & "'!J18")=INDIRECT("'Grupo " & B17 & "'!C18"),INDIRECT("'Grupo " & B17 & "'!C19"),INDIRECT("'Grupo " & B17 & "'!C18")),INDIRECT("'Grupo " & B17 & "'!B12"):INDIRECT("'Grupo " & B17 & "'!G15"),2,FALSE)} -> 3912 | G17: {=VLOOKUP(INDIRECT("'Grupo " & B17 & "'!J18"),INDIRECT("'Grupo " & B17 & "'!B12"):INDIRECT("'Grupo " & B17 & "'!J15"),2,FALSE)} -> 4273
C18: {=VLOOKUP(INDIRECT("'Grupo " & B17 & "'!J20"),INDIRECT("'Grupo " & B17 & "'!B12"):INDIRECT("'Grupo " & B17 & "'!J15"),2,FALSE)} -> 4273 | D18: {=VLOOKUP(IF(INDIRECT("'Grupo " & B17 & "'!J20")=INDIRECT("'Grupo " & B17 & "'!C20"),INDIRECT("'Grupo " & B17 & "'!C21"),INDIRECT("'Grupo " & B17 & "'!C20")),INDIRECT("'Grupo " & B17 & "'!B12"):INDIRECT("'Grupo " & B17 & "'!G15"),2,FALSE)} -> 4047 | F18: {=VLOOKUP(IF(INDIRECT("'Grupo " & B17 & "'!J20")=INDIRECT("'Grupo " & B17 & "'!C20"),INDIRECT("'Grupo " & B17 & "'!C21"),INDIRECT("'Grupo " & B17 & "'!C20")),INDIRECT("'Grupo " & B17 & "'!B12"):INDIRECT("'Grupo " & B17 & "'!G15"),2,FALSE)} -> 4047 | G18: {=VLOOKUP(INDIRECT("'Grupo " & B17 & "'!J20"),INDIRECT("'Grupo " & B17 & "'!B12"):INDIRECT("'Grupo " & B17 & "'!J15"),2,FALSE)} -> 4273
C19: {=VLOOKUP(INDIRECT("'Grupo " & B17 & "'!J22"),INDIRECT("'Grupo " & B17 & "'!B12"):INDIRECT("'Grupo " & B17 & "'!J15"),2,FALSE)} -> 3912 | D19: {=VLOOKUP(IF(INDIRECT("'Grupo " & B17 & "'!J22")=INDIRECT("'Grupo " & B17 & "'!C22"),INDIRECT("'Grupo " & B17 & "'!C23"),INDIRECT("'Grupo " & B17 & "'!C22")),INDIRECT("'Grupo " & B17 & "'!B12"):INDIRECT("'Grupo " & B17 & "'!G15"),2,FALSE)} -> 4047 | F19: {=VLOOKUP(IF(INDIRECT("'Grupo " & B17 & "'!J22")=INDIRECT("'Grupo " & B17 & "'!C22"),INDIRECT("'Grupo " & B17 & "'!C23"),INDIRECT("'Grupo " & B17 & "'!C22")),INDIRECT("'Grupo " & B17 & "'!B12"):INDIRECT("'Grupo " & B17 & "'!G15"),2,FALSE)} -> 4047 | G19: {=VLOOKUP(INDIRECT("'Grupo " & B17 & "'!J22"),INDIRECT("'Grupo " & B17 & "'!B12"):INDIRECT("'Grupo " & B17 & "'!J15"),2,FALSE)} -> 3912
B20: =B17+1 -> 7 | C20: {=VLOOKUP(INDIRECT("'Grupo " & B20 & "'!J18"),INDIRECT("'Grupo " & B20 & "'!B12"):INDIRECT("'Grupo " & B20 & "'!J15"),2,FALSE)} -> 4100 | D20: {=VLOOKUP(IF(INDIRECT("'Grupo " & B20 & "'!J18")=INDIRECT("'Grupo " & B20 & "'!C18"),INDIRECT("'Grupo " & B20 & "'!C19"),INDIRECT("'Grupo " & B20 & "'!C18")),INDIRECT("'Grupo " & B20 & "'!B12"):INDIRECT("'Grupo " & B20 & "'!G15"),2,FALSE)} -> 4278 | F20: {=VLOOKUP(IF(INDIRECT("'Grupo " & B20 & "'!J18")=INDIRECT("'Grupo " & B20 & "'!C18"),INDIRECT("'Grupo " & B20 & "'!C19"),INDIRECT("'Grupo " & B20 & "'!C18")),INDIRECT("'Grupo " & B20 & "'!B12"):INDIRECT("'Grupo " & B20 & "'!G15"),2,FALSE)} -> 4278 | G20: {=VLOOKUP(INDIRECT("'Grupo " & B20 & "'!J18"),INDIRECT("'Grupo " & B20 & "'!B12"):INDIRECT("'Grupo " & B20 & "'!J15"),2,FALSE)} -> 4100
C21: {=VLOOKUP(INDIRECT("'Grupo " & B20 & "'!J20"),INDIRECT("'Grupo " & B20 & "'!B12"):INDIRECT("'Grupo " & B20 & "'!J15"),2,FALSE)} -> 4100 | D21: {=VLOOKUP(IF(INDIRECT("'Grupo " & B20 & "'!J20")=INDIRECT("'Grupo " & B20 & "'!C20"),INDIRECT("'Grupo " & B20 & "'!C21"),INDIRECT("'Grupo " & B20 & "'!C20")),INDIRECT("'Grupo " & B20 & "'!B12"):INDIRECT("'Grupo " & B20 & "'!G15"),2,FALSE)} -> 4104 | F21: {=VLOOKUP(IF(INDIRECT("'Grupo " & B20 & "'!J20")=INDIRECT("'Grupo " & B20 & "'!C20"),INDIRECT("'Grupo " & B20 & "'!C21"),INDIRECT("'Grupo " & B20 & "'!C20")),INDIRECT("'Grupo " & B20 & "'!B12"):INDIRECT("'Grupo " & B20 & "'!G15"),2,FALSE)} -> 4104 | G21: {=VLOOKUP(INDIRECT("'Grupo " & B20 & "'!J20"),INDIRECT("'Grupo " & B20 & "'!B12"):INDIRECT("'Grupo " & B20 & "'!J15"),2,FALSE)} -> 4100
C22: {=VLOOKUP(INDIRECT("'Grupo " & B20 & "'!J22"),INDIRECT("'Grupo " & B20 & "'!B12"):INDIRECT("'Grupo " & B20 & "'!J15"),2,FALSE)} -> 4104 | D22: {=VLOOKUP(IF(INDIRECT("'Grupo " & B20 & "'!J22")=INDIRECT("'Grupo " & B20 & "'!C22"),INDIRECT("'Grupo " & B20 & "'!C23"),INDIRECT("'Grupo " & B20 & "'!C22")),INDIRECT("'Grupo " & B20 & "'!B12"):INDIRECT("'Grupo " & B20 & "'!G15"),2,FALSE)} -> 4278 | F22: {=VLOOKUP(IF(INDIRECT("'Grupo " & B20 & "'!J22")=INDIRECT("'Grupo " & B20 & "'!C22"),INDIRECT("'Grupo " & B20 & "'!C23"),INDIRECT("'Grupo " & B20 & "'!C22")),INDIRECT("'Grupo " & B20 & "'!B12"):INDIRECT("'Grupo " & B20 & "'!G15"),2,FALSE)} -> 4278 | G22: {=VLOOKUP(INDIRECT("'Grupo " & B20 & "'!J22"),INDIRECT("'Grupo " & B20 & "'!B12"):INDIRECT("'Grupo " & B20 & "'!J15"),2,FALSE)} -> 4104
B23: =B20+1 -> 8 | C23: {=VLOOKUP(INDIRECT("'Grupo " & B23 & "'!J18"),INDIRECT("'Grupo " & B23 & "'!B12"):INDIRECT("'Grupo " & B23 & "'!J15"),2,FALSE)} -> 4183 | D23: {=VLOOKUP(IF(INDIRECT("'Grupo " & B23 & "'!J18")=INDIRECT("'Grupo " & B23 & "'!C18"),INDIRECT("'Grupo " & B23 & "'!C19"),INDIRECT("'Grupo " & B23 & "'!C18")),INDIRECT("'Grupo " & B23 & "'!B12"):INDIRECT("'Grupo " & B23 & "'!G15"),2,FALSE)} -> 4787 | F23: {=VLOOKUP(IF(INDIRECT("'Grupo " & B23 & "'!J18")=INDIRECT("'Grupo " & B23 & "'!C18"),INDIRECT("'Grupo " & B23 & "'!C19"),INDIRECT("'Grupo " & B23 & "'!C18")),INDIRECT("'Grupo " & B23 & "'!B12"):INDIRECT("'Grupo " & B23 & "'!G15"),2,FALSE)} -> 4787 | G23: {=VLOOKUP(INDIRECT("'Grupo " & B23 & "'!J18"),INDIRECT("'Grupo " & B23 & "'!B12"):INDIRECT("'Grupo " & B23 & "'!J15"),2,FALSE)} -> 4183
C24: {=VLOOKUP(INDIRECT("'Grupo " & B23 & "'!J20"),INDIRECT("'Grupo " & B23 & "'!B12"):INDIRECT("'Grupo " & B23 & "'!J15"),2,FALSE)} -> 4183 | D24: {=VLOOKUP(IF(INDIRECT("'Grupo " & B23 & "'!J20")=INDIRECT("'Grupo " & B23 & "'!C20"),INDIRECT("'Grupo " & B23 & "'!C21"),INDIRECT("'Grupo " & B23 & "'!C20")),INDIRECT("'Grupo " & B23 & "'!B12"):INDIRECT("'Grupo " & B23 & "'!G15"),2,FALSE)} -> 4275 | F24: {=VLOOKUP(IF(INDIRECT("'Grupo " & B23 & "'!J20")=INDIRECT("'Grupo " & B23 & "'!C20"),INDIRECT("'Grupo " & B23 & "'!C21"),INDIRECT("'Grupo " & B23 & "'!C20")),INDIRECT("'Grupo " & B23 & "'!B12"):INDIRECT("'Grupo " & B23 & "'!G15"),2,FALSE)} -> 4275 | G24: {=VLOOKUP(INDIRECT("'Grupo " & B23 & "'!J20"),INDIRECT("'Grupo " & B23 & "'!B12"):INDIRECT("'Grupo " & B23 & "'!J15"),2,FALSE)} -> 4183
C25: {=VLOOKUP(INDIRECT("'Grupo " & B23 & "'!J22"),INDIRECT("'Grupo " & B23 & "'!B12"):INDIRECT("'Grupo " & B23 & "'!J15"),2,FALSE)} -> 4275 | D25: {=VLOOKUP(IF(INDIRECT("'Grupo " & B23 & "'!J22")=INDIRECT("'Grupo " & B23 & "'!C22"),INDIRECT("'Grupo " & B23 & "'!C23"),INDIRECT("'Grupo " & B23 & "'!C22")),INDIRECT("'Grupo " & B23 & "'!B12"):INDIRECT("'Grupo " & B23 & "'!G15"),2,FALSE)} -> 4787 | F25: {=VLOOKUP(IF(INDIRECT("'Grupo " & B23 & "'!J22")=INDIRECT("'Grupo " & B23 & "'!C22"),INDIRECT("'Grupo " & B23 & "'!C23"),INDIRECT("'Grupo " & B23 & "'!C22")),INDIRECT("'Grupo " & B23 & "'!B12"):INDIRECT("'Grupo " & B23 & "'!G15"),2,FALSE)} -> 4787 | G25: {=VLOOKUP(INDIRECT("'Grupo " & B23 & "'!J22"),INDIRECT("'Grupo " & B23 & "'!B12"):INDIRECT("'Grupo " & B23 & "'!J15"),2,FALSE)} -> 4275
B26: 9 | C26: {=VLOOKUP(INDIRECT("'Grupo " & B26 & "'!J18"),INDIRECT("'Grupo " & B26 & "'!B12"):INDIRECT("'Grupo " & B26 & "'!J15"),2,FALSE)} -> 4191 | D26: {=VLOOKUP(IF(INDIRECT("'Grupo " & B26 & "'!J18")=INDIRECT("'Grupo " & B26 & "'!C18"),INDIRECT("'Grupo " & B26 & "'!C19"),INDIRECT("'Grupo " & B26 & "'!C18")),INDIRECT("'Grupo " & B26 & "'!B12"):INDIRECT("'Grupo " & B26 & "'!G15"),2,FALSE)} -> 4470 | F26: {=VLOOKUP(IF(INDIRECT("'Grupo " & B26 & "'!J18")=INDIRECT("'Grupo " & B26 & "'!C18"),INDIRECT("'Grupo " & B26 & "'!C19"),INDIRECT("'Grupo " & B26 & "'!C18")),INDIRECT("'Grupo " & B26 & "'!B12"):INDIRECT("'Grupo " & B26 & "'!G15"),2,FALSE)} -> 4470 | G26: {=VLOOKUP(INDIRECT("'Grupo " & B26 & "'!J18"),INDIRECT("'Grupo " & B26 & "'!B12"):INDIRECT("'Grupo " & B26 & "'!J15"),2,FALSE)} -> 4191
C27: {=VLOOKUP(INDIRECT("'Grupo " & B26 & "'!J20"),INDIRECT("'Grupo " & B26 & "'!B12"):INDIRECT("'Grupo " & B26 & "'!J15"),2,FALSE)} -> 3828 | D27: {=VLOOKUP(IF(INDIRECT("'Grupo " & B26 & "'!J20")=INDIRECT("'Grupo " & B26 & "'!C20"),INDIRECT("'Grupo " & B26 & "'!C21"),INDIRECT("'Grupo " & B26 & "'!C20")),INDIRECT("'Grupo " & B26 & "'!B12"):INDIRECT("'Grupo " & B26 & "'!G15"),2,FALSE)} -> 4433 | F27: {=VLOOKUP(IF(INDIRECT("'Grupo " & B26 & "'!J20")=INDIRECT("'Grupo " & B26 & "'!C20"),INDIRECT("'Grupo " & B26 & "'!C21"),INDIRECT("'Grupo " & B26 & "'!C20")),INDIRECT("'Grupo " & B26 & "'!B12"):INDIRECT("'Grupo " & B26 & "'!G15"),2,FALSE)} -> 4433 | G27: {=VLOOKUP(INDIRECT("'Grupo " & B26 & "'!J20"),INDIRECT("'Grupo " & B26 & "'!B12"):INDIRECT("'Grupo " & B26 & "'!J15"),2,FALSE)} -> 3828
C28: {=VLOOKUP(INDIRECT("'Grupo " & B26 & "'!J22"),INDIRECT("'Grupo " & B26 & "'!B12"):INDIRECT("'Grupo " & B26 & "'!J15"),2,FALSE)} -> 3828 | D28: {=VLOOKUP(IF(INDIRECT("'Grupo " & B26 & "'!J22")=INDIRECT("'Grupo " & B26 & "'!C22"),INDIRECT("'Grupo " & B26 & "'!C23"),INDIRECT("'Grupo " & B26 & "'!C22")),INDIRECT("'Grupo " & B26 & "'!B12"):INDIRECT("'Grupo " & B26 & "'!G15"),2,FALSE)} -> 4191 | F28: {=VLOOKUP(IF(INDIRECT("'Grupo " & B26 & "'!J22")=INDIRECT("'Grupo " & B26 & "'!C22"),INDIRECT("'Grupo " & B26 & "'!C23"),INDIRECT("'Grupo " & B26 & "'!C22")),INDIRECT("'Grupo " & B26 & "'!B12"):INDIRECT("'Grupo " & B26 & "'!G15"),2,FALSE)} -> 4191 | G28: {=VLOOKUP(INDIRECT("'Grupo " & B26 & "'!J22"),INDIRECT("'Grupo " & B26 & "'!B12"):INDIRECT("'Grupo " & B26 & "'!J15"),2,FALSE)} -> 3828
C29: {=VLOOKUP(INDIRECT("'Grupo " & B26 & "'!J24"),INDIRECT("'Grupo " & B26 & "'!B12"):INDIRECT("'Grupo " & B26 & "'!J15"),2,FALSE)} -> 4470 | D29: {=VLOOKUP(IF(INDIRECT("'Grupo " & B26 & "'!J24")=INDIRECT("'Grupo " & B26 & "'!C24"),INDIRECT("'Grupo " & B26 & "'!C25"),INDIRECT("'Grupo " & B26 & "'!C24")),INDIRECT("'Grupo " & B26 & "'!B12"):INDIRECT("'Grupo " & B26 & "'!G15"),2,FALSE)} -> 4433 | F29: {=VLOOKUP(IF(INDIRECT("'Grupo " & B26 & "'!J24")=INDIRECT("'Grupo " & B26 & "'!C24"),INDIRECT("'Grupo " & B26 & "'!C25"),INDIRECT("'Grupo " & B26 & "'!C24")),INDIRECT("'Grupo " & B26 & "'!B12"):INDIRECT("'Grupo " & B26 & "'!G15"),2,FALSE)} -> 4433 | G29: {=VLOOKUP(INDIRECT("'Grupo " & B26 & "'!J24"),INDIRECT("'Grupo " & B26 & "'!B12"):INDIRECT("'Grupo " & B26 & "'!J15"),2,FALSE)} -> 4470
C30: {=VLOOKUP(INDIRECT("'Grupo " & B26 & "'!J26"),INDIRECT("'Grupo " & B26 & "'!B12"):INDIRECT("'Grupo " & B26 & "'!J15"),2,FALSE)} -> 4191 | D30: {=VLOOKUP(IF(INDIRECT("'Grupo " & B26 & "'!J26")=INDIRECT("'Grupo " & B26 & "'!C26"),INDIRECT("'Grupo " & B26 & "'!C27"),INDIRECT("'Grupo " & B26 & "'!C26")),INDIRECT("'Grupo " & B26 & "'!B12"):INDIRECT("'Grupo " & B26 & "'!G15"),2,FALSE)} -> 4433 | F30: {=VLOOKUP(IF(INDIRECT("'Grupo " & B26 & "'!J26")=INDIRECT("'Grupo " & B26 & "'!C26"),INDIRECT("'Grupo " & B26 & "'!C27"),INDIRECT("'Grupo " & B26 & "'!C26")),INDIRECT("'Grupo " & B26 & "'!B12"):INDIRECT("'Grupo " & B26 & "'!G15"),2,FALSE)} -> 4433 | G30: {=VLOOKUP(INDIRECT("'Grupo " & B26 & "'!J26"),INDIRECT("'Grupo " & B26 & "'!B12"):INDIRECT("'Grupo " & B26 & "'!J15"),2,FALSE)} -> 4191
C31: {=VLOOKUP(INDIRECT("'Grupo " & B26 & "'!J28"),INDIRECT("'Grupo " & B26 & "'!B12"):INDIRECT("'Grupo " & B26 & "'!J15"),2,FALSE)} -> 3828 | D31: {=VLOOKUP(IF(INDIRECT("'Grupo " & B26 & "'!J28")=INDIRECT("'Grupo " & B26 & "'!C28"),INDIRECT("'Grupo " & B26 & "'!C29"),INDIRECT("'Grupo " & B26 & "'!C28")),INDIRECT("'Grupo " & B26 & "'!B12"):INDIRECT("'Grupo " & B26 & "'!G15"),2,FALSE)} -> 4470 | F31: {=VLOOKUP(IF(INDIRECT("'Grupo " & B26 & "'!J28")=INDIRECT("'Grupo " & B26 & "'!C28"),INDIRECT("'Grupo " & B26 & "'!C29"),INDIRECT("'Grupo " & B26 & "'!C28")),INDIRECT("'Grupo " & B26 & "'!B12"):INDIRECT("'Grupo " & B26 & "'!G15"),2,FALSE)} -> 4470 | G31: {=VLOOKUP(INDIRECT("'Grupo " & B26 & "'!J28"),INDIRECT("'Grupo " & B26 & "'!B12"):INDIRECT("'Grupo " & B26 & "'!J15"),2,FALSE)} -> 3828

Sheet Ranking Final
A1: Ranking | B1: CARNE | C1: NOMBRE | D1: CLUB | E1: PUNTOS
A2: 1 | B2: 4159 | C2: MARÍA FERNANDA ZELEDÓN HERRERA | D2: ESPARZA | E2: 764
A3: 2 | B3: 4101 | C3: ABIGAIL QUIROS BALTODANO | D3: ESPARZA | E3: 701
A4: 3 | B4: 3918 | C4: MARIANA SOTO CALDERON | D4: ESPARZA | E4: 689
A5: 4 | B5: 4274 | C5: MARÍA PAULA HERNÁNDEZ ZÚÑIGA | D5: ESCAZÚ | E5: 645
A6: 5 | B6: 4176 | C6: LÍA SOFÍA SOLÍS VÁSQUEZ | D6: ESPARZA | E6: 644
A7: 6 | B7: 4273 | C7: JAQUELINE HERNÁNDEZ ZUÑIGA | D7: ESCAZÚ | E7: 632
A8: 7 | B8: 4100 | C8: BRENDA HERRERA RIVAS | D8: ESPARZA | E8: 628
A9: 8 | B9: 4183 | C9: MONSERRAT RODRÍGUEZ SOLÍS | D9: SAN CARLOS | E9: 601
A10: 9 | B10: 4191 | C10: ISABELA CHACÓN ALVARADO | D10: CCDR SAN JOSÉ | E10: 581
A11: 10 | B11: 4275 | C11: CLARISSA MORA JIMÉNEZ | D11: ESPARZA | E11: 562
A12: 11 | B12: 4047 | C12: MARIANGEL JIMENEZ QUESADA | D12: ESPARZA | E12: 556
A13: 11 | B13: 3828 | C13: AMANDA CHEN CEN | D13: ESCAZÚ | E13: 556
... A110: 39 | B110: 4817 | C110: ASHLEY VALENTINA QUIRÓS CALDERÓN | D110: OREAMUNOT3 AMETROTEME | E110: 420

Sheet Inscripciones
B1: Ranking Nacional
B2: U13 FEMENINO
B4: CARNÉ | C4: NOMBRE | D4: CLUB | E4: RANKING | F4: PUNTOS | G4: Grupo
A5: =G5+0.1 -> 1.1 | B5: 4159 | C5: MARÍA FERNANDA ZELEDÓN HERRERA | D5: ESPARZA | E5: 1 | F5: 706 | G5: 1
A6: =G6+0.2 -> 1.2 | B6: 4601 | C6: ANNETTE CARRANZA SOLÍS | D6: ESCAZÚ | E6: 18 | F6: 504 | G6: 1
A7: =G7+0.3 -> 1.3 | B7: 4276 | C7: SILOÉ MUÑOZ CÓRDOBA | D7: ESPARZA | E7: 19 | F7: 502 | G7: 1
A8: =G8+0.1 -> 2.1 | B8: 4101 | C8: ABIGAIL QUIROS BALTODANO | D8: ESPARZA | E8: 2 | F8: 668 | G8: 2
A9: =G9+0.2 -> 2.2 | B9: 4348 | C9: AMANDA PEREZ CABEZAS | D9: CORREDORES | E9: 17 | F9: 505 | G9: 2
A10: =G10+0.3 -> 2.3 | B10: 4164 | C10: FIORELLA PEREIRA OBANDO | D10: CURRIDABAT | E10: 21 | F10: 491 | G10: 2
A11: =G11+0.1 -> 3.1 | B11: 3918 | C11: MARIANA SOTO CALDERON | D11: ESPARZA | E11: 3 | F11: 640 | G11: 3
A12: =G12+0.2 -> 3.2 | B12: 3907 | C12: LUCIANA CASCANTE BARBOZA | D12: ASERRÍ | E12: 16 | F12: 507 | G12: 3
A13: =G13+0.3 -> 3.3 | B13: 4535 | C13: VALENTINA LOPEZ ALVARADO | D13: ALAJUELA | E13: 24 | F13: 483 | G13: 3
A14: =G14+0.1 -> 4.1 | B14: 4176 | C14: LÍA SOFÍA SOLÍS VÁSQUEZ | D14: ESPARZA | E14: 4 | F14: 622 | G14: 4
A15: =G15+0.2 -> 4.2 | B15: 4212 | C15: FIORELLA RETANA AGUILAR | D15: CURRIDABAT | E15: 15 | F15: 512 | G15: 4
A16: =G16+0.3 -> 4.3 | B16: 4380 | C16: VALENTINA FERNANDEZ REYES | D16: ESCAZÚ | E16: 23 | F16: 483 | G16: 4
A17: =G17+0.1 -> 5.1 | B17: 4274 | C17: MARÍA PAULA HERNÁNDEZ ZÚÑIGA | D17: ESCAZÚ | E17: 5 | F17: 617 | G17: 5
A18: =G18+0.2 -> 5.2 | B18: 4579 | C18: EMMA GIOCONDA BERTARIONI ARAYA | D18: ESPARZA | E18: 14 | F18: 526 | G18: 5
A19: =G19+0.3 -> 5.3 | B19: 4673 | C19: ALINA CHACON RETANA | D19: SAN CARLOS | E19: 25 | F19: 483 | G19: 5
A20: =G20+0.1 -> 6.1 | B20: 4273 | C20: JAQUELINE HERNÁNDEZ ZUÑIGA | D20: ESCAZÚ | E20: 6 | F20: 603 | G20: 6
A21: =G21+0.2 -> 6.2 | B21: 4047 | C21: MARIANGEL JIMENEZ QUESADA | D21: ESPARZA | E21: 11 | F21: 566 | G21: 6
A22: =G22+0.3 -> 6.3 | B22: 3912 | C22: AMBAR PADILLA GRANADOS | D22: PÉREZ ZELEDÓN | E22: 26 | F22: 473 | G22: 6
A23: =G23+0.1 -> 7.1 | B23: 4100 | C23: BRENDA HERRERA RIVAS | D23: ESPARZA | E23: 7 | F23: 602 | G23: 7
A24: =G24+0.2 -> 7.2 | B24: 4104 | C24: ARIANA SANCHEZ DELGADO | D24: ESCAZÚ | E24: 12 | F24: 549 | G24: 7
A25: =G25+0.3 -> 7.3 | B25: 4278 | C25: EMA MELISSA ANGULO CRUZ | D25: ASERRÍ | E25: 28 | F25: 470 | G25: 7
A26: =G26+0.1 -> 8.1 | B26: 4183 | C26: MONSERRAT RODRÍGUEZ SOLÍS | D26: SAN CARLOS | E26: 8 | F26: 572 | G26: 8
A27: =G27+0.2 -> 8.2 | B27: 4275 | C27: CLARISSA MORA JIMÉNEZ | D27: ESPARZA | E27: 10 | F27: 566 | G27: 8
A28: =G28+0.3 -> 8.3 | B28: 4787 | C28: KENYA DEL VALLE ARAO | D28: CURRIDABAT | E28: 30 | F28: 466 | G28: 8
A29: =G29+0.1 -> 9.1 | B29: 4191 | C29: ISABELA CHACÓN ALVARADO | D29: CCDR SAN JOSÉ | E29: 9 | F29: 571 | G29: 9
A30: =G30+0.2 -> 9.2 | B30: 3828 | C30: AMANDA CHEN CEN | D30: ESCAZÚ | E30: 13 | F30: 527 | G30: 9
A31: =G31+0.3 -> 9.3 | B31: 4470 | C31: MARIPAZ VALVERDE VARELA | D31: ESPARZA | E31: 31 | F31: 466 | G31: 9
A32: =G32+0.4 -> 9.4 | B32: 4433 | C32: PAULA ALFARO MORA | D32: ASERRÍ | E32: 32 | F32: 462 | G32: 9
A33: =G33+0.2 -> 0.2 | B33: X | C33: BYE | D33: BYE
A34: =G34+0.3 -> 0.3
A35: =G35+0.1 -> 0.1
A36: =G36+0.2 -> 0.2
A37: =G37+0.3 -> 0.3
A38: =G38+0.1 -> 0.1
A39: =G39+0.2 -> 0.2
A40: =G40+0.3 -> 0.3
A41: =G41+0.1 -> 0.1
A42: =G42+0.2 -> 0.2
A43: =G43+0.3 -> 0.3
A44: =G44+0.1 -> 0.1
A45: =G45+0.2 -> 0.2
A46: =G46+0.3 -> 0.3
A47: =G47+0.1 -> 0.1
A48: =G48+0.2 -> 0.2
A49: =G49+0.3 -> 0.3
A50: =G50+0.1 -> 0.1
A51: =G51+0.2 -> 0.2
A52: =G52+0.3 -> 0.3
A53: =G53+0.1 -> 0.1
A54: =G54+0.2 -> 0.2
A55: =G55+0.3 -> 0.3
A56: =G56+0.1 -> 0.1
A57: =G57+0.2 -> 0.2
A58: =G58+0.3 -> 0.3
A59: =G59+0.1 -> 0.1
A60: =G60+0.2 -> 0.2
A61: =G61+0.3 -> 0.3
A62: =G62+0.1 -> 0.1
A63: =G63+0.2 -> 0.2
A64: =G64+0.3 -> 0.3
A65: =G65+0.1 -> 0.1
A66: =G66+0.2 -> 0.2
A67: =G67+0.3 -> 0.3
A68: =G68+0.1 -> 0.1
A69: =G69+0.2 -> 0.2
A70: =G70+0.3 -> 0.3
A71: =G71+0.1 -> 0.1
A72: =G72+0.2 -> 0.2
A73: =G73+0.3 -> 0.3
A74: =G74+0.1 -> 0.1
A75: =G75+0.2 -> 0.2
A76: =G76+0.3 -> 0.3
A77: =G77+0.1 -> 0.1
A78: =G78+0.2 -> 0.2
A79: =G79+0.3 -> 0.3
A80: =G80+0.1 -> 0.1
A81: =G81+0.2 -> 0.2
A82: =G82+0.3 -> 0.3
A83: =G83+0.1 -> 0.1
A84: =G84+0.2 -> 0.2
A85: =G85+0.3 -> 0.3
A86: =G86+0.1 -> 0.1
A87: =G87+0.2 -> 0.2
A88: =G88+0.3 -> 0.3
A89: =G89+0.1 -> 0.1
A90: =G90+0.2 -> 0.2
A91: =G91+0.3 -> 0.3
A92: =G92+0.4 -> 0.4
A93: =G93+0.1 -> 0.1
A94: =G94+0.2 -> 0.2
A95: =G95+0.3 -> 0.3
A96: =G96+0.4 -> 0.4
A97: =G97+0.3 -> 0.3
A98: =G98+0.1 -> 0.1
A99: =G99+0.2 -> 0.2
A100: =G100+0.3 -> 0.3
A101: =G101+0.1 -> 0.1
...

Sheet Hoja1

Sheet Grupo 1
L5: En Caso de ocupar 3 de 5, mostrar columnas H - I En caso de 2 de 2, ocultarlas.
G7: Fecha: | J7: =TODAY() -> 46288
B9: Categoría | D9: =Inscripciones!B2 -> U13 FEMENINO | E9: Grupo nº | F9: 1 | G9: Mesa nº
B11: Orden | C11: Carné | D11: Jugadores | E11: Lugar | F11: Ranking | G11: Puntos
A12: =F9+0.1 -> 1.1 | B12: 1 | C12: =VLOOKUP(A12,Inscripciones!A5:G167,2,FALSE) -> 4159 | D12: =IF(ISBLANK(C12),"",VLOOKUP(C12,Inscripciones!$B$5:$F$200,2,FALSE)) -> MARÍA FERNANDA ZELEDÓN HERRERA | E12: =IF(ISBLANK(C12),"",VLOOKUP(C12,Inscripciones!$B$5:$F$200,3,FALSE)) -> ESPARZA | F12: =IF(ISBLANK(C12),"",VLOOKUP(C12,Inscripciones!$B$5:$F$200,4,FALSE)) -> 1 | G12: =IF(ISBLANK(C12),"",VLOOKUP(C12,Inscripciones!$B$5:$F$200,5,FALSE)) -> 706 | J12: =IF(ISBLANK(J11)," ",(E18+F18+G18+E20+F20+G20+H18+I18+H20+I20)/(E19+F19+G19+E21+F21+G21+H19+I19+H21+I21))
A13: =F9+0.2 -> 1.2 | B13: 2 | C13: =VLOOKUP(A13,Inscripciones!A5:G168,2,FALSE) -> 4601 | D13: =IF(ISBLANK(C13),"",VLOOKUP(C13,Inscripciones!$B$5:$F$200,2,FALSE)) -> ANNETTE CARRANZA SOLÍS | E13: =IF(ISBLANK(C13),"",VLOOKUP(C13,Inscripciones!$B$5:$F$200,3,FALSE)) -> ESCAZÚ | F13: =IF(ISBLANK(C13),"",VLOOKUP(C13,Inscripciones!$B$5:$F$200,4,FALSE)) -> 18 | G13: =IF(ISBLANK(C13),"",VLOOKUP(C13,Inscripciones!$B$5:$F$200,5,FALSE)) -> 504 | J13: =IF(ISBLANK(J11)," ",(E21+F21+G21+E22+F22+G22+H21+I21+H22+I22)/(E20+F20+G20+E23+F23+G23+H20+I20+H23+I23))
A14: =+F9+0.3 -> 1.3 | B14: 3 | C14: =VLOOKUP(A14,Inscripciones!A6:G169,2,FALSE) -> 4276 | D14: =IF(ISBLANK(C14),"",VLOOKUP(C14,Inscripciones!$B$7:$F$200,2,FALSE)) -> SILOÉ MUÑOZ CÓRDOBA | E14: =IF(ISBLANK(C14),"",VLOOKUP(C14,Inscripciones!$B$7:$F$200,3,FALSE)) -> ESPARZA | F14: =IF(ISBLANK(C14),"",VLOOKUP(C14,Inscripciones!$B$7:$F$200,4,FALSE)) -> 19 | G14: =IF(ISBLANK(C14),"",VLOOKUP(C14,Inscripciones!$B$7:$F$200,5,FALSE)) -> 502 | J14: =IF(ISBLANK(J11)," ",(E19+F19+G19+E23+F23+G23+H19+I19+H23+I23)/(E18+F18+G18+E22+F22+G22+H18+I18+H22+I22))
B17: Partida | D17: JUGADOR | E17: 1º set | F17: 2º set | G17: 3º set | H17: 4º set | I17: 5º set | J17: Ganador
B18: 1 | C18: 1 | D18: =D12 -> MARÍA FERNANDA ZELEDÓN HERRERA | E18: 15 | F18: 11 | J18: {=IF(AND(TRIM(E18)="WO",TRIM(E19)="WO"),"",IF(TRIM(E19)="WO",C18,IF(TRIM(E18)="WO",C19,IF(SUMPRODUCT(--(E18:I18>E19:I19))>SUMPRODUCT(--(E19:I19>E18:I18)),C18,IF(SUMPRODUCT(--(E19:I19>E18:I18))>SUMPRODUCT(--(E18:I18>E19:I19)),C19,"")))))} -> 1
C19: 3 | D19: =D14 -> SILOÉ MUÑOZ CÓRDOBA | E19: 13 | F19: 7
B20: 2 | C20: 1 | D20: =D12 -> MARÍA FERNANDA ZELEDÓN HERRERA | E20: 11 | F20: 11 | J20: {=IF(AND(TRIM(E20)="WO",TRIM(E21)="WO"),"",IF(TRIM(E21)="WO",C20,IF(TRIM(E20)="WO",C21,IF(SUMPRODUCT(--(E20:I20>E21:I21))>SUMPRODUCT(--(E21:I21>E20:I20)),C20,IF(SUMPRODUCT(--(E21:I21>E20:I20))>SUMPRODUCT(--(E20:I20>E21:I21)),C21,"")))))} -> 1
C21: 2 | D21: =D13 -> ANNETTE CARRANZA SOLÍS | E21: 2 | F21: 9
B22: 3 | C22: 2 | D22: =D13 -> ANNETTE CARRANZA SOLÍS | E22: 7 | F22: 11 | G22: 9 | J22: {=IF(AND(TRIM(E22)="WO",TRIM(E23)="WO"),"",IF(TRIM(E23)="WO",C22,IF(TRIM(E22)="WO",C23,IF(SUMPRODUCT(--(E22:I22>E23:I23))>SUMPRODUCT(--(E23:I23>E22:I22)),C22,IF(SUMPRODUCT(--(E23:I23>E22:I22))>SUMPRODUCT(--(E22:I22>E23:I23)),C23,"")))))} -> 3
C23: 3 | D23: =D14 -> SILOÉ MUÑOZ CÓRDOBA | E23: 11 | F23: 8 | G23: 11
C32: Clasificados (# de carne) | F32: Revisión de Camisas y Raquetas
C33: Carnet | D33: Nombre | F33: Revisión de nombres y resultados
C34: 4159 | D34: =IF(ISBLANK(C34),"",VLOOKUP(C34,Inscripciones!$B$5:$F$200,2,FALSE)) -> MARÍA FERNANDA ZELEDÓN HERRERA | F34: Árbitro
C35: 4276 | D35: =IF(ISBLANK(C35),"",VLOOKUP(C35,Inscripciones!$B$5:$F$200,2,FALSE)) -> SILOÉ MUÑOZ CÓRDOBA | F35: Marque si hay informe

Sheet Grupo 2
L5: En Caso de ocupar 3 de 5, mostrar columnas H - I En caso de 2 de 2, ocultarlas.
G7: Fecha: | J7: =TODAY() -> 46288
B9: Categoría | D9: =Inscripciones!B2 -> U13 FEMENINO | E9: Grupo nº | F9: 2 | G9: Mesa nº
B11: Orden | C11: Carné | D11: Jugadores | E11: Lugar | F11: Ranking | G11: Puntos
A12: =F9+0.1 -> 2.1 | B12: 1 | C12: =VLOOKUP(A12,Inscripciones!A5:G167,2,FALSE) -> 4101 | D12: =IF(ISBLANK(C12),"",VLOOKUP(C12,Inscripciones!$B$5:$F$200,2,FALSE)) -> ABIGAIL QUIROS BALTODANO | E12: =IF(ISBLANK(C12),"",VLOOKUP(C12,Inscripciones!$B$5:$F$200,3,FALSE)) -> ESPARZA | F12: =IF(ISBLANK(C12),"",VLOOKUP(C12,Inscripciones!$B$5:$F$200,4,FALSE)) -> 2 | G12: =IF(ISBLANK(C12),"",VLOOKUP(C12,Inscripciones!$B$5:$F$200,5,FALSE)) -> 668 | J12: =IF(ISBLANK(J11)," ",(E18+F18+G18+E20+F20+G20+H18+I18+H20+I20)/(E19+F19+G19+E21+F21+G21+H19+I19+H21+I21))
A13: =F9+0.2 -> 2.2 | B13: 2 | C13: =VLOOKUP(A13,Inscripciones!A5:G168,2,FALSE) -> 4348 | D13: =IF(ISBLANK(C13),"",VLOOKUP(C13,Inscripciones!$B$5:$F$200,2,FALSE)) -> AMANDA PEREZ CABEZAS | E13: =IF(ISBLANK(C13),"",VLOOKUP(C13,Inscripciones!$B$5:$F$200,3,FALSE)) -> CORREDORES | F13: =IF(ISBLANK(C13),"",VLOOKUP(C13,Inscripciones!$B$5:$F$200,4,FALSE)) -> 17 | G13: =IF(ISBLANK(C13),"",VLOOKUP(C13,Inscripciones!$B$5:$F$200,5,FALSE)) -> 505 | J13: =IF(ISBLANK(J11)," ",(E21+F21+G21+E22+F22+G22+H21+I21+H22+I22)/(E20+F20+G20+E23+F23+G23+H20+I20+H23+I23))
A14: =+F9+0.3 -> 2.3 | B14: 3 | C14: =VLOOKUP(A14,Inscripciones!A6:G169,2,FALSE) -> 4164 | D14: =IF(ISBLANK(C14),"",VLOOKUP(C14,Inscripciones!$B$7:$F$200,2,FALSE)) -> FIORELLA PEREIRA OBANDO | E14: =IF(ISBLANK(C14),"",VLOOKUP(C14,Inscripciones!$B$7:$F$200,3,FALSE)) -> CURRIDABAT | F14: =IF(ISBLANK(C14),"",VLOOKUP(C14,Inscripciones!$B$7:$F$200,4,FALSE)) -> 21 | G14: =IF(ISBLANK(C14),"",VLOOKUP(C14,Inscripciones!$B$7:$F$200,5,FALSE)) -> 491 | J14: =IF(ISBLANK(J11)," ",(E19+F19+G19+E23+F23+G23+H19+I19+H23+I23)/(E18+F18+G18+E22+F22+G22+H18+I18+H22+I22))
B17: Partida | D17: JUGADOR | E17: 1º set | F17: 2º set | G17: 3º set | H17: 4º set | I17: 5º set | J17: Ganador
B18: 1 | C18: 1 | D18: =D12 -> ABIGAIL QUIROS BALTODANO | E18: 11 | F18: 11 | J18: {=IF(AND(TRIM(E18)="WO",TRIM(E19)="WO"),"",IF(TRIM(E19)="WO",C18,IF(TRIM(E18)="WO",C19,IF(SUMPRODUCT(--(E18:I18>E19:I19))>SUMPRODUCT(--(E19:I19>E18:I18)),C18,IF(SUMPRODUCT(--(E19:I19>E18:I18))>SUMPRODUCT(--(E18:I18>E19:I19)),C19,"")))))} -> 1
C19: 3 | D19: =D14 -> FIORELLA PEREIRA OBANDO | E19: 5 | F19: 3
B20: 2 | C20: 1 | D20: =D12 -> ABIGAIL QUIROS BALTODANO | E20: 11 | F20: 11 | J20: {=IF(AND(TRIM(E20)="WO",TRIM(E21)="WO"),"",IF(TRIM(E21)="WO",C20,IF(TRIM(E20)="WO",C21,IF(SUMPRODUCT(--(E20:I20>E21:I21))>SUMPRODUCT(--(E21:I21>E20:I20)),C20,IF(SUMPRODUCT(--(E21:I21>E20:I20))>SUMPRODUCT(--(E20:I20>E21:I21)),C21,"")))))} -> 1
C21: 2 | D21: =D13 -> AMANDA PEREZ CABEZAS | E21: 5 | F21: 5
B22: 3 | C22: 2 | D22: =D13 -> AMANDA PEREZ CABEZAS | E22: 11 | F22: 11 | J22: {=IF(AND(TRIM(E22)="WO",TRIM(E23)="WO"),"",IF(TRIM(E23)="WO",C22,IF(TRIM(E22)="WO",C23,IF(SUMPRODUCT(--(E22:I22>E23:I23))>SUMPRODUCT(--(E23:I23>E22:I22)),C22,IF(SUMPRODUCT(--(E23:I23>E22:I22))>SUMPRODUCT(--(E22:I22>E23:I23)),C23,"")))))} -> 2
C23: 3 | D23: =D14 -> FIORELLA PEREIRA OBANDO | E23: 2 | F23: 8
C32: Clasificados (# de carne) | F32: Revisión de Camisas y Raquetas
C33: Carnet | D33: Nombre | F33: Revisión de nombres y resultados
C34: 4101 | D34: =IF(ISBLANK(C34),"",VLOOKUP(C34,Inscripciones!$B$5:$F$200,2,FALSE)) -> ABIGAIL QUIROS BALTODANO | F34: Árbitro
C35: 4348 | D35: =IF(ISBLANK(C35),"",VLOOKUP(C35,Inscripciones!$B$5:$F$200,2,FALSE)) -> AMANDA PEREZ CABEZAS | F35: Marque si hay informe

Sheet Grupo 3
L5: En Caso de ocupar 3 de 5, mostrar columnas H - I En caso de 2 de 2, ocultarlas.
G7: Fecha: | J7: =TODAY() -> 46288
B9: Categoría | D9: =Inscripciones!B2 -> U13 FEMENINO | E9: Grupo nº | F9: 3 | G9: Mesa nº
B11: Orden | C11: Carné | D11: Jugadores | E11: Lugar | F11: Ranking | G11: Puntos
A12: =F9+0.1 -> 3.1 | B12: 1 | C12: =VLOOKUP(A12,Inscripciones!A5:G167,2,FALSE) -> 3918 | D12: =IF(ISBLANK(C12),"",VLOOKUP(C12,Inscripciones!$B$5:$F$200,2,FALSE)) -> MARIANA SOTO CALDERON | E12: =IF(ISBLANK(C12),"",VLOOKUP(C12,Inscripciones!$B$5:$F$200,3,FALSE)) -> ESPARZA | F12: =IF(ISBLANK(C12),"",VLOOKUP(C12,Inscripciones!$B$5:$F$200,4,FALSE)) -> 3 | G12: =IF(ISBLANK(C12),"",VLOOKUP(C12,Inscripciones!$B$5:$F$200,5,FALSE)) -> 640 | J12: =IF(ISBLANK(J11)," ",(E18+F18+G18+E20+F20+G20+H18+I18+H20+I20)/(E19+F19+G19+E21+F21+G21+H19+I19+H21+I21))
A13: =F9+0.2 -> 3.2 | B13: 2 | C13: =VLOOKUP(A13,Inscripciones!A5:G168,2,FALSE) -> 3907 | D13: =IF(ISBLANK(C13),"",VLOOKUP(C13,Inscripciones!$B$5:$F$200,2,FALSE)) -> LUCIANA CASCANTE BARBOZA | E13: =IF(ISBLANK(C13),"",VLOOKUP(C13,Inscripciones!$B$5:$F$200,3,FALSE)) -> ASERRÍ | F13: =IF(ISBLANK(C13),"",VLOOKUP(C13,Inscripciones!$B$5:$F$200,4,FALSE)) -> 16 | G13: =IF(ISBLANK(C13),"",VLOOKUP(C13,Inscripciones!$B$5:$F$200,5,FALSE)) -> 507 | J13: =IF(ISBLANK(J11)," ",(E21+F21+G21+E22+F22+G22+H21+I21+H22+I22)/(E20+F20+G20+E23+F23+G23+H20+I20+H23+I23))
A14: =+F9+0.3 -> 3.3 | B14: 3 | C14: =VLOOKUP(A14,Inscripciones!A6:G169,2,FALSE) -> 4535 | D14: =IF(ISBLANK(C14),"",VLOOKUP(C14,Inscripciones!$B$7:$F$200,2,FALSE)) -> VALENTINA LOPEZ ALVARADO | E14: =IF(ISBLANK(C14),"",VLOOKUP(C14,Inscripciones!$B$7:$F$200,3,FALSE)) -> ALAJUELA | F14: =IF(ISBLANK(C14),"",VLOOKUP(C14,Inscripciones!$B$7:$F$200,4,FALSE)) -> 24 | G14: =IF(ISBLANK(C14),"",VLOOKUP(C14,Inscripciones!$B$7:$F$200,5,FALSE)) -> 483 | J14: =IF(ISBLANK(J11)," ",(E19+F19+G19+E23+F23+G23+H19+I19+H23+I23)/(E18+F18+G18+E22+F22+G22+H18+I18+H22+I22))
B17: Partida | D17: JUGADOR | E17: 1º set | F17: 2º set | G17: 3º set | H17: 4º set | I17: 5º set | J17: Ganador
B18: 1 | C18: 1 | D18: =D12 -> MARIANA SOTO CALDERON | E18: 11 | F18: 11 | J18: {=IF(AND(TRIM(E18)="WO",TRIM(E19)="WO"),"",IF(TRIM(E19)="WO",C18,IF(TRIM(E18)="WO",C19,IF(SUMPRODUCT(--(E18:I18>E19:I19))>SUMPRODUCT(--(E19:I19>E18:I18)),C18,IF(SUMPRODUCT(--(E19:I19>E18:I18))>SUMPRODUCT(--(E18:I18>E19:I19)),C19,"")))))} -> 1
C19: 3 | D19: =D14 -> VALENTINA LOPEZ ALVARADO | E19: 2 | F19: 2
B20: 2 | C20: 1 | D20: =D12 -> MARIANA SOTO CALDERON | E20: 11 | F20: 11 | J20: {=IF(AND(TRIM(E20)="WO",TRIM(E21)="WO"),"",IF(TRIM(E21)="WO",C20,IF(TRIM(E20)="WO",C21,IF(SUMPRODUCT(--(E20:I20>E21:I21))>SUMPRODUCT(--(E21:I21>E20:I20)),C20,IF(SUMPRODUCT(--(E21:I21>E20:I20))>SUMPRODUCT(--(E20:I20>E21:I21)),C21,"")))))} -> 1
C21: 2 | D21: =D13 -> LUCIANA CASCANTE BARBOZA | E21: 7 | F21: 3
B22: 3 | C22: 2 | D22: =D13 -> LUCIANA CASCANTE BARBOZA | E22: 11 | F22: 11 | J22: {=IF(AND(TRIM(E22)="WO",TRIM(E23)="WO"),"",IF(TRIM(E23)="WO",C22,IF(TRIM(E22)="WO",C23,IF(SUMPRODUCT(--(E22:I22>E23:I23))>SUMPRODUCT(--(E23:I23>E22:I22)),C22,IF(SUMPRODUCT(--(E23:I23>E22:I22))>SUMPRODUCT(--(E22:I22>E23:I23)),C23,"")))))} -> 2
C23: 3 | D23: =D14 -> VALENTINA LOPEZ ALVARADO | E23: 7 | F23: 3
C32: Clasificados (# de carne) | F32: Revisión de Camisas y Raquetas
C33: Carnet | D33: Nombre | F33: Revisión de nombres y resultados
C34: 3918 | D34: =IF(ISBLANK(C34),"",VLOOKUP(C34,Inscripciones!$B$5:$F$200,2,FALSE)) -> MARIANA SOTO CALDERON | F34: Árbitro
C35: 3907 | D35: =IF(ISBLANK(C35),"",VLOOKUP(C35,Inscripciones!$B$5:$F$200,2,FALSE)) -> LUCIANA CASCANTE BARBOZA | F35: Marque si hay informe

Sheet Grupo 4
L5: En Caso de ocupar 3 de 5, mostrar columnas H - I En caso de 2 de 2, ocultarlas.
G7: Fecha: | J7: =TODAY() -> 46288
B9: Categoría | D9: =Inscripciones!B2 -> U13 FEMENINO | E9: Grupo nº | F9: 4 | G9: Mesa nº
B11: Orden | C11: Carné | D11: Jugadores | E11: Lugar | F11: Ranking | G11: Puntos
A12: =F9+0.1 -> 4.1 | B12: 1 | C12: =VLOOKUP(A12,Inscripciones!A5:G167,2,FALSE) -> 4176 | D12: =IF(ISBLANK(C12),"",VLOOKUP(C12,Inscripciones!$B$5:$F$200,2,FALSE)) -> LÍA SOFÍA SOLÍS VÁSQUEZ | E12: =IF(ISBLANK(C12),"",VLOOKUP(C12,Inscripciones!$B$5:$F$200,3,FALSE)) -> ESPARZA | F12: =IF(ISBLANK(C12),"",VLOOKUP(C12,Inscripciones!$B$5:$F$200,4,FALSE)) -> 4 | G12: =IF(ISBLANK(C12),"",VLOOKUP(C12,Inscripciones!$B$5:$F$200,5,FALSE)) -> 622 | J12: =IF(ISBLANK(J11)," ",(E18+F18+G18+E20+F20+G20+H18+I18+H20+I20)/(E19+F19+G19+E21+F21+G21+H19+I19+H21+I21))
A13: =F9+0.2 -> 4.2 | B13: 2 | C13: =VLOOKUP(A13,Inscripciones!A5:G168,2,FALSE) -> 4212 | D13: =IF(ISBLANK(C13),"",VLOOKUP(C13,Inscripciones!$B$5:$F$200,2,FALSE)) -> FIORELLA RETANA AGUILAR | E13: =IF(ISBLANK(C13),"",VLOOKUP(C13,Inscripciones!$B$5:$F$200,3,FALSE)) -> CURRIDABAT | F13: =IF(ISBLANK(C13),"",VLOOKUP(C13,Inscripciones!$B$5:$F$200,4,FALSE)) -> 15 | G13: =IF(ISBLANK(C13),"",VLOOKUP(C13,Inscripciones!$B$5:$F$200,5,FALSE)) -> 512 | J13: =IF(ISBLANK(J11)," ",(E21+F21+G21+E22+F22+G22+H21+I21+H22+I22)/(E20+F20+G20+E23+F23+G23+H20+I20+H23+I23))
A14: =+F9+0.3 -> 4.3 | B14: 3 | C14: =VLOOKUP(A14,Inscripciones!A6:G169,2,FALSE) -> 4380 | D14: =IF(ISBLANK(C14),"",VLOOKUP(C14,Inscripciones!$B$7:$F$200,2,FALSE)) -> VALENTINA FERNANDEZ REYES | E14: =IF(ISBLANK(C14),"",VLOOKUP(C14,Inscripciones!$B$7:$F$200,3,FALSE)) -> ESCAZÚ | F14: =IF(ISBLANK(C14),"",VLOOKUP(C14,Inscripciones!$B$7:$F$200,4,FALSE)) -> 23 | G14: =IF(ISBLANK(C14),"",VLOOKUP(C14,Inscripciones!$B$7:$F$200,5,FALSE)) -> 483 | J14: =IF(ISBLANK(J11)," ",(E19+F19+G19+E23+F23+G23+H19+I19+H23+I23)/(E18+F18+G18+E22+F22+G22+H18+I18+H22+I22))
B17: Partida | D17: JUGADOR | E17: 1º set | F17: 2º set | G17: 3º set | H17: 4º set | I17: 5º set | J17: Ganador
B18: 1 | C18: 1 | D18: =D12 -> LÍA SOFÍA SOLÍS VÁSQUEZ | E18: 11 | F18: 11 | J18: {=IF(AND(TRIM(E18)="WO",TRIM(E19)="WO"),"",IF(TRIM(E19)="WO",C18,IF(TRIM(E18)="WO",C19,IF(SUMPRODUCT(--(E18:I18>E19:I19))>SUMPRODUCT(--(E19:I19>E18:I18)),C18,IF(SUMPRODUCT(--(E19:I19>E18:I18))>SUMPRODUCT(--(E18:I18>E19:I19)),C19,"")))))} -> 1
C19: 3 | D19: =D14 -> VALENTINA FERNANDEZ REYES | E19: 4 | F19: 3
B20: 2 | C20: 1 | D20: =D12 -> LÍA SOFÍA SOLÍS VÁSQUEZ | E20: 11 | F20: 11 | J20: {=IF(AND(TRIM(E20)="WO",TRIM(E21)="WO"),"",IF(TRIM(E21)="WO",C20,IF(TRIM(E20)="WO",C21,IF(SUMPRODUCT(--(E20:I20>E21:I21))>SUMPRODUCT(--(E21:I21>E20:I20)),C20,IF(SUMPRODUCT(--(E21:I21>E20:I20))>SUMPRODUCT(--(E20:I20>E21:I21)),C21,"")))))} -> 1
C21: 2 | D21: =D13 -> FIORELLA RETANA AGUILAR | E21: 5 | F21: 8
B22: 3 | C22: 2 | D22: =D13 -> FIORELLA RETANA AGUILAR | E22: 11 | F22: 11 | J22: {=IF(AND(TRIM(E22)="WO",TRIM(E23)="WO"),"",IF(TRIM(E23)="WO",C22,IF(TRIM(E22)="WO",C23,IF(SUMPRODUCT(--(E22:I22>E23:I23))>SUMPRODUCT(--(E23:I23>E22:I22)),C22,IF(SUMPRODUCT(--(E23:I23>E22:I22))>SUMPRODUCT(--(E22:I22>E23:I23)),C23,"")))))} -> 2
C23: 3 | D23: =D14 -> VALENTINA FERNANDEZ REYES | E23: 7 | F23: 7
C32: Clasificados (# de carne) | F32: Revisión de Camisas y Raquetas
C33: Carnet | D33: Nombre | F33: Revisión de nombres y resultados
C34: 4176 | D34: =IF(ISBLANK(C34),"",VLOOKUP(C34,Inscripciones!$B$5:$F$200,2,FALSE)) -> LÍA SOFÍA SOLÍS VÁSQUEZ | F34: Árbitro
C35: 4212 | D35: =IF(ISBLANK(C35),"",VLOOKUP(C35,Inscripciones!$B$5:$F$200,2,FALSE)) -> FIORELLA RETANA AGUILAR | F35: Marque si hay informe

Sheet Grupo 5
L5: En Caso de ocupar 3 de 5, mostrar columnas H - I En caso de 2 de 2, ocultarlas.
G7: Fecha: | J7: =TODAY() -> 46288
B9: Categoría | D9: =Inscripciones!B2 -> U13 FEMENINO | E9: Grupo nº | F9: 5 | G9: Mesa nº
B11: Orden | C11: Carné | D11: Jugadores | E11: Lugar | F11: Ranking | G11: Puntos
A12: =F9+0.1 -> 5.1 | B12: 1 | C12: =VLOOKUP(A12,Inscripciones!A5:G167,2,FALSE) -> 4274 | D12: =IF(ISBLANK(C12),"",VLOOKUP(C12,Inscripciones!$B$5:$F$200,2,FALSE)) -> MARÍA PAULA HERNÁNDEZ ZÚÑIGA | E12: =IF(ISBLANK(C12),"",VLOOKUP(C12,Inscripciones!$B$5:$F$200,3,FALSE)) -> ESCAZÚ | F12: =IF(ISBLANK(C12),"",VLOOKUP(C12,Inscripciones!$B$5:$F$200,4,FALSE)) -> 5 | G12: =IF(ISBLANK(C12),"",VLOOKUP(C12,Inscripciones!$B$5:$F$200,5,FALSE)) -> 617 | J12: =IF(ISBLANK(J11)," ",(E18+F18+G18+E20+F20+G20+H18+I18+H20+I20)/(E19+F19+G19+E21+F21+G21+H19+I19+H21+I21))
A13: =F9+0.2 -> 5.2 | B13: 2 | C13: =VLOOKUP(A13,Inscripciones!A5:G168,2,FALSE) -> 4579 | D13: =IF(ISBLANK(C13),"",VLOOKUP(C13,Inscripciones!$B$5:$F$200,2,FALSE)) -> EMMA GIOCONDA BERTARIONI ARAYA | E13: =IF(ISBLANK(C13),"",VLOOKUP(C13,Inscripciones!$B$5:$F$200,3,FALSE)) -> ESPARZA | F13: =IF(ISBLANK(C13),"",VLOOKUP(C13,Inscripciones!$B$5:$F$200,4,FALSE)) -> 14 | G13: =IF(ISBLANK(C13),"",VLOOKUP(C13,Inscripciones!$B$5:$F$200,5,FALSE)) -> 526 | J13: =IF(ISBLANK(J11)," ",(E21+F21+G21+E22+F22+G22+H21+I21+H22+I22)/(E20+F20+G20+E23+F23+G23+H20+I20+H23+I23))
A14: =+F9+0.3 -> 5.3 | B14: 3 | C14: =VLOOKUP(A14,Inscripciones!A6:G169,2,FALSE) -> 4673 | D14: =IF(ISBLANK(C14),"",VLOOKUP(C14,Inscripciones!$B$7:$F$200,2,FALSE)) -> ALINA CHACON RETANA | E14: =IF(ISBLANK(C14),"",VLOOKUP(C14,Inscripciones!$B$7:$F$200,3,FALSE)) -> SAN CARLOS | F14: =IF(ISBLANK(C14),"",VLOOKUP(C14,Inscripciones!$B$7:$F$200,4,FALSE)) -> 25 | G14: =IF(ISBLANK(C14),"",VLOOKUP(C14,Inscripciones!$B$7:$F$200,5,FALSE)) -> 483 | J14: =IF(ISBLANK(J11)," ",(E19+F19+G19+E23+F23+G23+H19+I19+H23+I23)/(E18+F18+G18+E22+F22+G22+H18+I18+H22+I22))
B17: Partida | D17: JUGADOR | E17: 1º set | F17: 2º set | G17: 3º set | H17: 4º set | I17: 5º set | J17: Ganador
B18: 1 | C18: 1 | D18: =D12 -> MARÍA PAULA HERNÁNDEZ ZÚÑIGA | E18: 8 | F18: 8 | J18: {=IF(AND(TRIM(E18)="WO",TRIM(E19)="WO"),"",IF(TRIM(E19)="WO",C18,IF(TRIM(E18)="WO",C19,IF(SUMPRODUCT(--(E18:I18>E19:I19))>SUMPRODUCT(--(E19:I19>E18:I18)),C18,IF(SUMPRODUCT(--(E19:I19>E18:I18))>SUMPRODUCT(--(E18:I18>E19:I19)),C19,"")))))} -> 3
C19: 3 | D19: =D14 -> ALINA CHACON RETANA | E19: 11 | F19: 11
B20: 2 | C20: 1 | D20: =D12 -> MARÍA PAULA HERNÁNDEZ ZÚÑIGA | E20: 11 | F20: 11 | J20: {=IF(AND(TRIM(E20)="WO",TRIM(E21)="WO"),"",IF(TRIM(E21)="WO",C20,IF(TRIM(E20)="WO",C21,IF(SUMPRODUCT(--(E20:I20>E21:I21))>SUMPRODUCT(--(E21:I21>E20:I20)),C20,IF(SUMPRODUCT(--(E21:I21>E20:I20))>SUMPRODUCT(--(E20:I20>E21:I21)),C21,"")))))} -> 1
C21: 2 | D21: =D13 -> EMMA GIOCONDA BERTARIONI ARAYA | E21: 2 | F21: 3
B22: 3 | C22: 2 | D22: =D13 -> EMMA GIOCONDA BERTARIONI ARAYA | E22: 11 | F22: 12 | J22: {=IF(AND(TRIM(E22)="WO",TRIM(E23)="WO"),"",IF(TRIM(E23)="WO",C22,IF(TRIM(E22)="WO",C23,IF(SUMPRODUCT(--(E22:I22>E23:I23))>SUMPRODUCT(--(E23:I23>E22:I22)),C22,IF(SUMPRODUCT(--(E23:I23>E22:I22))>SUMPRODUCT(--(E22:I22>E23:I23)),C23,"")))))} -> 2
C23: 3 | D23: =D14 -> ALINA CHACON RETANA | E23: 9 | F23: 10
C32: Clasificados (# de carne) | F32: Revisión de Camisas y Raquetas
C33: Carnet | D33: Nombre | F33: Revisión de nombres y resultados
C34: 4274 | D34: =IF(ISBLANK(C34),"",VLOOKUP(C34,Inscripciones!$B$5:$F$200,2,FALSE)) -> MARÍA PAULA HERNÁNDEZ ZÚÑIGA | F34: Árbitro
C35: 4673 | D35: =IF(ISBLANK(C35),"",VLOOKUP(C35,Inscripciones!$B$5:$F$200,2,FALSE)) -> ALINA CHACON RETANA | F35: Marque si hay informe

Sheet Grupo 6
L5: En Caso de ocupar 3 de 5, mostrar columnas H - I En caso de 2 de 2, ocultarlas.
G7: Fecha: | J7: =TODAY() -> 46288
B9: Categoría | D9: =Inscripciones!B2 -> U13 FEMENINO | E9: Grupo nº | F9: 6 | G9: Mesa nº
B11: Orden | C11: Carné | D11: Jugadores | E11: Lugar | F11: Ranking | G11: Puntos
A12: =F9+0.1 -> 6.1 | B12: 1 | C12: =VLOOKUP(A12,Inscripciones!A5:G167,2,FALSE) -> 4273 | D12: =IF(ISBLANK(C12),"",VLOOKUP(C12,Inscripciones!$B$5:$F$200,2,FALSE)) -> JAQUELINE HERNÁNDEZ ZUÑIGA | E12: =IF(ISBLANK(C12),"",VLOOKUP(C12,Inscripciones!$B$5:$F$200,3,FALSE)) -> ESCAZÚ | F12: =IF(ISBLANK(C12),"",VLOOKUP(C12,Inscripciones!$B$5:$F$200,4,FALSE)) -> 6 | G12: =IF(ISBLANK(C12),"",VLOOKUP(C12,Inscripciones!$B$5:$F$200,5,FALSE)) -> 603 | J12: =IF(ISBLANK(J11)," ",(E18+F18+G18+E20+F20+G20+H18+I18+H20+I20)/(E19+F19+G19+E21+F21+G21+H19+I19+H21+I21))
A13: =F9+0.2 -> 6.2 | B13: 2 | C13: =VLOOKUP(A13,Inscripciones!A5:G168,2,FALSE) -> 4047 | D13: =IF(ISBLANK(C13),"",VLOOKUP(C13,Inscripciones!$B$5:$F$200,2,FALSE)) -> MARIANGEL JIMENEZ QUESADA | E13: =IF(ISBLANK(C13),"",VLOOKUP(C13,Inscripciones!$B$5:$F$200,3,FALSE)) -> ESPARZA | F13: =IF(ISBLANK(C13),"",VLOOKUP(C13,Inscripciones!$B$5:$F$200,4,FALSE)) -> 11 | G13: =IF(ISBLANK(C13),"",VLOOKUP(C13,Inscripciones!$B$5:$F$200,5,FALSE)) -> 566 | J13: =IF(ISBLANK(J11)," ",(E21+F21+G21+E22+F22+G22+H21+I21+H22+I22)/(E20+F20+G20+E23+F23+G23+H20+I20+H23+I23))
A14: =+F9+0.3 -> 6.3 | B14: 3 | C14: =VLOOKUP(A14,Inscripciones!A6:G169,2,FALSE) -> 3912 | D14: =IF(ISBLANK(C14),"",VLOOKUP(C14,Inscripciones!$B$7:$F$200,2,FALSE)) -> AMBAR PADILLA GRANADOS | E14: =IF(ISBLANK(C14),"",VLOOKUP(C14,Inscripciones!$B$7:$F$200,3,FALSE)) -> PÉREZ ZELEDÓN | F14: =IF(ISBLANK(C14),"",VLOOKUP(C14,Inscripciones!$B$7:$F$200,4,FALSE)) -> 26 | G14: =IF(ISBLANK(C14),"",VLOOKUP(C14,Inscripciones!$B$7:$F$200,5,FALSE)) -> 473 | J14: =IF(ISBLANK(J11)," ",(E19+F19+G19+E23+F23+G23+H19+I19+H23+I23)/(E18+F18+G18+E22+F22+G22+H18+I18+H22+I22))
B17: Partida | D17: JUGADOR | E17: 1º set | F17: 2º set | G17: 3º set | H17: 4º set | I17: 5º set | J17: Ganador
B18: 1 | C18: 1 | D18: =D12 -> JAQUELINE HERNÁNDEZ ZUÑIGA | E18: 11 | F18: 11 | J18: {=IF(AND(TRIM(E18)="WO",TRIM(E19)="WO"),"",IF(TRIM(E19)="WO",C18,IF(TRIM(E18)="WO",C19,IF(SUMPRODUCT(--(E18:I18>E19:I19))>SUMPRODUCT(--(E19:I19>E18:I18)),C18,IF(SUMPRODUCT(--(E19:I19>E18:I18))>SUMPRODUCT(--(E18:I18>E19:I19)),C19,"")))))} -> 1
C19: 3 | D19: =D14 -> AMBAR PADILLA GRANADOS | E19: 5 | F19: 8
B20: 2 | C20: 1 | D20: =D12 -> JAQUELINE HERNÁNDEZ ZUÑIGA | E20: 11 | F20: 14 | J20: {=IF(AND(TRIM(E20)="WO",TRIM(E21)="WO"),"",IF(TRIM(E21)="WO",C20,IF(TRIM(E20)="WO",C21,IF(SUMPRODUCT(--(E20:I20>E21:I21))>SUMPRODUCT(--(E21:I21>E20:I20)),C20,IF(SUMPRODUCT(--(E21:I21>E20:I20))>SUMPRODUCT(--(E20:I20>E21:I21)),C21,"")))))} -> 1
C21: 2 | D21: =D13 -> MARIANGEL JIMENEZ QUESADA | E21: 4 | F21: 12
B22: 3 | C22: 2 | D22: =D13 -> MARIANGEL JIMENEZ QUESADA | E22: 9 | F22: 4 | J22: {=IF(AND(TRIM(E22)="WO",TRIM(E23)="WO"),"",IF(TRIM(E23)="WO",C22,IF(TRIM(E22)="WO",C23,IF(SUMPRODUCT(--(E22:I22>E23:I23))>SUMPRODUCT(--(E23:I23>E22:I22)),C22,IF(SUMPRODUCT(--(E23:I23>E22:I22))>SUMPRODUCT(--(E22:I22>E23:I23)),C23,"")))))} -> 3
C23: 3 | D23: =D14 -> AMBAR PADILLA GRANADOS | E23: 11 | F23: 11
C32: Clasificados (# de carne) | F32: Revisión de Camisas y Raquetas
C33: Carnet | D33: Nombre | F33: Revisión de nombres y resultados
C34: 4273 | D34: =IF(ISBLANK(C34),"",VLOOKUP(C34,Inscripciones!$B$5:$F$200,2,FALSE)) -> JAQUELINE HERNÁNDEZ ZUÑIGA | F34: Árbitro
C35: 3912 | D35: =IF(ISBLANK(C35),"",VLOOKUP(C35,Inscripciones!$B$5:$F$200,2,FALSE)) -> AMBAR PADILLA GRANADOS | F35: Marque si hay informe

Sheet Grupo 7
L5: En Caso de ocupar 3 de 5, mostrar columnas H - I En caso de 2 de 2, ocultarlas.
G7: Fecha: | J7: =TODAY() -> 46288
B9: Categoría | D9: =Inscripciones!B2 -> U13 FEMENINO | E9: Grupo nº | F9: 7 | G9: Mesa nº
B11: Orden | C11: Carné | D11: Jugadores | E11: Lugar | F11: Ranking | G11: Puntos
A12: =F9+0.1 -> 7.1 | B12: 1 | C12: =VLOOKUP(A12,Inscripciones!A5:G167,2,FALSE) -> 4100 | D12: =IF(ISBLANK(C12),"",VLOOKUP(C12,Inscripciones!$B$5:$F$200,2,FALSE)) -> BRENDA HERRERA RIVAS | E12: =IF(ISBLANK(C12),"",VLOOKUP(C12,Inscripciones!$B$5:$F$200,3,FALSE)) -> ESPARZA | F12: =IF(ISBLANK(C12),"",VLOOKUP(C12,Inscripciones!$B$5:$F$200,4,FALSE)) -> 7 | G12: =IF(ISBLANK(C12),"",VLOOKUP(C12,Inscripciones!$B$5:$F$200,5,FALSE)) -> 602 | J12: =IF(ISBLANK(J11)," ",(E18+F18+G18+E20+F20+G20+H18+I18+H20+I20)/(E19+F19+G19+E21+F21+G21+H19+I19+H21+I21))
A13: =F9+0.2 -> 7.2 | B13: 2 | C13: =VLOOKUP(A13,Inscripciones!A5:G168,2,FALSE) -> 4104 | D13: =IF(ISBLANK(C13),"",VLOOKUP(C13,Inscripciones!$B$5:$F$200,2,FALSE)) -> ARIANA SANCHEZ DELGADO | E13: =IF(ISBLANK(C13),"",VLOOKUP(C13,Inscripciones!$B$5:$F$200,3,FALSE)) -> ESCAZÚ | F13: =IF(ISBLANK(C13),"",VLOOKUP(C13,Inscripciones!$B$5:$F$200,4,FALSE)) -> 12 | G13: =IF(ISBLANK(C13),"",VLOOKUP(C13,Inscripciones!$B$5:$F$200,5,FALSE)) -> 549 | J13: =IF(ISBLANK(J11)," ",(E21+F21+G21+E22+F22+G22+H21+I21+H22+I22)/(E20+F20+G20+E23+F23+G23+H20+I20+H23+I23))
A14: =+F9+0.3 -> 7.3 | B14: 3 | C14: =VLOOKUP(A14,Inscripciones!A6:G169,2,FALSE) -> 4278 | D14: =IF(ISBLANK(C14),"",VLOOKUP(C14,Inscripciones!$B$7:$F$200,2,FALSE)) -> EMA MELISSA ANGULO CRUZ | E14: =IF(ISBLANK(C14),"",VLOOKUP(C14,Inscripciones!$B$7:$F$200,3,FALSE)) -> ASERRÍ | F14: =IF(ISBLANK(C14),"",VLOOKUP(C14,Inscripciones!$B$7:$F$200,4,FALSE)) -> 28 | G14: =IF(ISBLANK(C14),"",VLOOKUP(C14,Inscripciones!$B$7:$F$200,5,FALSE)) -> 470 | J14: =IF(ISBLANK(J11)," ",(E19+F19+G19+E23+F23+G23+H19+I19+H23+I23)/(E18+F18+G18+E22+F22+G22+H18+I18+H22+I22))
B17: Partida | D17: JUGADOR | E17: 1º set | F17: 2º set | G17: 3º set | H17: 4º set | I17: 5º set | J17: Ganador
B18: 1 | C18: 1 | D18: =D12 -> BRENDA HERRERA RIVAS | E18: 11 | F18: 11 | J18: {=IF(AND(TRIM(E18)="WO",TRIM(E19)="WO"),"",IF(TRIM(E19)="WO",C18,IF(TRIM(E18)="WO",C19,IF(SUMPRODUCT(--(E18:I18>E19:I19))>SUMPRODUCT(--(E19:I19>E18:I18)),C18,IF(SUMPRODUCT(--(E19:I19>E18:I18))>SUMPRODUCT(--(E18:I18>E19:I19)),C19,"")))))} -> 1
C19: 3 | D19: =D14 -> EMA MELISSA ANGULO CRUZ | E19: 6 | F19: 6
B20: 2 | C20: 1 | D20: =D12 -> BRENDA HERRERA RIVAS | E20: 11 | F20: 11 | J20: {=IF(AND(TRIM(E20)="WO",TRIM(E21)="WO"),"",IF(TRIM(E21)="WO",C20,IF(TRIM(E20)="WO",C21,IF(SUMPRODUCT(--(E20:I20>E21:I21))>SUMPRODUCT(--(E21:I21>E20:I20)),C20,IF(SUMPRODUCT(--(E21:I21>E20:I20))>SUMPRODUCT(--(E20:I20>E21:I21)),C21,"")))))} -> 1
C21: 2 | D21: =D13 -> ARIANA SANCHEZ DELGADO | E21: 4 | F21: 6
B22: 3 | C22: 2 | D22: =D13 -> ARIANA SANCHEZ DELGADO | E22: 11 | F22: 12 | J22: {=IF(AND(TRIM(E22)="WO",TRIM(E23)="WO"),"",IF(TRIM(E23)="WO",C22,IF(TRIM(E22)="WO",C23,IF(SUMPRODUCT(--(E22:I22>E23:I23))>SUMPRODUCT(--(E23:I23>E22:I22)),C22,IF(SUMPRODUCT(--(E23:I23>E22:I22))>SUMPRODUCT(--(E22:I22>E23:I23)),C23,"")))))} -> 2
C23: 3 | D23: =D14 -> EMA MELISSA ANGULO CRUZ | E23: 7 | F23: 10
C32: Clasificados (# de carne) | F32: Revisión de Camisas y Raquetas
C33: Carnet | D33: Nombre | F33: Revisión de nombres y resultados
C34: 4100 | D34: =IF(ISBLANK(C34),"",VLOOKUP(C34,Inscripciones!$B$5:$F$200,2,FALSE)) -> BRENDA HERRERA RIVAS | F34: Árbitro
C35: 4104 | D35: =IF(ISBLANK(C35),"",VLOOKUP(C35,Inscripciones!$B$5:$F$200,2,FALSE)) -> ARIANA SANCHEZ DELGADO | F35: Marque si hay informe

Sheet Grupo 8
L5: En Caso de ocupar 3 de 5, mostrar columnas H - I En caso de 2 de 2, ocultarlas.
G7: Fecha: | J7: =TODAY() -> 46288
B9: Categoría | D9: =Inscripciones!B2 -> U13 FEMENINO | E9: Grupo nº | F9: 8 | G9: Mesa nº
B11: Orden | C11: Carné | D11: Jugadores | E11: Lugar | F11: Ranking | G11: Puntos
A12: =F9+0.1 -> 8.1 | B12: 1 | C12: =VLOOKUP(A12,Inscripciones!A5:G167,2,FALSE) -> 4183 | D12: =IF(ISBLANK(C12),"",VLOOKUP(C12,Inscripciones!$B$5:$F$200,2,FALSE)) -> MONSERRAT RODRÍGUEZ SOLÍS | E12: =IF(ISBLANK(C12),"",VLOOKUP(C12,Inscripciones!$B$5:$F$200,3,FALSE)) -> SAN CARLOS | F12: =IF(ISBLANK(C12),"",VLOOKUP(C12,Inscripciones!$B$5:$F$200,4,FALSE)) -> 8 | G12: =IF(ISBLANK(C12),"",VLOOKUP(C12,Inscripciones!$B$5:$F$200,5,FALSE)) -> 572 | J12: =IF(ISBLANK(J11)," ",(E18+F18+G18+E20+F20+G20+H18+I18+H20+I20)/(E19+F19+G19+E21+F21+G21+H19+I19+H21+I21))
A13: =F9+0.2 -> 8.2 | B13: 2 | C13: =VLOOKUP(A13,Inscripciones!A5:G168,2,FALSE) -> 4275 | D13: =IF(ISBLANK(C13),"",VLOOKUP(C13,Inscripciones!$B$5:$F$200,2,FALSE)) -> CLARISSA MORA JIMÉNEZ | E13: =IF(ISBLANK(C13),"",VLOOKUP(C13,Inscripciones!$B$5:$F$200,3,FALSE)) -> ESPARZA | F13: =IF(ISBLANK(C13),"",VLOOKUP(C13,Inscripciones!$B$5:$F$200,4,FALSE)) -> 10 | G13: =IF(ISBLANK(C13),"",VLOOKUP(C13,Inscripciones!$B$5:$F$200,5,FALSE)) -> 566 | J13: =IF(ISBLANK(J11)," ",(E21+F21+G21+E22+F22+G22+H21+I21+H22+I22)/(E20+F20+G20+E23+F23+G23+H20+I20+H23+I23))
A14: =+F9+0.3 -> 8.3 | B14: 3 | C14: =VLOOKUP(A14,Inscripciones!A6:G169,2,FALSE) -> 4787 | D14: =IF(ISBLANK(C14),"",VLOOKUP(C14,Inscripciones!$B$7:$F$200,2,FALSE)) -> KENYA DEL VALLE ARAO | E14: =IF(ISBLANK(C14),"",VLOOKUP(C14,Inscripciones!$B$7:$F$200,3,FALSE)) -> CURRIDABAT | F14: =IF(ISBLANK(C14),"",VLOOKUP(C14,Inscripciones!$B$7:$F$200,4,FALSE)) -> 30 | G14: =IF(ISBLANK(C14),"",VLOOKUP(C14,Inscripciones!$B$7:$F$200,5,FALSE)) -> 466 | J14: =IF(ISBLANK(J11)," ",(E19+F19+G19+E23+F23+G23+H19+I19+H23+I23)/(E18+F18+G18+E22+F22+G22+H18+I18+H22+I22))
B17: Partida | D17: JUGADOR | E17: 1º set | F17: 2º set | G17: 3º set | H17: 4º set | I17: 5º set | J17: Ganador
B18: 1 | C18: 1 | D18: =D12 -> MONSERRAT RODRÍGUEZ SOLÍS | E18: 11 | F18: 11 | J18: {=IF(AND(TRIM(E18)="WO",TRIM(E19)="WO"),"",IF(TRIM(E19)="WO",C18,IF(TRIM(E18)="WO",C19,IF(SUMPRODUCT(--(E18:I18>E19:I19))>SUMPRODUCT(--(E19:I19>E18:I18)),C18,IF(SUMPRODUCT(--(E19:I19>E18:I18))>SUMPRODUCT(--(E18:I18>E19:I19)),C19,"")))))} -> 1
C19: 3 | D19: =D14 -> KENYA DEL VALLE ARAO | E19: 2 | F19: 2
B20: 2 | C20: 1 | D20: =D12 -> MONSERRAT RODRÍGUEZ SOLÍS | E20: 11 | F20: 11 | J20: {=IF(AND(TRIM(E20)="WO",TRIM(E21)="WO"),"",IF(TRIM(E21)="WO",C20,IF(TRIM(E20)="WO",C21,IF(SUMPRODUCT(--(E20:I20>E21:I21))>SUMPRODUCT(--(E21:I21>E20:I20)),C20,IF(SUMPRODUCT(--(E21:I21>E20:I20))>SUMPRODUCT(--(E20:I20>E21:I21)),C21,"")))))} -> 1
C21: 2 | D21: =D13 -> CLARISSA MORA JIMÉNEZ | E21: 6 | F21: 5
B22: 3 | C22: 2 | D22: =D13 -> CLARISSA MORA JIMÉNEZ | E22: 11 | F22: 11 | J22: {=IF(AND(TRIM(E22)="WO",TRIM(E23)="WO"),"",IF(TRIM(E23)="WO",C22,IF(TRIM(E22)="WO",C23,IF(SUMPRODUCT(--(E22:I22>E23:I23))>SUMPRODUCT(--(E23:I23>E22:I22)),C22,IF(SUMPRODUCT(--(E23:I23>E22:I22))>SUMPRODUCT(--(E22:I22>E23:I23)),C23,"")))))} -> 2
C23: 3 | D23: =D14 -> KENYA DEL VALLE ARAO | E23: 1 | F23: 3
C32: Clasificados (# de carne) | F32: Revisión de Camisas y Raquetas
C33: Carnet | D33: Nombre | F33: Revisión de nombres y resultados
C34: 4183 | D34: =IF(ISBLANK(C34),"",VLOOKUP(C34,Inscripciones!$B$5:$F$200,2,FALSE)) -> MONSERRAT RODRÍGUEZ SOLÍS | F34: Árbitro
C35: 4275 | D35: =IF(ISBLANK(C35),"",VLOOKUP(C35,Inscripciones!$B$5:$F$200,2,FALSE)) -> CLARISSA MORA JIMÉNEZ | F35: Marque si hay informe

Sheet Grupo 9
B2: #VALUE!
L5: En Caso de ocupar 3 de 5, mostrar columnas H - I En caso de 2 de 2, ocultarlas. | O5: Todo | P5: Imprimir
O6: Par | P6: Todo
G7: Fecha: | J7: =TODAY() -> 46288 | O7: Impar
B9: Categoría: | D9: =Inscripciones!B2 -> U13 FEMENINO | E9: Grupo nº | F9: 9 | G9: Mesa nº
B11: Orden | C11: Carné | D11: Jugadores | E11: Lugar | F11: Ranking | G11: Puntos
A12: =$F$9+0.1 -> 9.1 | B12: 1 | C12: =VLOOKUP(A12,Inscripciones!$A$5:$G$167,2,FALSE) -> 4191 | D12: =IF(ISBLANK(C12),"",VLOOKUP(C12,Inscripciones!$B$7:$F$200,2,FALSE)) -> ISABELA CHACÓN ALVARADO | E12: =IF(ISBLANK(C12),"",VLOOKUP(C12,Inscripciones!$B$7:$F$200,3,FALSE)) -> CCDR SAN JOSÉ | F12: =IF(ISBLANK(C12),"",VLOOKUP(C12,Inscripciones!$B$7:$F$200,4,FALSE)) -> 9 | G12: =IF(ISBLANK(C12),"",VLOOKUP(C12,Inscripciones!$B$7:$F$200,5,FALSE)) -> 571
A13: =$F$9+0.2 -> 9.2 | B13: 2 | C13: =VLOOKUP(A13,Inscripciones!$A$5:$G$167,2,FALSE) -> 3828 | D13: =IF(ISBLANK(C13),"",VLOOKUP(C13,Inscripciones!$B$7:$F$200,2,FALSE)) -> AMANDA CHEN CEN | E13: =IF(ISBLANK(C13),"",VLOOKUP(C13,Inscripciones!$B$7:$F$200,3,FALSE)) -> ESCAZÚ | F13: =IF(ISBLANK(C13),"",VLOOKUP(C13,Inscripciones!$B$7:$F$200,4,FALSE)) -> 13 | G13: =IF(ISBLANK(C13),"",VLOOKUP(C13,Inscripciones!$B$7:$F$200,5,FALSE)) -> 527
A14: =$F$9+0.3 -> 9.3 | B14: 3 | C14: =VLOOKUP(A14,Inscripciones!$A$5:$G$167,2,FALSE) -> 4470 | D14: =IF(ISBLANK(C14),"",VLOOKUP(C14,Inscripciones!$B$7:$F$200,2,FALSE)) -> MARIPAZ VALVERDE VARELA | E14: =IF(ISBLANK(C14),"",VLOOKUP(C14,Inscripciones!$B$7:$F$200,3,FALSE)) -> ESPARZA | F14: =IF(ISBLANK(C14),"",VLOOKUP(C14,Inscripciones!$B$7:$F$200,4,FALSE)) -> 31 | G14: =IF(ISBLANK(C14),"",VLOOKUP(C14,Inscripciones!$B$7:$F$200,5,FALSE)) -> 466
A15: =$F$9+0.4 -> 9.4 | B15: 4 | C15: =VLOOKUP(A15,Inscripciones!$A$5:$G$167,2,FALSE) -> 4433 | D15: =IF(ISBLANK(C15),"",VLOOKUP(C15,Inscripciones!$B$7:$F$200,2,FALSE)) -> PAULA ALFARO MORA | E15: =IF(ISBLANK(C15),"",VLOOKUP(C15,Inscripciones!$B$7:$F$200,3,FALSE)) -> ASERRÍ | F15: =IF(ISBLANK(C15),"",VLOOKUP(C15,Inscripciones!$B$7:$F$200,4,FALSE)) -> 32 | G15: =IF(ISBLANK(C15),"",VLOOKUP(C15,Inscripciones!$B$7:$F$200,5,FALSE)) -> 462
B17: Partida | C17: Nº | D17: JUGADOR | E17: 1º set | F17: 2º set | G17: 3º set | H17: 4º set | I17: 5º set | J17: Ganador
B18: 1 | C18: 1 | D18: =D12 -> ISABELA CHACÓN ALVARADO | E18: 7 | F18: 11 | G18: 11 | J18: {=IF(AND(TRIM(E18)="WO",TRIM(E19)="WO"),"",IF(TRIM(E19)="WO",C18,IF(TRIM(E18)="WO",C19,IF(SUMPRODUCT(--(E18:I18>E19:I19))>SUMPRODUCT(--(E19:I19>E18:I18)),C18,IF(SUMPRODUCT(--(E19:I19>E18:I18))>SUMPRODUCT(--(E18:I18>E19:I19)),C19,"")))))} -> 1
C19: 3 | D19: =D14 -> MARIPAZ VALVERDE VARELA | E19: 11 | F19: 7 | G19: 3
B20: 2 | C20: 4 | D20: =D15 -> PAULA ALFARO MORA | E20: wo | F20: wo | J20: {=IF(AND(TRIM(E20)="WO",TRIM(E21)="WO"),"",IF(TRIM(E21)="WO",C20,IF(TRIM(E20)="WO",C21,IF(SUMPRODUCT(--(E20:I20>E21:I21))>SUMPRODUCT(--(E21:I21>E20:I20)),C20,IF(SUMPRODUCT(--(E21:I21>E20:I20))>SUMPRODUCT(--(E20:I20>E21:I21)),C21,"")))))} -> 2
C21: 2 | D21: =D13 -> AMANDA CHEN CEN | E21: 11 | F21: 11
B22: 3 | C22: 1 | D22: =D12 -> ISABELA CHACÓN ALVARADO | E22: 7 | F22: 6 | J22: {=IF(AND(TRIM(E22)="WO",TRIM(E23)="WO"),"",IF(TRIM(E23)="WO",C22,IF(TRIM(E22)="WO",C23,IF(SUMPRODUCT(--(E22:I22>E23:I23))>SUMPRODUCT(--(E23:I23>E22:I22)),C22,IF(SUMPRODUCT(--(E23:I23>E22:I22))>SUMPRODUCT(--(E22:I22>E23:I23)),C23,"")))))} -> 2
C23: 2 | D23: =D13 -> AMANDA CHEN CEN | E23: 11 | F23: 11
B24: 4 | C24: 3 | D24: =D19 -> MARIPAZ VALVERDE VARELA | E24: 11 | F24: 11 | J24: {=IF(AND(TRIM(E24)="WO",TRIM(E25)="WO"),"",IF(TRIM(E25)="WO",C24,IF(TRIM(E24)="WO",C25,IF(SUMPRODUCT(--(E24:I24>E25:I25))>SUMPRODUCT(--(E25:I25>E24:I24)),C24,IF(SUMPRODUCT(--(E25:I25>E24:I24))>SUMPRODUCT(--(E24:I24>E25:I25)),C25,"")))))} -> 3
C25: 4 | D25: =D20 -> PAULA ALFARO MORA | E25: wo | F25: wo
B26: 5 | C26: 1 | D26: =D12 -> ISABELA CHACÓN ALVARADO | E26: 11 | F26: 11 | J26: {=IF(AND(TRIM(E26)="WO",TRIM(E27)="WO"),"",IF(TRIM(E27)="WO",C26,IF(TRIM(E26)="WO",C27,IF(SUMPRODUCT(--(E26:I26>E27:I27))>SUMPRODUCT(--(E27:I27>E26:I26)),C26,IF(SUMPRODUCT(--(E27:I27>E26:I26))>SUMPRODUCT(--(E26:I26>E27:I27)),C27,"")))))} -> 1
C27: 4 | D27: =D15 -> PAULA ALFARO MORA | E27: wo | F27: wo
B28: 6 | C28: 2 | D28: =D13 -> AMANDA CHEN CEN | E28: 11 | F28: 11 | J28: {=IF(AND(TRIM(E28)="WO",TRIM(E29)="WO"),"",IF(TRIM(E29)="WO",C28,IF(TRIM(E28)="WO",C29,IF(SUMPRODUCT(--(E28:I28>E29:I29))>SUMPRODUCT(--(E29:I29>E28:I28)),C28,IF(SUMPRODUCT(--(E29:I29>E28:I28))>SUMPRODUCT(--(E28:I28>E29:I29)),C29,"")))))} -> 2
C29: 3 | D29: =D24 -> MARIPAZ VALVERDE VARELA | E29: 4 | F29: 7
C32: Clasificados (# de carne) | F32: Revisión de Camisas y Raquetas
C33: Carnet | D33: Nombre | F33: Revisión de nombres y resultados
C34: 3828 | D34: =IF(ISBLANK(C34),"",VLOOKUP(C34,Inscripciones!$B$5:$F$200,2,FALSE)) -> AMANDA CHEN CEN | F34: Árbitro
C35: 4191 | D35: =IF(ISBLANK(C35),"",VLOOKUP(C35,Inscripciones!$B$5:$F$200,2,FALSE)) -> ISABELA CHACÓN ALVARADO | F35: Marque si hay informe

Sheet SORTEO 32
B2: #VALUE!
B6: SORTEO LLAVE U-13 FEMENINO
R8: PRIMEROS DE GRUPO
B9: 1ro G1 | C9: 1 | D9: =VLOOKUP(C9,$U$8:$W$313,2,FALSE) -> 4159 | E9: =IF(D9=0,0,VLOOKUP(D9,Inscripciones!$B$1:$K$159,2,FALSE)) -> MARÍA FERNANDA ZELEDÓN HERRERA | F9: =IF(D9=0,0,VLOOKUP(D9,Inscripciones!$B$1:$K$159,3,FALSE)) -> ESPARZA | P9: Gr | Q9: 1 | R9: {=INDIRECT("'Grupo " & Q9 & "'!C34")} -> 4159 | S9: =IF(ISBLANK(R9),"",VLOOKUP(R9,Inscripciones!$B$1:$K$159,2,FALSE)) -> MARÍA FERNANDA ZELEDÓN HERRERA | T9: =IF(ISBLANK(R9),"",VLOOKUP(R9,Inscripciones!$B$1:$K$159,3,FALSE)) -> ESPARZA | U9: 1 | V9: =R9 -> 4159 | W9: =IF(U9=0,0,IF(U9<17,"UP","DO")) -> UP
B10: 2do | C10: 2 | D10: =VLOOKUP(C10,$U$8:$W$313,2,FALSE) -> X | E10: =IF(D10=0,0,VLOOKUP(D10,Inscripciones!$B$1:$K$159,2,FALSE)) -> BYE | F10: =IF(D10=0,0,VLOOKUP(D10,Inscripciones!$B$1:$K$159,3,FALSE)) -> BYE | P10: Gr | Q10: 2 | R10: {=INDIRECT("'Grupo " & Q10 & "'!C34")} -> 4101 | S10: =IF(ISBLANK(R10),"",VLOOKUP(R10,Inscripciones!$B$1:$K$159,2,FALSE)) -> ABIGAIL QUIROS BALTODANO | T10: =IF(ISBLANK(R10),"",VLOOKUP(R10,Inscripciones!$B$1:$K$159,3,FALSE)) -> ESPARZA | U10: 32 | V10: =R10 -> 4101 | W10: =IF(U10=0,0,IF(U10<17,"UP","DO")) -> DO
B11: 2do | C11: 3 | D11: =VLOOKUP(C11,$U$8:$W$313,2,FALSE) -> X | E11: =IF(D11=0,0,VLOOKUP(D11,Inscripciones!$B$1:$K$159,2,FALSE)) -> BYE | F11: =IF(D11=0,0,VLOOKUP(D11,Inscripciones!$B$1:$K$159,3,FALSE)) -> BYE | P11: Gr | Q11: 3 | R11: {=INDIRECT("'Grupo " & Q11 & "'!C34")} -> 3918 | S11: =IF(ISBLANK(R11),"",VLOOKUP(R11,Inscripciones!$B$1:$K$159,2,FALSE)) -> MARIANA SOTO CALDERON | T11: =IF(ISBLANK(R11),"",VLOOKUP(R11,Inscripciones!$B$1:$K$159,3,FALSE)) -> ESPARZA | U11: 17 | V11: =R11 -> 3918 | W11: =IF(U11=0,0,IF(U11<17,"UP","DO")) -> DO
B12: 1ro G9-16 | C12: 4 | D12: =VLOOKUP(C12,$U$8:$W$313,2,FALSE) -> 4191 | E12: =IF(D12=0,0,VLOOKUP(D12,Inscripciones!$B$1:$K$159,2,FALSE)) -> ISABELA CHACÓN ALVARADO | F12: =IF(D12=0,0,VLOOKUP(D12,Inscripciones!$B$1:$K$159,3,FALSE)) -> CCDR SAN JOSÉ | P12: Gr | Q12: 4 | R12: {=INDIRECT("'Grupo " & Q12 & "'!C34")} -> 4176 | S12: =IF(ISBLANK(R12),"",VLOOKUP(R12,Inscripciones!$B$1:$K$159,2,FALSE)) -> LÍA SOFÍA SOLÍS VÁSQUEZ | T12: =IF(ISBLANK(R12),"",VLOOKUP(R12,Inscripciones!$B$1:$K$159,3,FALSE)) -> ESPARZA | U12: 16 | V12: =R12 -> 4176 | W12: =IF(U12=0,0,IF(U12<17,"UP","DO")) -> UP
B13: 1ro G9-16 | C13: 5 | D13: =VLOOKUP(C13,$U$8:$W$313,2,FALSE) -> 3912 | E13: =IF(D13=0,0,VLOOKUP(D13,Inscripciones!$B$1:$K$159,2,FALSE)) -> AMBAR PADILLA GRANADOS | F13: =IF(D13=0,0,VLOOKUP(D13,Inscripciones!$B$1:$K$159,3,FALSE)) -> PÉREZ ZELEDÓN | P13: Gr | Q13: 5 | R13: {=INDIRECT("'Grupo " & Q13 & "'!C34")} -> 4274 | S13: =IF(ISBLANK(R13),"",VLOOKUP(R13,Inscripciones!$B$1:$K$159,2,FALSE)) -> MARÍA PAULA HERNÁNDEZ ZÚÑIGA | T13: =IF(ISBLANK(R13),"",VLOOKUP(R13,Inscripciones!$B$1:$K$159,3,FALSE)) -> ESCAZÚ | U13: 9 | V13: =R13 -> 4274 | W13: =IF(U13=0,0,IF(U13<17,"UP","DO")) -> UP
B14: 2do | C14: 6 | D14: =VLOOKUP(C14,$U$8:$W$313,2,FALSE) -> 4275 | E14: =IF(D14=0,0,VLOOKUP(D14,Inscripciones!$B$1:$K$159,2,FALSE)) -> CLARISSA MORA JIMÉNEZ | F14: =IF(D14=0,0,VLOOKUP(D14,Inscripciones!$B$1:$K$159,3,FALSE)) -> ESPARZA | P14: Gr | Q14: 6 | R14: {=INDIRECT("'Grupo " & Q14 & "'!C34")} -> 4273 | S14: =IF(ISBLANK(R14),"",VLOOKUP(R14,Inscripciones!$B$1:$K$159,2,FALSE)) -> JAQUELINE HERNÁNDEZ ZUÑIGA | T14: =IF(ISBLANK(R14),"",VLOOKUP(R14,Inscripciones!$B$1:$K$159,3,FALSE)) -> ESCAZÚ | U14: 25 | V14: =R14 -> 4273 | W14: =IF(U14=0,0,IF(U14<17,"UP","DO")) -> DO
B15: 2do | C15: 7 | D15: =VLOOKUP(C15,$U$8:$W$313,2,FALSE) -> X | E15: =IF(D15=0,0,VLOOKUP(D15,Inscripciones!$B$1:$K$159,2,FALSE)) -> BYE | F15: =IF(D15=0,0,VLOOKUP(D15,Inscripciones!$B$1:$K$159,3,FALSE)) -> BYE | P15: Gr | Q15: 7 | R15: {=INDIRECT("'Grupo " & Q15 & "'!C34")} -> 4100 | S15: =IF(ISBLANK(R15),"",VLOOKUP(R15,Inscripciones!$B$1:$K$159,2,FALSE)) -> BRENDA HERRERA RIVAS | T15: =IF(ISBLANK(R15),"",VLOOKUP(R15,Inscripciones!$B$1:$K$159,3,FALSE)) -> ESPARZA | U15: 8 | V15: =R15 -> 4100 | W15: =IF(U15=0,0,IF(U15<17,"UP","DO")) -> UP
A16: 24 | B16: 1ro G5-8 | C16: 8 | D16: =VLOOKUP(C16,$U$8:$W$313,2,FALSE) -> 4100 | E16: =IF(D16=0,0,VLOOKUP(D16,Inscripciones!$B$1:$K$159,2,FALSE)) -> BRENDA HERRERA RIVAS | F16: =IF(D16=0,0,VLOOKUP(D16,Inscripciones!$B$1:$K$159,3,FALSE)) -> ESPARZA | P16: Gr | Q16: 8 | R16: {=INDIRECT("'Grupo " & Q16 & "'!C34")} -> 4183 | S16: =IF(ISBLANK(R16),"",VLOOKUP(R16,Inscripciones!$B$1:$K$159,2,FALSE)) -> MONSERRAT RODRÍGUEZ SOLÍS | T16: =IF(ISBLANK(R16),"",VLOOKUP(R16,Inscripciones!$B$1:$K$159,3,FALSE)) -> SAN CARLOS | U16: 24 | V16: =R16 -> 4183 | W16: =IF(U16=0,0,IF(U16<17,"UP","DO")) -> DO
B17: 1ro G5-8 | C17: 9 | D17: =VLOOKUP(C17,$U$8:$W$313,2,FALSE) -> 4274 | E17: =IF(D17=0,0,VLOOKUP(D17,Inscripciones!$B$1:$K$159,2,FALSE)) -> MARÍA PAULA HERNÁNDEZ ZÚÑIGA | F17: =IF(D17=0,0,VLOOKUP(D17,Inscripciones!$B$1:$K$159,3,FALSE)) -> ESCAZÚ | P17: Gr | Q17: 9 | R17: {=INDIRECT("'Grupo " & Q17 & "'!C34")} -> 3828 | S17: =IF(ISBLANK(R17),"",VLOOKUP(R17,Inscripciones!$B$1:$K$159,2,FALSE)) -> AMANDA CHEN CEN | T17: =IF(ISBLANK(R17),"",VLOOKUP(R17,Inscripciones!$B$1:$K$159,3,FALSE)) -> ESCAZÚ | U17: 29 | V17: =R17 -> 3828 | W17: =IF(U17=0,0,IF(U17<17,"UP","DO")) -> DO
B18: 2do | C18: 10 | D18: =VLOOKUP(C18,$U$8:$W$313,2,FALSE) -> X | E18: =IF(D18=0,0,VLOOKUP(D18,Inscripciones!$B$1:$K$159,2,FALSE)) -> BYE | F18: =IF(D18=0,0,VLOOKUP(D18,Inscripciones!$B$1:$K$159,3,FALSE)) -> BYE | P18: Gr | Q18: 10 | R18: X | S18: =IF(ISBLANK(R18),"",VLOOKUP(R18,Inscripciones!$B$1:$K$159,2,FALSE)) -> BYE | T18: =IF(ISBLANK(R18),"",VLOOKUP(R18,Inscripciones!$B$1:$K$159,3,FALSE)) -> BYE | U18: 30 | V18: =R18 -> X | W18: =IF(U18=0,0,IF(U18<17,"UP","DO")) -> DO
B19: 2do | C19: 11 | D19: =VLOOKUP(C19,$U$8:$W$313,2,FALSE) -> X | E19: =IF(D19=0,0,VLOOKUP(D19,Inscripciones!$B$1:$K$159,2,FALSE)) -> BYE | F19: =IF(D19=0,0,VLOOKUP(D19,Inscripciones!$B$1:$K$159,3,FALSE)) -> BYE | P19: Gr | Q19: 11 | R19: X | S19: =IF(ISBLANK(R19),"",VLOOKUP(R19,Inscripciones!$B$1:$K$159,2,FALSE)) -> BYE | T19: =IF(ISBLANK(R19),"",VLOOKUP(R19,Inscripciones!$B$1:$K$159,3,FALSE)) -> BYE | U19: 7 | V19: =R19 -> X | W19: =IF(U19=0,0,IF(U19<17,"UP","DO")) -> UP
B20: 1ro G9-16 | C20: 12 | D20: =VLOOKUP(C20,$U$8:$W$313,2,FALSE) -> 3907 | E20: =IF(D20=0,0,VLOOKUP(D20,Inscripciones!$B$1:$K$159,2,FALSE)) -> LUCIANA CASCANTE BARBOZA | F20: =IF(D20=0,0,VLOOKUP(D20,Inscripciones!$B$1:$K$159,3,FALSE)) -> ASERRÍ | P20: Gr | Q20: 12 | R20: X | S20: =IF(ISBLANK(R20),"",VLOOKUP(R20,Inscripciones!$B$1:$K$159,2,FALSE)) -> BYE | T20: =IF(ISBLANK(R20),"",VLOOKUP(R20,Inscripciones!$B$1:$K$159,3,FALSE)) -> BYE | U20: 10 | V20: =R20 -> X | W20: =IF(U20=0,0,IF(U20<17,"UP","DO")) -> UP
B21: 1ro G9-16 | C21: 13 | D21: =VLOOKUP(C21,$U$8:$W$313,2,FALSE) -> 4348 | E21: =IF(D21=0,0,VLOOKUP(D21,Inscripciones!$B$1:$K$159,2,FALSE)) -> AMANDA PEREZ CABEZAS | F21: =IF(D21=0,0,VLOOKUP(D21,Inscripciones!$B$1:$K$159,3,FALSE)) -> CORREDORES | P21: Gr | Q21: 13 | R21: X | S21: =IF(ISBLANK(R21),"",VLOOKUP(R21,Inscripciones!$B$1:$K$159,2,FALSE)) -> BYE | T21: =IF(ISBLANK(R21),"",VLOOKUP(R21,Inscripciones!$B$1:$K$159,3,FALSE)) -> BYE | U21: 15 | V21: =R21 -> X | W21: =IF(U21=0,0,IF(U21<17,"UP","DO")) -> UP
B22: 2do | C22: 14 | D22: =VLOOKUP(C22,$U$8:$W$313,2,FALSE) -> X | E22: =IF(D22=0,0,VLOOKUP(D22,Inscripciones!$B$1:$K$159,2,FALSE)) -> BYE | F22: =IF(D22=0,0,VLOOKUP(D22,Inscripciones!$B$1:$K$159,3,FALSE)) -> BYE | P22: Gr | Q22: 14 | R22: X | S22: =IF(ISBLANK(R22),"",VLOOKUP(R22,Inscripciones!$B$1:$K$159,2,FALSE)) -> BYE | T22: =IF(ISBLANK(R22),"",VLOOKUP(R22,Inscripciones!$B$1:$K$159,3,FALSE)) -> BYE | U22: 18 | V22: =R22 -> X | W22: =IF(U22=0,0,IF(U22<17,"UP","DO")) -> DO
B23: 2do | C23: 15 | D23: =VLOOKUP(C23,$U$8:$W$313,2,FALSE) -> X | E23: =IF(D23=0,0,VLOOKUP(D23,Inscripciones!$B$1:$K$159,2,FALSE)) -> BYE | F23: =IF(D23=0,0,VLOOKUP(D23,Inscripciones!$B$1:$K$159,3,FALSE)) -> BYE | P23: Gr | Q23: 15 | R23: X | S23: =IF(ISBLANK(R23),"",VLOOKUP(R23,Inscripciones!$B$1:$K$159,2,FALSE)) -> BYE | T23: =IF(ISBLANK(R23),"",VLOOKUP(R23,Inscripciones!$B$1:$K$159,3,FALSE)) -> BYE | U23: 23 | V23: =R23 -> X | W23: =IF(U23=0,0,IF(U23<17,"UP","DO")) -> DO
B24: 1ro G3-4 | C24: 16 | D24: =VLOOKUP(C24,$U$8:$W$313,2,FALSE) -> 4176 | E24: =IF(D24=0,0,VLOOKUP(D24,Inscripciones!$B$1:$K$159,2,FALSE)) -> LÍA SOFÍA SOLÍS VÁSQUEZ | F24: =IF(D24=0,0,VLOOKUP(D24,Inscripciones!$B$1:$K$159,3,FALSE)) -> ESPARZA | P24: Gr | Q24: 16 | R24: X | S24: =IF(ISBLANK(R24),"",VLOOKUP(R24,Inscripciones!$B$1:$K$159,2,FALSE)) -> BYE | T24: =IF(ISBLANK(R24),"",VLOOKUP(R24,Inscripciones!$B$1:$K$159,3,FALSE)) -> BYE | U24: 26 | V24: =R24 -> X | W24: =IF(U24=0,0,IF(U24<17,"UP","DO")) -> DO
B25: 1ro G3-4 | C25: 17 | D25: =VLOOKUP(C25,$U$8:$W$313,2,FALSE) -> 3918 | E25: =IF(D25=0,0,VLOOKUP(D25,Inscripciones!$B$1:$K$159,2,FALSE)) -> MARIANA SOTO CALDERON | F25: =IF(D25=0,0,VLOOKUP(D25,Inscripciones!$B$1:$K$159,3,FALSE)) -> ESPARZA | R25: SEGUNDOS DE GRUPO
B26: 2do | C26: 18 | D26: =VLOOKUP(C26,$U$8:$W$313,2,FALSE) -> X | E26: =IF(D26=0,0,VLOOKUP(D26,Inscripciones!$B$1:$K$159,2,FALSE)) -> BYE | F26: =IF(D26=0,0,VLOOKUP(D26,Inscripciones!$B$1:$K$159,3,FALSE)) -> BYE | P26: Gr | Q26: 1 | R26: {=INDIRECT("'Grupo " & Q9 & "'!C35")} -> 4276 | S26: =IF(ISBLANK(R26),"",VLOOKUP(R26,Inscripciones!$B$1:$K$159,2,FALSE)) -> SILOÉ MUÑOZ CÓRDOBA | T26: =IF(ISBLANK(R26),"",VLOOKUP(R26,Inscripciones!$B$1:$K$159,3,FALSE)) -> ESPARZA | U26: 21 | V26: =R26 -> 4276 | W26: =IF(W9="","",IF(W9="UP","DO",IF(W9="DO","UP",""))) -> DO
B27: 2do | C27: 19 | D27: =VLOOKUP(C27,$U$8:$W$313,2,FALSE) -> X | E27: =IF(D27=0,0,VLOOKUP(D27,Inscripciones!$B$1:$K$159,2,FALSE)) -> BYE | F27: =IF(D27=0,0,VLOOKUP(D27,Inscripciones!$B$1:$K$159,3,FALSE)) -> BYE | P27: Gr | Q27: 2 | R27: {=INDIRECT("'Grupo " & Q10 & "'!C35")} -> 4348 | S27: =IF(ISBLANK(R27),"",VLOOKUP(R27,Inscripciones!$B$1:$K$159,2,FALSE)) -> AMANDA PEREZ CABEZAS | T27: =IF(ISBLANK(R27),"",VLOOKUP(R27,Inscripciones!$B$1:$K$159,3,FALSE)) -> CORREDORES | U27: 13 | V27: =R27 -> 4348 | W27: =IF(W10="","",IF(W10="UP","DO",IF(W10="DO","UP",""))) -> UP
B28: 1ro G9-16 | C28: 20 | D28: =VLOOKUP(C28,$U$8:$W$313,2,FALSE) -> 4673 | E28: =IF(D28=0,0,VLOOKUP(D28,Inscripciones!$B$1:$K$159,2,FALSE)) -> ALINA CHACON RETANA | F28: =IF(D28=0,0,VLOOKUP(D28,Inscripciones!$B$1:$K$159,3,FALSE)) -> SAN CARLOS | P28: Gr | Q28: 3 | R28: {=INDIRECT("'Grupo " & Q11 & "'!C35")} -> 3907 | S28: =IF(ISBLANK(R28),"",VLOOKUP(R28,Inscripciones!$B$1:$K$159,2,FALSE)) -> LUCIANA CASCANTE BARBOZA | T28: =IF(ISBLANK(R28),"",VLOOKUP(R28,Inscripciones!$B$1:$K$159,3,FALSE)) -> ASERRÍ | U28: 12 | V28: =R28 -> 3907 | W28: =IF(W11="","",IF(W11="UP","DO",IF(W11="DO","UP",""))) -> UP
B29: 1ro G9-16 | C29: 21 | D29: =VLOOKUP(C29,$U$8:$W$313,2,FALSE) -> 4276 | E29: =IF(D29=0,0,VLOOKUP(D29,Inscripciones!$B$1:$K$159,2,FALSE)) -> SILOÉ MUÑOZ CÓRDOBA | F29: =IF(D29=0,0,VLOOKUP(D29,Inscripciones!$B$1:$K$159,3,FALSE)) -> ESPARZA | P29: Gr | Q29: 4 | R29: {=INDIRECT("'Grupo " & Q12 & "'!C35")} -> 4212 | S29: =IF(ISBLANK(R29),"",VLOOKUP(R29,Inscripciones!$B$1:$K$159,2,FALSE)) -> FIORELLA RETANA AGUILAR | T29: =IF(ISBLANK(R29),"",VLOOKUP(R29,Inscripciones!$B$1:$K$159,3,FALSE)) -> CURRIDABAT | U29: 27 | V29: =R29 -> 4212 | W29: =IF(W12="","",IF(W12="UP","DO",IF(W12="DO","UP",""))) -> DO
B30: 2do | C30: 22 | D30: =VLOOKUP(C30,$U$8:$W$313,2,FALSE) -> X | E30: =IF(D30=0,0,VLOOKUP(D30,Inscripciones!$B$1:$K$159,2,FALSE)) -> BYE | F30: =IF(D30=0,0,VLOOKUP(D30,Inscripciones!$B$1:$K$159,3,FALSE)) -> BYE | P30: Gr | Q30: 5 | R30: {=INDIRECT("'Grupo " & Q13 & "'!C35")} -> 4673 | S30: =IF(ISBLANK(R30),"",VLOOKUP(R30,Inscripciones!$B$1:$K$159,2,FALSE)) -> ALINA CHACON RETANA | T30: =IF(ISBLANK(R30),"",VLOOKUP(R30,Inscripciones!$B$1:$K$159,3,FALSE)) -> SAN CARLOS | U30: 20 | V30: =R30 -> 4673 | W30: =IF(W13="","",IF(W13="UP","DO",IF(W13="DO","UP",""))) -> DO
B31: 2do | C31: 23 | D31: =VLOOKUP(C31,$U$8:$W$313,2,FALSE) -> X | E31: =IF(D31=0,0,VLOOKUP(D31,Inscripciones!$B$1:$K$159,2,FALSE)) -> BYE | F31: =IF(D31=0,0,VLOOKUP(D31,Inscripciones!$B$1:$K$159,3,FALSE)) -> BYE | P31: Gr | Q31: 6 | R31: {=INDIRECT("'Grupo " & Q14 & "'!C35")} -> 3912 | S31: =IF(ISBLANK(R31),"",VLOOKUP(R31,Inscripciones!$B$1:$K$159,2,FALSE)) -> AMBAR PADILLA GRANADOS | T31: =IF(ISBLANK(R31),"",VLOOKUP(R31,Inscripciones!$B$1:$K$159,3,FALSE)) -> PÉREZ ZELEDÓN | U31: 5 | V31: =R31 -> 3912 | W31: =IF(W14="","",IF(W14="UP","DO",IF(W14="DO","UP",""))) -> UP
B32: 1ro G5-8 | C32: 24 | D32: =VLOOKUP(C32,$U$8:$W$313,2,FALSE) -> 4183 | E32: =IF(D32=0,0,VLOOKUP(D32,Inscripciones!$B$1:$K$159,2,FALSE)) -> MONSERRAT RODRÍGUEZ SOLÍS | F32: =IF(D32=0,0,VLOOKUP(D32,Inscripciones!$B$1:$K$159,3,FALSE)) -> SAN CARLOS | P32: Gr | Q32: 7 | R32: {=INDIRECT("'Grupo " & Q15 & "'!C35")} -> 4104 | S32: =IF(ISBLANK(R32),"",VLOOKUP(R32,Inscripciones!$B$1:$K$159,2,FALSE)) -> ARIANA SANCHEZ DELGADO | T32: =IF(ISBLANK(R32),"",VLOOKUP(R32,Inscripciones!$B$1:$K$159,3,FALSE)) -> ESCAZÚ | U32: 28 | V32: =R32 -> 4104 | W32: =IF(W15="","",IF(W15="UP","DO",IF(W15="DO","UP",""))) -> DO
B33: 1ro G5-8 | C33: 25 | D33: =VLOOKUP(C33,$U$8:$W$313,2,FALSE) -> 4273 | E33: =IF(D33=0,0,VLOOKUP(D33,Inscripciones!$B$1:$K$159,2,FALSE)) -> JAQUELINE HERNÁNDEZ ZUÑIGA | F33: =IF(D33=0,0,VLOOKUP(D33,Inscripciones!$B$1:$K$159,3,FALSE)) -> ESCAZÚ | P33: Gr | Q33: 8 | R33: {=INDIRECT("'Grupo " & Q16 & "'!C35")} -> 4275 | S33: =IF(ISBLANK(R33),"",VLOOKUP(R33,Inscripciones!$B$1:$K$159,2,FALSE)) -> CLARISSA MORA JIMÉNEZ | T33: =IF(ISBLANK(R33),"",VLOOKUP(R33,Inscripciones!$B$1:$K$159,3,FALSE)) -> ESPARZA | U33: 6 | V33: =R33 -> 4275 | W33: =IF(W16="","",IF(W16="UP","DO",IF(W16="DO","UP",""))) -> UP
B34: 2do | C34: 26 | D34: =VLOOKUP(C34,$U$8:$W$313,2,FALSE) -> X | E34: =IF(D34=0,0,VLOOKUP(D34,Inscripciones!$B$1:$K$159,2,FALSE)) -> BYE | F34: =IF(D34=0,0,VLOOKUP(D34,Inscripciones!$B$1:$K$159,3,FALSE)) -> BYE | P34: Gr | Q34: 9 | R34: {=INDIRECT("'Grupo " & Q17 & "'!C35")} -> 4191 | S34: =IF(ISBLANK(R34),"",VLOOKUP(R34,Inscripciones!$B$1:$K$159,2,FALSE)) -> ISABELA CHACÓN ALVARADO | T34: =IF(ISBLANK(R34),"",VLOOKUP(R34,Inscripciones!$B$1:$K$159,3,FALSE)) -> CCDR SAN JOSÉ | U34: 4 | V34: =R34 -> 4191 | W34: =IF(W17="","",IF(W17="UP","DO",IF(W17="DO","UP",""))) -> UP
B35: 2do | C35: 27 | D35: =VLOOKUP(C35,$U$8:$W$313,2,FALSE) -> 4212 | E35: =IF(D35=0,0,VLOOKUP(D35,Inscripciones!$B$1:$K$159,2,FALSE)) -> FIORELLA RETANA AGUILAR | F35: =IF(D35=0,0,VLOOKUP(D35,Inscripciones!$B$1:$K$159,3,FALSE)) -> CURRIDABAT | P35: Gr | Q35: 10 | R35: X | S35: =IF(ISBLANK(R35),"",VLOOKUP(R35,Inscripciones!$B$1:$K$159,2,FALSE)) -> BYE | T35: =IF(ISBLANK(R35),"",VLOOKUP(R35,Inscripciones!$B$1:$K$159,3,FALSE)) -> BYE | U35: 2 | V35: =R35 -> X | W35: =IF(W18="","",IF(W18="UP","DO",IF(W18="DO","UP",""))) -> UP
B36: 1ro G9-16 | C36: 28 | D36: =VLOOKUP(C36,$U$8:$W$313,2,FALSE) -> 4104 | E36: =IF(D36=0,0,VLOOKUP(D36,Inscripciones!$B$1:$K$159,2,FALSE)) -> ARIANA SANCHEZ DELGADO | F36: =IF(D36=0,0,VLOOKUP(D36,Inscripciones!$B$1:$K$159,3,FALSE)) -> ESCAZÚ | P36: Gr | Q36: 11 | R36: X | S36: =IF(ISBLANK(R36),"",VLOOKUP(R36,Inscripciones!$B$1:$K$159,2,FALSE)) -> BYE | T36: =IF(ISBLANK(R36),"",VLOOKUP(R36,Inscripciones!$B$1:$K$159,3,FALSE)) -> BYE | U36: 31 | V36: =R36 -> X | W36: =IF(W19="","",IF(W19="UP","DO",IF(W19="DO","UP",""))) -> DO
B37: 1ro G9-16 | C37: 29 | D37: =VLOOKUP(C37,$U$8:$W$313,2,FALSE) -> 3828 | E37: =IF(D37=0,0,VLOOKUP(D37,Inscripciones!$B$1:$K$159,2,FALSE)) -> AMANDA CHEN CEN | F37: =IF(D37=0,0,VLOOKUP(D37,Inscripciones!$B$1:$K$159,3,FALSE)) -> ESCAZÚ | P37: Gr | Q37: 12 | R37: X | S37: =IF(ISBLANK(R37),"",VLOOKUP(R37,Inscripciones!$B$1:$K$159,2,FALSE)) -> BYE | T37: =IF(ISBLANK(R37),"",VLOOKUP(R37,Inscripciones!$B$1:$K$159,3,FALSE)) -> BYE | U37: 19 | V37: =R37 -> X | W37: =IF(W20="","",IF(W20="UP","DO",IF(W20="DO","UP",""))) -> DO
B38: 2do | C38: 30 | D38: =VLOOKUP(C38,$U$8:$W$313,2,FALSE) -> X | E38: =IF(D38=0,0,VLOOKUP(D38,Inscripciones!$B$1:$K$159,2,FALSE)) -> BYE | F38: =IF(D38=0,0,VLOOKUP(D38,Inscripciones!$B$1:$K$159,3,FALSE)) -> BYE | P38: Gr | Q38: 13 | R38: X | S38: =IF(ISBLANK(R38),"",VLOOKUP(R38,Inscripciones!$B$1:$K$159,2,FALSE)) -> BYE | T38: =IF(ISBLANK(R38),"",VLOOKUP(R38,Inscripciones!$B$1:$K$159,3,FALSE)) -> BYE | U38: 22 | V38: =R38 -> X | W38: =IF(W21="","",IF(W21="UP","DO",IF(W21="DO","UP",""))) -> DO
B39: 2do | C39: 31 | D39: =VLOOKUP(C39,$U$8:$W$313,2,FALSE) -> X | E39: =IF(D39=0,0,VLOOKUP(D39,Inscripciones!$B$1:$K$159,2,FALSE)) -> BYE | F39: =IF(D39=0,0,VLOOKUP(D39,Inscripciones!$B$1:$K$159,3,FALSE)) -> BYE | P39: Gr | Q39: 14 | R39: X | S39: =IF(ISBLANK(R39),"",VLOOKUP(R39,Inscripciones!$B$1:$K$159,2,FALSE)) -> BYE | T39: =IF(ISBLANK(R39),"",VLOOKUP(R39,Inscripciones!$B$1:$K$159,3,FALSE)) -> BYE | U39: 3 | V39: =R39 -> X | W39: =IF(W22="","",IF(W22="UP","DO",IF(W22="DO","UP",""))) -> UP
B40: 1ro G2 | C40: 32 | D40: =VLOOKUP(C40,$U$8:$W$313,2,FALSE) -> 4101 | E40: =IF(D40=0,0,VLOOKUP(D40,Inscripciones!$B$1:$K$159,2,FALSE)) -> ABIGAIL QUIROS BALTODANO | F40: =IF(D40=0,0,VLOOKUP(D40,Inscripciones!$B$1:$K$159,3,FALSE)) -> ESPARZA | P40: Gr | Q40: 15 | R40: X | S40: =IF(ISBLANK(R40),"",VLOOKUP(R40,Inscripciones!$B$1:$K$159,2,FALSE)) -> BYE | T40: =IF(ISBLANK(R40),"",VLOOKUP(R40,Inscripciones!$B$1:$K$159,3,FALSE)) -> BYE | U40: 11 | V40: =R40 -> X | W40: =IF(W23="","",IF(W23="UP","DO",IF(W23="DO","UP",""))) -> UP
P41: Gr | Q41: 16 | R41: X | S41: =IF(ISBLANK(R41),"",VLOOKUP(R41,Inscripciones!$B$1:$K$159,2,FALSE)) -> BYE | T41: =IF(ISBLANK(R41),"",VLOOKUP(R41,Inscripciones!$B$1:$K$159,3,FALSE)) -> BYE | U41: 14 | V41: =R41 -> X | W41: =IF(W24="","",IF(W24="UP","DO",IF(W24="DO","UP",""))) -> UP
U43: 1 | V43: -
U44: 2 | V44: -
U45: 3 | V45: -
U46: 4 | V46: -
U47: 5 | V47: -
U48: 6 | V48: -
U49: 7 | V49: -
U50: 8 | V50: -
U51: 9 | V51: -
U52: 10 | V52: -
U53: 11 | V53: -
U54: 12 | V54: -
... U74: 32 | V74: -
U75: - | V75: -
U76: 0 | V76: -

Sheet LLAVE 32
AV1: #VALUE!
AA2: 2 | AV2: =Inscripciones!$B$2 -> U13 FEMENINO
A3: Match | B3: Round | C3: Day | D3: Time | E3: T | G3: A | H3: B | I3: pla 1 | J3: Ass | K3: pla 2 | L3: Ass | AA3: G A | AB3: G X | AD3: Score | AE3: Games
A4: 1 | B4: 1/16 | C4: 28/Sep | F4: =C4&"-"&D4&"- Table"&E4 -> 28/Sep-- Table | G4: ='SORTEO 32'!D9 -> 4159 | H4: ='SORTEO 32'!D10 -> X | I4: =IF(G4=0,0,VLOOKUP(G4,Inscripciones!$B$1:$I$464,2,FALSE)) -> MARÍA FERNANDA ZELEDÓN HERRERA | J4: =IF(G4=0,0,VLOOKUP(G4,Inscripciones!$B$1:$L$364,3,FALSE)) -> ESPARZA | K4: =IF(I4=0,0,VLOOKUP(H4,Inscripciones!$B$1:$I$464,2,FALSE)) -> BYE | L4: =IF(I4=0,0,VLOOKUP(H4,Inscripciones!$B$1:$L$364,3,FALSE)) -> BYE | M4: 11 | N4: 0 | AA4: =IF(M4+N4<>0,SUM(AF4:AL4),"") -> 1 | AB4: =IF(M4+N4<>0,SUM(AF5:AL5),"") -> 0 | AC4: =IF(AA4>AB4,AD4&" "&AE4,IF(AB4>AA4,AD4&" "&AE5,"")) -> 1 - 0 (0) | AD4: =IF(AA4>AB4,AA4&" - "&AB4,IF(AB4>AA4,AB4&" - "&AA4,"")) -> 1 - 0 | AE4: =CONCATENATE("(",AM4,AN4,AO4,AP4,AQ4,AR4,AS4,")") -> (0) | AF4: =IF(M4>N4,1,0) -> 1 | AG4: =IF(O4>P4,1,0) -> 0 | AH4: =IF(Q4>R4,1,0) -> 0 | AI4: =IF(S4>T4,1,0) -> 0 | AJ4: =IF(U4>V4,1,0) -> 0 | AK4: =IF(W4>X4,1,0) -> 0 | AL4: =IF(Y4>Z4,1,0) -> 0 | AM4: =IF(M4>N4,N4,IF(N4>M4,-M4,"")) -> 0 | AN4: =IF(O4>P4,", "&P4,IF(P4>O4,", "&-O4,"")) | AO4: =IF(Q4>R4,", "&R4,IF(R4>Q4,", "&-Q4,"")) | AP4: =IF(S4>T4,", "&T4,IF(T4>S4,", "&-S4,"")) | AQ4: =IF(U4>V4,", "&V4,IF(V4>U4,", "&-U4,"")) | AR4: =IF(W4>X4,", "&X4,IF(X4>W4,", "&-W4,"")) | AS4: =IF(Y4>Z4,", "&Z4,IF(Z4>Y4,", "&-Y4,"")) | AU4: 1 | AV4: =VLOOKUP(AV5,$A$4:$L$83,7,FALSE) -> 4159 | AW4: =IF(AV4=0,0,VLOOKUP(AV4,Inscripciones!$B$1:$I$464,2,FALSE)) -> MARÍA FERNANDA ZELEDÓN HERRERA | AX4: =IF(AV4=0,0,VLOOKUP(AV4,Inscripciones!$B$1:$L$364,3,FALSE)) -> ESPARZA | AZ4: =VLOOKUP(AV5,$A$4:$AD$83,29,FALSE) -> 1 - 0 (0) | BL4: MATCH_ID | BM4: DAT | BN4: TIME | BO4: TABLE | BP4: EVT | BQ4: GRP | BR4: SEQ | BS4: P1ID_1 | BT4: P1ID_2 | BU4: P2ID_1 | BV4: P2ID_2 | BW4: WINNER ID | BY4: P1 | BZ4: P2 | CA4: EVENT | CB4: ROUND
I5: 0 | J5: 0 | K5: 0 | L5: 0 | AD5: =IF(AA4>AB4,AD4&" "&AE4,IF(AB4>AA4,AD4&" "&AE5,"")) -> 1 - 0 (0) | AE5: =CONCATENATE("(",AM5,AN5,AO5,AP5,AQ5,AR5,AS5,")") -> (0) | AF5: =IF(N4>M4,1,0) -> 0 | AG5: =IF(P4>O4,1,0) -> 0 | AH5: =IF(R4>Q4,1,0) -> 0 | AI5: =IF(T4>S4,1,0) -> 0 | AJ5: =IF(V4>U4,1,0) -> 0 | AK5: =IF(X4>W4,1,0) -> 0 | AL5: =IF(Z4>Y4,1,0) -> 0 | AM5: =IF(N4>M4,M4,IF(M4>N4,-N4,"")) -> 0 | AN5: =IF(P4>O4,", "&O4,IF(O4>P4,", "&-P4,"")) | AO5: =IF(R4>Q4,", "&Q4,IF(Q4>R4,", "&-R4,"")) | AP5: =IF(T4>S4,", "&S4,IF(S4>T4,", "&-T4,"")) | AQ5: =IF(V4>U4,", "&U4,IF(U4>V4,", "&-V4,"")) | AR5: =IF(X4>W4,", "&W4,IF(W4>X4,", "&-X4,"")) | AS5: =IF(Z4>Y4,", "&Y4,IF(Y4>Z4,", "&-Z4,"")) | AV5: 1 | AW5: =VLOOKUP(AV5,$A$4:$L$83,6,FALSE) -> 28/Sep-- Table | AY5: =VLOOKUP(AY7,$A$4:$L$87,7,FALSE) -> 4159 | AZ5: =IF(AY5=0,0,VLOOKUP(AY5,Inscripciones!$B$1:$I$464,2,FALSE)) -> MARÍA FERNANDA ZELEDÓN HERRERA | BA5: =IF(AY5=0,0,VLOOKUP(AY5,Inscripciones!$B$1:$L$364,3,FALSE)) -> ESPARZA | BL5: 1 | BM5: =C4 -> 28/Sep | BN5: =D4 -> 0 | BO5: =E4 -> 0 | BP5: JBS | BR5: 1 | BS5: =VLOOKUP(BY6,Inscripciones!$B$1:$B$364,2,FALSE) -> #REF! | BU5: =VLOOKUP(BZ6,Inscripciones!$B$1:$B$364,2,FALSE) -> #REF! | BY5: =G4 -> 4159 | BZ5: =H4 -> X | CA5: =Inscripciones!$B$2 -> U13 FEMENINO | CB5: Ronda de 32 - 1
A6: 2 | B6: 1/16 | C6: 28/Sep | F6: =C6&"-"&D6&"- Table"&E6 -> 28/Sep-- Table | G6: ='SORTEO 32'!D11 -> X | H6: ='SORTEO 32'!D12 -> 4191 | I6: =IF(G6=0,0,VLOOKUP(G6,Inscripciones!$B$1:$I$464,2,FALSE)) -> BYE | J6: =IF(G6=0,0,VLOOKUP(G6,Inscripciones!$B$1:$L$364,3,FALSE)) -> BYE | K6: =IF(I6=0,0,VLOOKUP(H6,Inscripciones!$B$1:$I$464,2,FALSE)) -> ISABELA CHACÓN ALVARADO | L6: =IF(I6=0,0,VLOOKUP(H6,Inscripciones!$B$1:$L$364,3,FALSE)) -> CCDR SAN JOSÉ | M6: 0 | N6: 11 | AA6: =IF(M6+N6<>0,SUM(AF6:AL6),"") -> 0 | AB6: =IF(M6+N6<>0,SUM(AF7:AL7),"") -> 1 | AC6: =IF(AA6>AB6,AD6&" "&AE6,IF(AB6>AA6,AD6&" "&AE7,"")) -> 1 - 0 (0) | AD6: =IF(AA6>AB6,AA6&" - "&AB6,IF(AB6>AA6,AB6&" - "&AA6,"")) -> 1 - 0 | AE6: =CONCATENATE("(",AM6,AN6,AO6,AP6,AQ6,AR6,AS6,")") -> (0) | AF6: =IF(M6>N6,1,0) -> 0 | AG6: =IF(O6>P6,1,0) -> 0 | AH6: =IF(Q6>R6,1,0) -> 0 | AI6: =IF(S6>T6,1,0) -> 0 | AJ6: =IF(U6>V6,1,0) -> 0 | AK6: =IF(W6>X6,1,0) -> 0 | AL6: =IF(Y6>Z6,1,0) -> 0 | AM6: =IF(M6>N6,N6,IF(N6>M6,-M6,"")) -> 0 | AN6: =IF(O6>P6,", "&P6,IF(P6>O6,", "&-O6,"")) | AO6: =IF(Q6>R6,", "&R6,IF(R6>Q6,", "&-Q6,"")) | AP6: =IF(S6>T6,", "&T6,IF(T6>S6,", "&-S6,"")) | AQ6: =IF(U6>V6,", "&V6,IF(V6>U6,", "&-U6,"")) | AR6: =IF(W6>X6,", "&X6,IF(X6>W6,", "&-W6,"")) | AS6: =IF(Y6>Z6,", "&Z6,IF(Z6>Y6,", "&-Y6,"")) | AU6: =1+AU4 -> 2 | AV6: =VLOOKUP(AV5,$A$4:$L$83,8,FALSE) -> X | AW6: =IF(AV6=0,0,VLOOKUP(AV6,Inscripciones!$B$1:$I$464,2,FALSE)) -> BYE | AX6: =IF(AV6=0,0,VLOOKUP(AV6,Inscripciones!$B$1:$L$364,3,FALSE)) -> BYE | BC6: =VLOOKUP(AY7,$A$4:$AD$83,29,FALSE) -> 2 - 0 (8, 6) | BL6: =1+BL5 -> 2 | BM6: =C6 -> 28/Sep | BN6: =D6 -> 0 | BO6: =E6 -> 0 | BP6: JBS | BR6: 2 | BS6: =VLOOKUP(BY7,Inscripciones!$B$1:$B$364,2,FALSE) -> #REF! | BU6: =VLOOKUP(BZ7,Inscripciones!$B$1:$B$364,2,FALSE) -> #REF! | BY6: =G6 -> X | BZ6: =H6 -> 4191 | CA6: =Inscripciones!$B$2 -> U13 FEMENINO | CB6: Ronda de 32 - 2
I7: 0 | J7: 0 | K7: 0 | L7: 0 | AD7: =IF(AA6>AB6,AD6&" "&AE6,IF(AB6>AA6,AD6&" "&AE7,"")) -> 1 - 0 (0) | AE7: =CONCATENATE("(",AM7,AN7,AO7,AP7,AQ7,AR7,AS7,")") -> (0) | AF7: =IF(N6>M6,1,0) -> 1 | AG7: =IF(P6>O6,1,0) -> 0 | AH7: =IF(R6>Q6,1,0) -> 0 | AI7: =IF(T6>S6,1,0) -> 0 | AJ7: =IF(V6>U6,1,0) -> 0 | AK7: =IF(X6>W6,1,0) -> 0 | AL7: =IF(Z6>Y6,1,0) -> 0 | AM7: =IF(N6>M6,M6,IF(M6>N6,-N6,"")) -> 0 | AN7: =IF(P6>O6,", "&O6,IF(O6>P6,", "&-P6,"")) | AO7: =IF(R6>Q6,", "&Q6,IF(Q6>R6,", "&-R6,"")) | AP7: =IF(T6>S6,", "&S6,IF(S6>T6,", "&-T6,"")) | AQ7: =IF(V6>U6,", "&U6,IF(U6>V6,", "&-V6,"")) | AR7: =IF(X6>W6,", "&W6,IF(W6>X6,", "&-X6,"")) | AS7: =IF(Z6>Y6,", "&Y6,IF(Y6>Z6,", "&-Z6,"")) | AY7: 17 | AZ7: =VLOOKUP(AY7,$A$4:$L$83,6,FALSE) -> 28/Sep-- Table | BB7: =VLOOKUP(BB11,$A$4:$L$87,7,FALSE) -> 4159 | BC7: =IF(BB7=0,0,VLOOKUP(BB7,Inscripciones!$B$1:$I$464,2,FALSE)) -> MARÍA FERNANDA ZELEDÓN HERRERA | BD7: =IF(BB7=0,0,VLOOKUP(BB7,Inscripciones!$B$1:$L$364,3,FALSE)) -> ESPARZA | BL7: =1+BL6 -> 3 | BM7: =C8 -> 28/Sep | BN7: =D8 -> 0 | BO7: =E8 -> 0 | BP7: JBS | BR7: 3 | BS7: =VLOOKUP(BY8,Inscripciones!$B$1:$B$364,2,FALSE) -> #REF! | BU7: =VLOOKUP(BZ8,Inscripciones!$B$1:$B$364,2,FALSE) -> #REF! | BY7: =G8 -> 3912 | BZ7: =H8 -> 4275 | CA7: =Inscripciones!$B$2 -> U13 FEMENINO | CB7: Ronda de 32 - 3
A8: 3 | B8: 1/16 | C8: 28/Sep | F8: =C8&"-"&D8&"- Table"&E8 -> 28/Sep-- Table | G8: ='SORTEO 32'!D13 -> 3912 | H8: ='SORTEO 32'!D14 -> 4275 | I8: =IF(G8=0,0,VLOOKUP(G8,Inscripciones!$B$1:$I$464,2,FALSE)) -> AMBAR PADILLA GRANADOS | J8: =IF(G8=0,0,VLOOKUP(G8,Inscripciones!$B$1:$L$364,3,FALSE)) -> PÉREZ ZELEDÓN | K8: =IF(I8=0,0,VLOOKUP(H8,Inscripciones!$B$1:$I$464,2,FALSE)) -> CLARISSA MORA JIMÉNEZ | L8: =IF(I8=0,0,VLOOKUP(H8,Inscripciones!$B$1:$L$364,3,FALSE)) -> ESPARZA | M8: 12 | N8: 10 | O8: 11 | P8: 8 | AA8: =IF(M8+N8<>0,SUM(AF8:AL8),"") -> 2 | AB8: =IF(M8+N8<>0,SUM(AF9:AL9),"") -> 0 | AC8: =IF(AA8>AB8,AD8&" "&AE8,IF(AB8>AA8,AD8&" "&AE9,"")) -> 2 - 0 (10, 8) | AD8: =IF(AA8>AB8,AA8&" - "&AB8,IF(AB8>AA8,AB8&" - "&AA8,"")) -> 2 - 0 | AE8: =CONCATENATE("(",AM8,AN8,AO8,AP8,AQ8,AR8,AS8,")") -> (10, 8) | AF8: =IF(M8>N8,1,0) -> 1 | AG8: =IF(O8>P8,1,0) -> 1 | AH8: =IF(Q8>R8,1,0) -> 0 | AI8: =IF(S8>T8,1,0) -> 0 | AJ8: =IF(U8>V8,1,0) -> 0 | AK8: =IF(W8>X8,1,0) -> 0 | AL8: =IF(Y8>Z8,1,0) -> 0 | AM8: =IF(M8>N8,N8,IF(N8>M8,-M8,"")) -> 10 | AN8: =IF(O8>P8,", "&P8,IF(P8>O8,", "&-O8,"")) -> , 8 | AO8: =IF(Q8>R8,", "&R8,IF(R8>Q8,", "&-Q8,"")) | AP8: =IF(S8>T8,", "&T8,IF(T8>S8,", "&-S8,"")) | AQ8: =IF(U8>V8,", "&V8,IF(V8>U8,", "&-U8,"")) | AR8: =IF(W8>X8,", "&X8,IF(X8>W8,", "&-W8,"")) | AS8: =IF(Y8>Z8,", "&Z8,IF(Z8>Y8,", "&-Y8,"")) | AU8: =1+AU6 -> 3 | AV8: =VLOOKUP(AV9,$A$4:$L$83,7,FALSE) -> X | AW8: =IF(AV8=0,0,VLOOKUP(AV8,Inscripciones!$B$1:$I$464,2,FALSE)) -> BYE | AX8: =IF(AV8=0,0,VLOOKUP(AV8,Inscripciones!$B$1:$L$364,3,FALSE)) -> BYE | BL8: =1+BL7 -> 4 | BM8: =C10 -> 28/Sep | BN8: =D10 -> 0 | BO8: =E10 -> 0 | BP8: JBS | BR8: 4 | BS8: =VLOOKUP(BY9,Inscripciones!$B$1:$B$364,2,FALSE) -> #REF! | BU8: =VLOOKUP(BZ9,Inscripciones!$B$1:$B$364,2,FALSE) -> #REF! | BY8: =G10 -> X | BZ8: =H10 -> 4100 | CA8: =Inscripciones!$B$2 -> U13 FEMENINO | CB8: Ronda de 32 - 4
I9: 0 | J9: 0 | K9: 0 | L9: 0 | AD9: =IF(AA8>AB8,AD8&" "&AE8,IF(AB8>AA8,AD8&" "&AE9,"")) -> 2 - 0 (10, 8) | AE9: =CONCATENATE("(",AM9,AN9,AO9,AP9,AQ9,AR9,AS9,")") -> (-10, -8) | AF9: =IF(N8>M8,1,0) -> 0 | AG9: =IF(P8>O8,1,0) -> 0 | AH9: =IF(R8>Q8,1,0) -> 0 | AI9: =IF(T8>S8,1,0) -> 0 | AJ9: =IF(V8>U8,1,0) -> 0 | AK9: =IF(X8>W8,1,0) -> 0 | AL9: =IF(Z8>Y8,1,0) -> 0 | AM9: =IF(N8>M8,M8,IF(M8>N8,-N8,"")) -> -10 | AN9: =IF(P8>O8,", "&O8,IF(O8>P8,", "&-P8,"")) -> , -8 | AO9: =IF(R8>Q8,", "&Q8,IF(Q8>R8,", "&-R8,"")) | AP9: =IF(T8>S8,", "&S8,IF(S8>T8,", "&-T8,"")) | AQ9: =IF(V8>U8,", "&U8,IF(U8>V8,", "&-V8,"")) | AR9: =IF(X8>W8,", "&W8,IF(W8>X8,", "&-X8,"")) | AS9: =IF(Z8>Y8,", "&Y8,IF(Y8>Z8,", "&-Z8,"")) | AV9: 2 | AW9: =VLOOKUP(AV9,$A$4:$L$83,6,FALSE) -> 28/Sep-- Table | AY9: =VLOOKUP(AY7,$A$4:$L$87,8,FALSE) -> 4191 | AZ9: =IF(AY9=0,0,VLOOKUP(AY9,Inscripciones!$B$1:$I$464,2,FALSE)) -> ISABELA CHACÓN ALVARADO | BA9: =IF(AY9=0,0,VLOOKUP(AY9,Inscripciones!$B$1:$L$364,3,FALSE)) -> CCDR SAN JOSÉ | BL9: =1+BL8 -> 5 | BM9: =C12 -> 28/Sep | BN9: =D12 -> 0 | BO9: =E12 -> 0 | BP9: JBS | BR9: 5 | BS9: =VLOOKUP(BY10,Inscripciones!$B$1:$B$364,2,FALSE) -> #REF! | BU9: =VLOOKUP(BZ10,Inscripciones!$B$1:$B$364,2,FALSE) -> #REF! | BY9: =G12 -> 4274 | BZ9: =H12 -> X | CA9: =Inscripciones!$B$2 -> U13 FEMENINO | CB9: Ronda de 32 - 5
A10: 4 | B10: 1/16 | C10: 28/Sep | F10: =C10&"-"&D10&"- Table"&E10 -> 28/Sep-- Table | G10: ='SORTEO 32'!D15 -> X | H10: ='SORTEO 32'!D16 -> 4100 | I10: =IF(G10=0,0,VLOOKUP(G10,Inscripciones!$B$1:$I$464,2,FALSE)) -> BYE | J10: =IF(G10=0,0,VLOOKUP(G10,Inscripciones!$B$1:$L$364,3,FALSE)) -> BYE | K10: =IF(I10=0,0,VLOOKUP(H10,Inscripciones!$B$1:$I$464,2,FALSE)) -> BRENDA HERRERA RIVAS | L10: =IF(I10=0,0,VLOOKUP(H10,Inscripciones!$B$1:$L$364,3,FALSE)) -> ESPARZA | M10: 0 | N10: 11 | AA10: =IF(M10+N10<>0,SUM(AF10:AL10),"") -> 0 | AB10: =IF(M10+N10<>0,SUM(AF11:AL11),"") -> 1 | AC10: =IF(AA10>AB10,AD10&" "&AE10,IF(AB10>AA10,AD10&" "&AE11,"")) -> 1 - 0 (0) | AD10: =IF(AA10>AB10,AA10&" - "&AB10,IF(AB10>AA10,AB10&" - "&AA10,"")) -> 1 - 0 | AE10: =CONCATENATE("(",AM10,AN10,AO10,AP10,AQ10,AR10,AS10,")") -> (0) | AF10: =IF(M10>N10,1,0) -> 0 | AG10: =IF(O10>P10,1,0) -> 0 | AH10: =IF(Q10>R10,1,0) -> 0 | AI10: =IF(S10>T10,1,0) -> 0 | AJ10: =IF(U10>V10,1,0) -> 0 | AK10: =IF(W10>X10,1,0) -> 0 | AL10: =IF(Y10>Z10,1,0) -> 0 | AM10: =IF(M10>N10,N10,IF(N10>M10,-M10,"")) -> 0 | AN10: =IF(O10>P10,", "&P10,IF(P10>O10,", "&-O10,"")) | AO10: =IF(Q10>R10,", "&R10,IF(R10>Q10,", "&-Q10,"")) | AP10: =IF(S10>T10,", "&T10,IF(T10>S10,", "&-S10,"")) | AQ10: =IF(U10>V10,", "&V10,IF(V10>U10,", "&-U10,"")) | AR10: =IF(W10>X10,", "&X10,IF(X10>W10,", "&-W10,"")) | AS10: =IF(Y10>Z10,", "&Z10,IF(Z10>Y10,", "&-Y10,"")) | AU10: =1+AU8 -> 4 | AV10: =VLOOKUP(AV9,$A$4:$L$83,8,FALSE) -> 4191 | AW10: =IF(AV10=0,0,VLOOKUP(AV10,Inscripciones!$B$1:$I$464,2,FALSE)) -> ISABELA CHACÓN ALVARADO | AX10: =IF(AV10=0,0,VLOOKUP(AV10,Inscripciones!$B$1:$L$364,3,FALSE)) -> CCDR SAN JOSÉ | AZ10: =VLOOKUP(AV9,$A$4:$AD$87,29,FALSE) -> 1 - 0 (0) | BF10: =VLOOKUP(BB11,$A$4:$AD$83,29,FALSE) -> 2 - 0 (8, 8) | BL10: =1+BL9 -> 6 | BM10: =C14 -> 28/Sep | BN10: =D14 -> 0 | BO10: =E14 -> 0 | BP10: JBS | BR10: 6 | BS10: =VLOOKUP(BY11,Inscripciones!$B$1:$B$364,2,FALSE) -> #REF! | BU10: =VLOOKUP(BZ11,Inscripciones!$B$1:$B$364,2,FALSE) -> #REF! | BY10: =G14 -> X | BZ10: =H14 -> 3907 | CA10: =Inscripciones!$B$2 -> U13 FEMENINO | CB10: Ronda de 32 - 6
I11: 0 | J11: 0 | K11: 0 | L11: 0 | AD11: =IF(AA10>AB10,AD10&" "&AE10,IF(AB10>AA10,AD10&" "&AE11,"")) -> 1 - 0 (0) | AE11: =CONCATENATE("(",AM11,AN11,AO11,AP11,AQ11,AR11,AS11,")") -> (0) | AF11: =IF(N10>M10,1,0) -> 1 | AG11: =IF(P10>O10,1,0) -> 0 | AH11: =IF(R10>Q10,1,0) -> 0 | AI11: =IF(T10>S10,1,0) -> 0 | AJ11: =IF(V10>U10,1,0) -> 0 | AK11: =IF(X10>W10,1,0) -> 0 | AL11: =IF(Z10>Y10,1,0) -> 0 | AM11: =IF(N10>M10,M10,IF(M10>N10,-N10,"")) -> 0 | AN11: =IF(P10>O10,", "&O10,IF(O10>P10,", "&-P10,"")) | AO11: =IF(R10>Q10,", "&Q10,IF(Q10>R10,", "&-R10,"")) | AP11: =IF(T10>S10,", "&S10,IF(S10>T10,", "&-T10,"")) | AQ11: =IF(V10>U10,", "&U10,IF(U10>V10,", "&-V10,"")) | AR11: =IF(X10>W10,", "&W10,IF(W10>X10,", "&-X10,"")) | AS11: =IF(Z10>Y10,", "&Y10,IF(Y10>Z10,", "&-Z10,"")) | BB11: 25 | BC11: =VLOOKUP(BB11,$A$4:$L$83,6,FALSE) -> 28/Sep-- Table | BE11: =VLOOKUP(BE19,$A$4:$L$87,7,FALSE) -> 4159 | BF11: =IF(BE11=0,0,VLOOKUP(BE11,Inscripciones!$B$1:$I$464,2,FALSE)) -> MARÍA FERNANDA ZELEDÓN HERRERA | BG11: =IF(BE11=0,0,VLOOKUP(BE11,Inscripciones!$B$1:$L$364,3,FALSE)) -> ESPARZA | BL11: =1+BL10 -> 7 | BM11: =C16 -> 28/Sep | BN11: =D16 -> 0 | BO11: =E16 -> 0 | BP11: JBS | BR11: 7 | BS11: =VLOOKUP(BY12,Inscripciones!$B$1:$B$364,2,FALSE) -> #REF! | BU11: =VLOOKUP(BZ12,Inscripciones!$B$1:$B$364,2,FALSE) -> #REF! | BY11: =G16 -> 4348 | BZ11: =H16 -> X | CA11: =Inscripciones!$B$2 -> U13 FEMENINO | CB11: Ronda de 32 - 7
A12: 5 | B12: 1/16 | C12: 28/Sep | F12: =C12&"-"&D12&"- Table"&E12 -> 28/Sep-- Table | G12: ='SORTEO 32'!D17 -> 4274 | H12: ='SORTEO 32'!D18 -> X | I12: =IF(G12=0,0,VLOOKUP(G12,Inscripciones!$B$1:$I$464,2,FALSE)) -> MARÍA PAULA HERNÁNDEZ ZÚÑIGA | J12: =IF(G12=0,0,VLOOKUP(G12,Inscripciones!$B$1:$L$364,3,FALSE)) -> ESCAZÚ | K12: =IF(I12=0,0,VLOOKUP(H12,Inscripciones!$B$1:$I$464,2,FALSE)) -> BYE | L12: =IF(I12=0,0,VLOOKUP(H12,Inscripciones!$B$1:$L$364,3,FALSE)) -> BYE | M12: 11 | N12: 0 | AA12: =IF(M12+N12<>0,SUM(AF12:AL12),"") -> 1 | AB12: =IF(M12+N12<>0,SUM(AF13:AL13),"") -> 0 | AC12: =IF(AA12>AB12,AD12&" "&AE12,IF(AB12>AA12,AD12&" "&AE13,"")) -> 1 - 0 (0) | AD12: =IF(AA12>AB12,AA12&" - "&AB12,IF(AB12>AA12,AB12&" - "&AA12,"")) -> 1 - 0 | AE12: =CONCATENATE("(",AM12,AN12,AO12,AP12,AQ12,AR12,AS12,")") -> (0) | AF12: =IF(M12>N12,1,0) -> 1 | AG12: =IF(O12>P12,1,0) -> 0 | AH12: =IF(Q12>R12,1,0) -> 0 | AI12: =IF(S12>T12,1,0) -> 0 | AJ12: =IF(U12>V12,1,0) -> 0 | AK12: =IF(W12>X12,1,0) -> 0 | AL12: =IF(Y12>Z12,1,0) -> 0 | AM12: =IF(M12>N12,N12,IF(N12>M12,-M12,"")) -> 0 | AN12: =IF(O12>P12,", "&P12,IF(P12>O12,", "&-O12,"")) | AO12: =IF(Q12>R12,", "&R12,IF(R12>Q12,", "&-Q12,"")) | AP12: =IF(S12>T12,", "&T12,IF(T12>S12,", "&-S12,"")) | AQ12: =IF(U12>V12,", "&V12,IF(V12>U12,", "&-U12,"")) | AR12: =IF(W12>X12,", "&X12,IF(X12>W12,", "&-W12,"")) | AS12: =IF(Y12>Z12,", "&Z12,IF(Z12>Y12,", "&-Y12,"")) | AU12: =1+AU10 -> 5 | AV12: =VLOOKUP(AV13,$A$4:$L$83,7,FALSE) -> 3912 | AW12: =IF(AV12=0,0,VLOOKUP(AV12,Inscripciones!$B$1:$I$464,2,FALSE)) -> AMBAR PADILLA GRANADOS | AX12: =IF(AV12=0,0,VLOOKUP(AV12,Inscripciones!$B$1:$L$364,3,FALSE)) -> PÉREZ ZELEDÓN | AZ12: =VLOOKUP(AV13,$A$4:$AD$83,29,FALSE) -> 2 - 0 (10, 8) | BL12: =1+BL11 -> 8 | BM12: =C18 -> 28/Sep | BN12: =D18 -> 0 | BO12: =E18 -> 0 | BP12: JBS | BR12: 8 | BS12: =VLOOKUP(BY13,Inscripciones!$B$1:$B$364,2,FALSE) -> #REF! | BU12: =VLOOKUP(BZ13,Inscripciones!$B$1:$B$364,2,FALSE) -> #REF! | BY12: =G18 -> X | BZ12: =H18 -> 4176 | CA12: =Inscripciones!$B$2 -> U13 FEMENINO | CB12: Ronda de 32 - 8
I13: 0 | J13: 0 | K13: 0 | L13: 0 | AD13: =IF(AA12>AB12,AD12&" "&AE12,IF(AB12>AA12,AD12&" "&AE13,"")) -> 1 - 0 (0) | AE13: =CONCATENATE("(",AM13,AN13,AO13,AP13,AQ13,AR13,AS13,")") -> (0) | AF13: =IF(N12>M12,1,0) -> 0 | AG13: =IF(P12>O12,1,0) -> 0 | AH13: =IF(R12>Q12,1,0) -> 0 | AI13: =IF(T12>S12,1,0) -> 0 | AJ13: =IF(V12>U12,1,0) -> 0 | AK13: =IF(X12>W12,1,0) -> 0 | AL13: =IF(Z12>Y12,1,0) -> 0 | AM13: =IF(N12>M12,M12,IF(M12>N12,-N12,"")) -> 0 | AN13: =IF(P12>O12,", "&O12,IF(O12>P12,", "&-P12,"")) | AO13: =IF(R12>Q12,", "&Q12,IF(Q12>R12,", "&-R12,"")) | AP13: =IF(T12>S12,", "&S12,IF(S12>T12,", "&-T12,"")) | AQ13: =IF(V12>U12,", "&U12,IF(U12>V12,", "&-V12,"")) | AR13: =IF(X12>W12,", "&W12,IF(W12>X12,", "&-X12,"")) | AS13: =IF(Z12>Y12,", "&Y12,IF(Y12>Z12,", "&-Z12,"")) | AV13: 3 | AW13: =VLOOKUP(AV13,$A$4:$L$83,6,FALSE) -> 28/Sep-- Table | AY13: =VLOOKUP(AY15,$A$4:$L$87,7,FALSE) -> 3912 | AZ13: =IF(AY13=0,0,VLOOKUP(AY13,Inscripciones!$B$1:$I$464,2,FALSE)) -> AMBAR PADILLA GRANADOS | BA13: =IF(AY13=0,0,VLOOKUP(AY13,Inscripciones!$B$1:$L$364,3,FALSE)) -> PÉREZ ZELEDÓN | BL13: =1+BL12 -> 9 | BM13: =C20 -> 28/Sep | BN13: =D20 -> 0 | BO13: =E20 -> 0 | BP13: JBS | BR13: 9 | BS13: =VLOOKUP(BY14,Inscripciones!$B$1:$B$364,2,FALSE) -> #REF! | BU13: =VLOOKUP(BZ14,Inscripciones!$B$1:$B$364,2,FALSE) -> #REF! | BY13: =G20 -> 3918 | BZ13: =H20 -> X | CA13: =Inscripciones!$B$2 -> U13 FEMENINO | CB13: Ronda de 32 - 9
A14: 6 | B14: 1/16 | C14: 28/Sep | F14: =C14&"-"&D14&"- Table"&E14 -> 28/Sep-- Table | G14: ='SORTEO 32'!D19 -> X | H14: ='SORTEO 32'!D20 -> 3907 | I14: =IF(G14=0,0,VLOOKUP(G14,Inscripciones!$B$1:$I$464,2,FALSE)) -> BYE | J14: =IF(G14=0,0,VLOOKUP(G14,Inscripciones!$B$1:$L$364,3,FALSE)) -> BYE | K14: =IF(I14=0,0,VLOOKUP(H14,Inscripciones!$B$1:$I$464,2,FALSE)) -> LUCIANA CASCANTE BARBOZA | L14: =IF(I14=0,0,VLOOKUP(H14,Inscripciones!$B$1:$L$364,3,FALSE)) -> ASERRÍ | M14: 0 | N14: 11 | AA14: =IF(M14+N14<>0,SUM(AF14:AL14),"") -> 0 | AB14: =IF(M14+N14<>0,SUM(AF15:AL15),"") -> 1 | AC14: =IF(AA14>AB14,AD14&" "&AE14,IF(AB14>AA14,AD14&" "&AE15,"")) -> 1 - 0 (0) | AD14: =IF(AA14>AB14,AA14&" - "&AB14,IF(AB14>AA14,AB14&" - "&AA14,"")) -> 1 - 0 | AE14: =CONCATENATE("(",AM14,AN14,AO14,AP14,AQ14,AR14,AS14,")") -> (0) | AF14: =IF(M14>N14,1,0) -> 0 | AG14: =IF(O14>P14,1,0) -> 0 | AH14: =IF(Q14>R14,1,0) -> 0 | AI14: =IF(S14>T14,1,0) -> 0 | AJ14: =IF(U14>V14,1,0) -> 0 | AK14: =IF(W14>X14,1,0) -> 0 | AL14: =IF(Y14>Z14,1,0) -> 0 | AM14: =IF(M14>N14,N14,IF(N14>M14,-M14,"")) -> 0 | AN14: =IF(O14>P14,", "&P14,IF(P14>O14,", "&-O14,"")) | AO14: =IF(Q14>R14,", "&R14,IF(R14>Q14,", "&-Q14,"")) | AP14: =IF(S14>T14,", "&T14,IF(T14>S14,", "&-S14,"")) | AQ14: =IF(U14>V14,", "&V14,IF(V14>U14,", "&-U14,"")) | AR14: =IF(W14>X14,", "&X14,IF(X14>W14,", "&-W14,"")) | AS14: =IF(Y14>Z14,", "&Z14,IF(Z14>Y14,", "&-Y14,"")) | AU14: =1+AU12 -> 6 | AV14: =VLOOKUP(AV13,$A$4:$L$83,8,FALSE) -> 4275 | AW14: =IF(AV14=0,0,VLOOKUP(AV14,Inscripciones!$B$1:$I$464,2,FALSE)) -> CLARISSA MORA JIMÉNEZ | AX14: =IF(AV14=0,0,VLOOKUP(AV14,Inscripciones!$B$1:$L$364,3,FALSE)) -> ESPARZA | BL14: =1+BL13 -> 10 | BM14: =C22 -> 28/Sep | BN14: =D22 -> 0 | BO14: =E22 -> 0 | BP14: JBS | BR14: 10 | BS14: =VLOOKUP(BY15,Inscripciones!$B$1:$B$364,2,FALSE) -> #REF! | BU14: =VLOOKUP(BZ15,Inscripciones!$B$1:$B$364,2,FALSE) -> #REF! | BY14: =G22 -> X | BZ14: =H22 -> 4673 | CA14: =Inscripciones!$B$2 -> U13 FEMENINO | CB14: Ronda de 32 - 10
I15: 0 | J15: 0 | K15: 0 | L15: 0 | AD15: =IF(AA14>AB14,AD14&" "&AE14,IF(AB14>AA14,AD14&" "&AE15,"")) -> 1 - 0 (0) | AE15: =CONCATENATE("(",AM15,AN15,AO15,AP15,AQ15,AR15,AS15,")") -> (0) | AF15: =IF(N14>M14,1,0) -> 1 | AG15: =IF(P14>O14,1,0) -> 0 | AH15: =IF(R14>Q14,1,0) -> 0 | AI15: =IF(T14>S14,1,0) -> 0 | AJ15: =IF(V14>U14,1,0) -> 0 | AK15: =IF(X14>W14,1,0) -> 0 | AL15: =IF(Z14>Y14,1,0) -> 0 | AM15: =IF(N14>M14,M14,IF(M14>N14,-N14,"")) -> 0 | AN15: =IF(P14>O14,", "&O14,IF(O14>P14,", "&-P14,"")) | AO15: =IF(R14>Q14,", "&Q14,IF(Q14>R14,", "&-R14,"")) | AP15: =IF(T14>S14,", "&S14,IF(S14>T14,", "&-T14,"")) | AQ15: =IF(V14>U14,", "&U14,IF(U14>V14,", "&-V14,"")) | AR15: =IF(X14>W14,", "&W14,IF(W14>X14,", "&-X14,"")) | AS15: =IF(Z14>Y14,", "&Y14,IF(Y14>Z14,", "&-Z14,"")) | AY15: 18 | AZ15: =VLOOKUP(AY15,$A$4:$L$83,6,FALSE) -> 28/Sep-- Table | BB15: =VLOOKUP(BB11,$A$4:$L$87,8,FALSE) -> 4100 | BC15: =IF(BB15=0,0,VLOOKUP(BB15,Inscripciones!$B$1:$I$464,2,FALSE)) -> BRENDA HERRERA RIVAS | BD15: =IF(BB15=0,0,VLOOKUP(BB15,Inscripciones!$B$1:$L$364,3,FALSE)) -> ESPARZA | BL15: =1+BL14 -> 11 | BM15: =C24 -> 28/Sep | BN15: =D24 -> 0 | BO15: =E24 -> 0 | BP15: JBS | BR15: 11 | BS15: =VLOOKUP(BY16,Inscripciones!$B$1:$B$364,2,FALSE) -> #REF! | BU15: =VLOOKUP(BZ16,Inscripciones!$B$1:$B$364,2,FALSE) -> #REF! | BY15: =G24 -> 4276 | BZ15: =H24 -> X | CA15: =Inscripciones!$B$2 -> U13 FEMENINO | CB15: Ronda de 32 - 11
A16: 7 | B16: 1/16 | C16: 28/Sep | F16: =C16&"-"&D16&"- Table"&E16 -> 28/Sep-- Table | G16: ='SORTEO 32'!D21 -> 4348 | H16: ='SORTEO 32'!D22 -> X | I16: =IF(G16=0,0,VLOOKUP(G16,Inscripciones!$B$1:$I$464,2,FALSE)) -> AMANDA PEREZ CABEZAS | J16: =IF(G16=0,0,VLOOKUP(G16,Inscripciones!$B$1:$L$364,3,FALSE)) -> CORREDORES | K16: =IF(I16=0,0,VLOOKUP(H16,Inscripciones!$B$1:$I$464,2,FALSE)) -> BYE | L16: =IF(I16=0,0,VLOOKUP(H16,Inscripciones!$B$1:$L$364,3,FALSE)) -> BYE | M16: 11 | N16: 0 | AA16: =IF(M16+N16<>0,SUM(AF16:AL16),"") -> 1 | AB16: =IF(M16+N16<>0,SUM(AF17:AL17),"") -> 0 | AC16: =IF(AA16>AB16,AD16&" "&AE16,IF(AB16>AA16,AD16&" "&AE17,"")) -> 1 - 0 (0) | AD16: =IF(AA16>AB16,AA16&" - "&AB16,IF(AB16>AA16,AB16&" - "&AA16,"")) -> 1 - 0 | AE16: =CONCATENATE("(",AM16,AN16,AO16,AP16,AQ16,AR16,AS16,")") -> (0) | AF16: =IF(M16>N16,1,0) -> 1 | AG16: =IF(O16>P16,1,0) -> 0 | AH16: =IF(Q16>R16,1,0) -> 0 | AI16: =IF(S16>T16,1,0) -> 0 | AJ16: =IF(U16>V16,1,0) -> 0 | AK16: =IF(W16>X16,1,0) -> 0 | AL16: =IF(Y16>Z16,1,0) -> 0 | AM16: =IF(M16>N16,N16,IF(N16>M16,-M16,"")) -> 0 | AN16: =IF(O16>P16,", "&P16,IF(P16>O16,", "&-O16,"")) | AO16: =IF(Q16>R16,", "&R16,IF(R16>Q16,", "&-Q16,"")) | AP16: =IF(S16>T16,", "&T16,IF(T16>S16,", "&-S16,"")) | AQ16: =IF(U16>V16,", "&V16,IF(V16>U16,", "&-U16,"")) | AR16: =IF(W16>X16,", "&X16,IF(X16>W16,", "&-W16,"")) | AS16: =IF(Y16>Z16,", "&Z16,IF(Z16>Y16,", "&-Y16,"")) | AU16: =1+AU14 -> 7 | AV16: =VLOOKUP(AV17,$A$4:$L$83,7,FALSE) -> X | AW16: =IF(AV16=0,0,VLOOKUP(AV16,Inscripciones!$B$1:$I$464,2,FALSE)) -> BYE | AX16: =IF(AV16=0,0,VLOOKUP(AV16,Inscripciones!$B$1:$L$364,3,FALSE)) -> BYE | BC16: =VLOOKUP(AY15,$A$4:$AD$87,29,FALSE) -> 2 - 0 (5, 7) | BL16: =1+BL15 -> 12 | BM16: =C26 -> 28/Sep | BN16: =D26 -> 0 | BO16: =E26 -> 0 | BP16: JBS | BR16: 12 | BS16: =VLOOKUP(BY17,Inscripciones!$B$1:$B$364,2,FALSE) -> #REF! | BU16: =VLOOKUP(BZ17,Inscripciones!$B$1:$B$364,2,FALSE) -> #REF! | BY16: =G26 -> X | BZ16: =H26 -> 4183 | CA16: =Inscripciones!$B$2 -> U13 FEMENINO | CB16: Ronda de 32 - 12
I17: 0 | J17: 0 | K17: 0 | L17: 0 | AD17: =IF(AA16>AB16,AD16&" "&AE16,IF(AB16>AA16,AD16&" "&AE17,"")) -> 1 - 0 (0) | AE17: =CONCATENATE("(",AM17,AN17,AO17,AP17,AQ17,AR17,AS17,")") -> (0) | AF17: =IF(N16>M16,1,0) -> 0 | AG17: =IF(P16>O16,1,0) -> 0 | AH17: =IF(R16>Q16,1,0) -> 0 | AI17: =IF(T16>S16,1,0) -> 0 | AJ17: =IF(V16>U16,1,0) -> 0 | AK17: =IF(X16>W16,1,0) -> 0 | AL17: =IF(Z16>Y16,1,0) -> 0 | AM17: =IF(N16>M16,M16,IF(M16>N16,-N16,"")) -> 0 | AN17: =IF(P16>O16,", "&O16,IF(O16>P16,", "&-P16,"")) | AO17: =IF(R16>Q16,", "&Q16,IF(Q16>R16,", "&-R16,"")) | AP17: =IF(T16>S16,", "&S16,IF(S16>T16,", "&-T16,"")) | AQ17: =IF(V16>U16,", "&U16,IF(U16>V16,", "&-V16,"")) | AR17: =IF(X16>W16,", "&W16,IF(W16>X16,", "&-X16,"")) | AS17: =IF(Z16>Y16,", "&Y16,IF(Y16>Z16,", "&-Z16,"")) | AV17: 4 | AW17: =VLOOKUP(AV17,$A$4:$L$83,6,FALSE) -> 28/Sep-- Table | AY17: =VLOOKUP(AY15,$A$4:$L$87,8,FALSE) -> 4100 | AZ17: =IF(AY17=0,0,VLOOKUP(AY17,Inscripciones!$B$1:$I$464,2,FALSE)) -> BRENDA HERRERA RIVAS | BA17: =IF(AY17=0,0,VLOOKUP(AY17,Inscripciones!$B$1:$L$364,3,FALSE)) -> ESPARZA | BL17: =1+BL16 -> 13 | BM17: =C28 -> 28/Sep | BN17: =D28 -> 0 | BO17: =E28 -> 0 | BP17: JBS | BR17: 13 | BS17: =VLOOKUP(BY18,Inscripciones!$B$1:$B$364,2,FALSE) -> #REF! | BU17: =VLOOKUP(BZ18,Inscripciones!$B$1:$B$364,2,FALSE) -> #REF! | BY17: =G28 -> 4273 | BZ17: =H28 -> X | CA17: =Inscripciones!$B$2 -> U13 FEMENINO | CB17: Ronda de 32 - 13
A18: 8 | B18: 1/16 | C18: 28/Sep | F18: =C18&"-"&D18&"- Table"&E18 -> 28/Sep-- Table | G18: ='SORTEO 32'!D23 -> X | H18: ='SORTEO 32'!D24 -> 4176 | I18: =IF(G18=0,0,VLOOKUP(G18,Inscripciones!$B$1:$I$464,2,FALSE)) -> BYE | J18: =IF(G18=0,0,VLOOKUP(G18,Inscripciones!$B$1:$L$364,3,FALSE)) -> BYE | K18: =IF(I18=0,0,VLOOKUP(H18,Inscripciones!$B$1:$I$464,2,FALSE)) -> LÍA SOFÍA SOLÍS VÁSQUEZ | L18: =IF(I18=0,0,VLOOKUP(H18,Inscripciones!$B$1:$L$364,3,FALSE)) -> ESPARZA | M18: 0 | N18: 11 | AA18: =IF(M18+N18<>0,SUM(AF18:AL18),"") -> 0 | AB18: =IF(M18+N18<>0,SUM(AF19:AL19),"") -> 1 | AC18: =IF(AA18>AB18,AD18&" "&AE18,IF(AB18>AA18,AD18&" "&AE19,"")) -> 1 - 0 (0) | AD18: =IF(AA18>AB18,AA18&" - "&AB18,IF(AB18>AA18,AB18&" - "&AA18,"")) -> 1 - 0 | AE18: =CONCATENATE("(",AM18,AN18,AO18,AP18,AQ18,AR18,AS18,")") -> (0) | AF18: =IF(M18>N18,1,0) -> 0 | AG18: =IF(O18>P18,1,0) -> 0 | AH18: =IF(Q18>R18,1,0) -> 0 | AI18: =IF(S18>T18,1,0) -> 0 | AJ18: =IF(U18>V18,1,0) -> 0 | AK18: =IF(W18>X18,1,0) -> 0 | AL18: =IF(Y18>Z18,1,0) -> 0 | AM18: =IF(M18>N18,N18,IF(N18>M18,-M18,"")) -> 0 | AN18: =IF(O18>P18,", "&P18,IF(P18>O18,", "&-O18,"")) | AO18: =IF(Q18>R18,", "&R18,IF(R18>Q18,", "&-Q18,"")) | AP18: =IF(S18>T18,", "&T18,IF(T18>S18,", "&-S18,"")) | AQ18: =IF(U18>V18,", "&V18,IF(V18>U18,", "&-U18,"")) | AR18: =IF(W18>X18,", "&X18,IF(X18>W18,", "&-W18,"")) | AS18: =IF(Y18>Z18,", "&Z18,IF(Z18>Y18,", "&-Y18,"")) | AU18: =1+AU16 -> 8 | AV18: =VLOOKUP(AV17,$A$4:$L$83,8,FALSE) -> 4100 | AW18: =IF(AV18=0,0,VLOOKUP(AV18,Inscripciones!$B$1:$I$464,2,FALSE)) -> BRENDA HERRERA RIVAS | AX18: =IF(AV18=0,0,VLOOKUP(AV18,Inscripciones!$B$1:$L$364,3,FALSE)) -> ESPARZA | AZ18: =VLOOKUP(AV17,$A$4:$AD$87,29,FALSE) -> 1 - 0 (0) | BI18: =VLOOKUP(BE19,$A$4:$AD$83,29,FALSE) -> 3 - 0 (8, 5, 6) | BL18: =1+BL17 -> 14 | BM18: =C30 -> 28/Sep | BN18: =D30 -> 0 | BO18: =E30 -> 0 | BP18: JBS | BR18: 14 | BS18: =VLOOKUP(BY19,Inscripciones!$B$1:$B$364,2,FALSE) -> #REF! | BU18: =VLOOKUP(BZ19,Inscripciones!$B$1:$B$364,2,FALSE) -> #REF! | BY18: =G30 -> 4212 | BZ18: =H30 -> 4104 | CA18: =Inscripciones!$B$2 -> U13 FEMENINO | CB18: Ronda de 32 - 14
I19: 0 | J19: 0 | K19: 0 | L19: 0 | AD19: =IF(AA18>AB18,AD18&" "&AE18,IF(AB18>AA18,AD18&" "&AE19,"")) -> 1 - 0 (0) | AE19: =CONCATENATE("(",AM19,AN19,AO19,AP19,AQ19,AR19,AS19,")") -> (0) | AF19: =IF(N18>M18,1,0) -> 1 | AG19: =IF(P18>O18,1,0) -> 0 | AH19: =IF(R18>Q18,1,0) -> 0 | AI19: =IF(T18>S18,1,0) -> 0 | AJ19: =IF(V18>U18,1,0) -> 0 | AK19: =IF(X18>W18,1,0) -> 0 | AL19: =IF(Z18>Y18,1,0) -> 0 | AM19: =IF(N18>M18,M18,IF(M18>N18,-N18,"")) -> 0 | AN19: =IF(P18>O18,", "&O18,IF(O18>P18,", "&-P18,"")) | AO19: =IF(R18>Q18,", "&Q18,IF(Q18>R18,", "&-R18,"")) | AP19: =IF(T18>S18,", "&S18,IF(S18>T18,", "&-T18,"")) | AQ19: =IF(V18>U18,", "&U18,IF(U18>V18,", "&-V18,"")) | AR19: =IF(X18>W18,", "&W18,IF(W18>X18,", "&-X18,"")) | AS19: =IF(Z18>Y18,", "&Y18,IF(Y18>Z18,", "&-Z18,"")) | BE19: 29 | BF19: =VLOOKUP(BE19,$A$4:$L$83,6,FALSE) -> 28/Sep-- Table | BH19: =VLOOKUP(BH34,$A$4:$L$87,7,FALSE) -> 4159 | BI19: =IF(BH19=0,0,VLOOKUP(BH19,Inscripciones!$B$1:$I$464,2,FALSE)) -> MARÍA FERNANDA ZELEDÓN HERRERA | BJ19: =IF(BH19=0,0,VLOOKUP(BH19,Inscripciones!$B$1:$L$364,3,FALSE)) -> ESPARZA | BL19: =1+BL18 -> 15 | BM19: =C32 -> 28/Sep | BN19: =D32 -> 0 | BO19: =E32 -> 0 | BP19: JBS | BR19: 15 | BS19: =VLOOKUP(BY20,Inscripciones!$B$1:$B$364,2,FALSE) -> #REF! | BU19: =VLOOKUP(BZ20,Inscripciones!$B$1:$B$364,2,FALSE) -> #REF! | BY19: =G32 -> 3828 | BZ19: =H32 -> X | CA19: =Inscripciones!$B$2 -> U13 FEMENINO | CB19: Ronda de 32 - 15
A20: 9 | B20: 1/16 | C20: 28/Sep | F20: =C20&"-"&D20&"- Table"&E20 -> 28/Sep-- Table | G20: ='SORTEO 32'!D25 -> 3918 | H20: ='SORTEO 32'!D26 -> X | I20: =IF(G20=0,0,VLOOKUP(G20,Inscripciones!$B$1:$I$464,2,FALSE)) -> MARIANA SOTO CALDERON | J20: =IF(G20=0,0,VLOOKUP(G20,Inscripciones!$B$1:$L$364,3,FALSE)) -> ESPARZA | K20: =IF(I20=0,0,VLOOKUP(H20,Inscripciones!$B$1:$I$464,2,FALSE)) -> BYE | L20: =IF(I20=0,0,VLOOKUP(H20,Inscripciones!$B$1:$L$364,3,FALSE)) -> BYE | M20: 11 | N20: 0 | AA20: =IF(M20+N20<>0,SUM(AF20:AL20),"") -> 1 | AB20: =IF(M20+N20<>0,SUM(AF21:AL21),"") -> 0 | AC20: =IF(AA20>AB20,AD20&" "&AE20,IF(AB20>AA20,AD20&" "&AE21,"")) -> 1 - 0 (0) | AD20: =IF(AA20>AB20,AA20&" - "&AB20,IF(AB20>AA20,AB20&" - "&AA20,"")) -> 1 - 0 | AE20: =CONCATENATE("(",AM20,AN20,AO20,AP20,AQ20,AR20,AS20,")") -> (0) | AF20: =IF(M20>N20,1,0) -> 1 | AG20: =IF(O20>P20,1,0) -> 0 | AH20: =IF(Q20>R20,1,0) -> 0 | AI20: =IF(S20>T20,1,0) -> 0 | AJ20: =IF(U20>V20,1,0) -> 0 | AK20: =IF(W20>X20,1,0) -> 0 | AL20: =IF(Y20>Z20,1,0) -> 0 | AM20: =IF(M20>N20,N20,IF(N20>M20,-M20,"")) -> 0 | AN20: =IF(O20>P20,", "&P20,IF(P20>O20,", "&-O20,"")) | AO20: =IF(Q20>R20,", "&R20,IF(R20>Q20,", "&-Q20,"")) | AP20: =IF(S20>T20,", "&T20,IF(T20>S20,", "&-S20,"")) | AQ20: =IF(U20>V20,", "&V20,IF(V20>U20,", "&-U20,"")) | AR20: =IF(W20>X20,", "&X20,IF(X20>W20,", "&-W20,"")) | AS20: =IF(Y20>Z20,", "&Z20,IF(Z20>Y20,", "&-Y20,"")) | AU20: =1+AU18 -> 9 | AV20: =VLOOKUP(AV21,$A$4:$L$83,7,FALSE) -> 4274 | AW20: =IF(AV20=0,0,VLOOKUP(AV20,Inscripciones!$B$1:$I$464,2,FALSE)) -> MARÍA PAULA HERNÁNDEZ ZÚÑIGA | AX20: =IF(AV20=0,0,VLOOKUP(AV20,Inscripciones!$B$1:$L$364,3,FALSE)) -> ESCAZÚ | AZ20: =VLOOKUP(AV21,$A$4:$AD$83,29,FALSE) -> 1 - 0 (0) | BL20: =1+BL19 -> 16 | BM20: =C34 -> 28/Sep | BN20: =D34 -> 0 | BO20: =E34 -> 0 | BP20: JBS | BR20: 16 | BS20: =VLOOKUP(#REF!,Inscripciones!$B$1:$B$364,2,FALSE) -> #REF! | BU20: =VLOOKUP(#REF!,Inscripciones!$B$1:$B$364,2,FALSE) -> #REF! | BY20: =G34 -> X | BZ20: =H34 -> 4101 | CA20: =Inscripciones!$B$2 -> U13 FEMENINO | CB20: Ronda de 32 - 16
I21: 0 | J21: 0 | K21: 0 | L21: 0 | AD21: =IF(AA20>AB20,AD20&" "&AE20,IF(AB20>AA20,AD20&" "&AE21,"")) -> 1 - 0 (0) | AE21: =CONCATENATE("(",AM21,AN21,AO21,AP21,AQ21,AR21,AS21,")") -> (0) | AF21: =IF(N20>M20,1,0) -> 0 | AG21: =IF(P20>O20,1,0) -> 0 | AH21: =IF(R20>Q20,1,0) -> 0 | AI21: =IF(T20>S20,1,0) -> 0 | AJ21: =IF(V20>U20,1,0) -> 0 | AK21: =IF(X20>W20,1,0) -> 0 | AL21: =IF(Z20>Y20,1,0) -> 0 | AM21: =IF(N20>M20,M20,IF(M20>N20,-N20,"")) -> 0 | AN21: =IF(P20>O20,", "&O20,IF(O20>P20,", "&-P20,"")) | AO21: =IF(R20>Q20,", "&Q20,IF(Q20>R20,", "&-R20,"")) | AP21: =IF(T20>S20,", "&S20,IF(S20>T20,", "&-T20,"")) | AQ21: =IF(V20>U20,", "&U20,IF(U20>V20,", "&-V20,"")) | AR21: =IF(X20>W20,", "&W20,IF(W20>X20,", "&-X20,"")) | AS21: =IF(Z20>Y20,", "&Y20,IF(Y20>Z20,", "&-Z20,"")) | AV21: 5 | AW21: =VLOOKUP(AV21,$A$4:$L$83,6,FALSE) -> 28/Sep-- Table | AY21: =VLOOKUP(AY23,$A$4:$L$87,7,FALSE) -> 4274 | AZ21: =IF(AY21=0,0,VLOOKUP(AY21,Inscripciones!$B$1:$I$464,2,FALSE)) -> MARÍA PAULA HERNÁNDEZ ZÚÑIGA | BA21: =IF(AY21=0,0,VLOOKUP(AY21,Inscripciones!$B$1:$L$364,3,FALSE)) -> ESCAZÚ | BL21: =1+BL20 -> 17 | BM21: =C36 -> 28/Sep | BN21: =D36 -> 0 | BO21: =E36 -> 0 | BP21: JBS | BR21: 33 | BS21: =VLOOKUP(BY22,Inscripciones!$B$1:$B$364,2,FALSE) -> #REF! | BU21: =VLOOKUP(BZ22,Inscripciones!$B$1:$B$364,2,FALSE) -> #REF! | BY21: =G36 -> 4159 | BZ21: =H36 -> 4191 | CA21: =Inscripciones!$B$2 -> U13 FEMENINO | CB21: Ronda de 16 - 1
A22: 10 | B22: 1/16 | C22: 28/Sep | F22: =C22&"-"&D22&"- Table"&E22 -> 28/Sep-- Table | G22: ='SORTEO 32'!D27 -> X | H22: ='SORTEO 32'!D28 -> 4673 | I22: =IF(G22=0,0,VLOOKUP(G22,Inscripciones!$B$1:$I$464,2,FALSE)) -> BYE | J22: =IF(G22=0,0,VLOOKUP(G22,Inscripciones!$B$1:$L$364,3,FALSE)) -> BYE | K22: =IF(I22=0,0,VLOOKUP(H22,Inscripciones!$B$1:$I$464,2,FALSE)) -> ALINA CHACON RETANA | L22: =IF(I22=0,0,VLOOKUP(H22,Inscripciones!$B$1:$L$364,3,FALSE)) -> SAN CARLOS | M22: 0 | N22: 11 | AA22: =IF(M22+N22<>0,SUM(AF22:AL22),"") -> 0 | AB22: =IF(M22+N22<>0,SUM(AF23:AL23),"") -> 1 | AC22: =IF(AA22>AB22,AD22&" "&AE22,IF(AB22>AA22,AD22&" "&AE23,"")) -> 1 - 0 (0) | AD22: =IF(AA22>AB22,AA22&" - "&AB22,IF(AB22>AA22,AB22&" - "&AA22,"")) -> 1 - 0 | AE22: =CONCATENATE("(",AM22,AN22,AO22,AP22,AQ22,AR22,AS22,")") -> (0) | AF22: =IF(M22>N22,1,0) -> 0 | AG22: =IF(O22>P22,1,0) -> 0 | AH22: =IF(Q22>R22,1,0) -> 0 | AI22: =IF(S22>T22,1,0) -> 0 | AJ22: =IF(U22>V22,1,0) -> 0 | AK22: =IF(W22>X22,1,0) -> 0 | AL22: =IF(Y22>Z22,1,0) -> 0 | AM22: =IF(M22>N22,N22,IF(N22>M22,-M22,"")) -> 0 | AN22: =IF(O22>P22,", "&P22,IF(P22>O22,", "&-O22,"")) | AO22: =IF(Q22>R22,", "&R22,IF(R22>Q22,", "&-Q22,"")) | AP22: =IF(S22>T22,", "&T22,IF(T22>S22,", "&-S22,"")) | AQ22: =IF(U22>V22,", "&V22,IF(V22>U22,", "&-U22,"")) | AR22: =IF(W22>X22,", "&X22,IF(X22>W22,", "&-W22,"")) | AS22: =IF(Y22>Z22,", "&Z22,IF(Z22>Y22,", "&-Y22,"")) | AU22: =1+AU20 -> 10 | AV22: =VLOOKUP(AV21,$A$4:$L$83,8,FALSE) -> X | AW22: =IF(AV22=0,0,VLOOKUP(AV22,Inscripciones!$B$1:$I$464,2,FALSE)) -> BYE | AX22: =IF(AV22=0,0,VLOOKUP(AV22,Inscripciones!$B$1:$L$364,3,FALSE)) -> BYE | BC22: =VLOOKUP(AY23,$A$4:$AD$83,29,FALSE) -> 2 - 0 (7, 3) | BL22: =1+BL21 -> 18 | BM22: =C38 -> 28/Sep | BN22: =D38 -> 0 | BO22: =E38 -> 0 | BP22: JBS | BR22: 34 | BS22: =VLOOKUP(BY23,Inscripciones!$B$1:$B$364,2,FALSE) -> #REF! | BU22: =VLOOKUP(BZ23,Inscripciones!$B$1:$B$364,2,FALSE) -> #REF! | BY22: =G38 -> 3912 | BZ22: =H38 -> 4100 | CA22: =Inscripciones!$B$2 -> U13 FEMENINO | CB22: Ronda de 16 - 2
I23: 0 | J23: 0 | K23: 0 | L23: 0 | AD23: =IF(AA22>AB22,AD22&" "&AE22,IF(AB22>AA22,AD22&" "&AE23,"")) -> 1 - 0 (0) | AE23: =CONCATENATE("(",AM23,AN23,AO23,AP23,AQ23,AR23,AS23,")") -> (0) | AF23: =IF(N22>M22,1,0) -> 1 | AG23: =IF(P22>O22,1,0) -> 0 | AH23: =IF(R22>Q22,1,0) -> 0 | AI23: =IF(T22>S22,1,0) -> 0 | AJ23: =IF(V22>U22,1,0) -> 0 | AK23: =IF(X22>W22,1,0) -> 0 | AL23: =IF(Z22>Y22,1,0) -> 0 | AM23: =IF(N22>M22,M22,IF(M22>N22,-N22,"")) -> 0 | AN23: =IF(P22>O22,", "&O22,IF(O22>P22,", "&-P22,"")) | AO23: =IF(R22>Q22,", "&Q22,IF(Q22>R22,", "&-R22,"")) | AP23: =IF(T22>S22,", "&S22,IF(S22>T22,", "&-T22,"")) | AQ23: =IF(V22>U22,", "&U22,IF(U22>V22,", "&-V22,"")) | AR23: =IF(X22>W22,", "&W22,IF(W22>X22,", "&-X22,"")) | AS23: =IF(Z22>Y22,", "&Y22,IF(Y22>Z22,", "&-Z22,"")) | AY23: 19 | AZ23: =VLOOKUP(AY23,$A$4:$L$83,6,FALSE) -> 28/Sep-- Table | BB23: =VLOOKUP(BB27,$A$4:$L$87,7,FALSE) -> 4274 | BC23: =IF(BB23=0,0,VLOOKUP(BB23,Inscripciones!$B$1:$I$464,2,FALSE)) -> MARÍA PAULA HERNÁNDEZ ZÚÑIGA | BD23: =IF(BB23=0,0,VLOOKUP(BB23,Inscripciones!$B$1:$L$364,3,FALSE)) -> ESCAZÚ | BL23: =1+BL22 -> 19 | BM23: =C40 -> 28/Sep | BN23: =D40 -> 0 | BO23: =E40 -> 0 | BP23: JBS | BR23: 35 | BS23: =VLOOKUP(BY24,Inscripciones!$B$1:$B$364,2,FALSE) -> #REF! | BU23: =VLOOKUP(BZ24,Inscripciones!$B$1:$B$364,2,FALSE) -> #REF! | BY23: =G40 -> 4274 | BZ23: =H40 -> 3907 | CA23: =Inscripciones!$B$2 -> U13 FEMENINO | CB23: Ronda de 16 - 3
A24: 11 | B24: 1/16 | C24: 28/Sep | F24: =C24&"-"&D24&"- Table"&E24 -> 28/Sep-- Table | G24: ='SORTEO 32'!D29 -> 4276 | H24: ='SORTEO 32'!D30 -> X | I24: =IF(G24=0,0,VLOOKUP(G24,Inscripciones!$B$1:$I$464,2,FALSE)) -> SILOÉ MUÑOZ CÓRDOBA | J24: =IF(G24=0,0,VLOOKUP(G24,Inscripciones!$B$1:$L$364,3,FALSE)) -> ESPARZA | K24: =IF(I24=0,0,VLOOKUP(H24,Inscripciones!$B$1:$I$464,2,FALSE)) -> BYE | L24: =IF(I24=0,0,VLOOKUP(H24,Inscripciones!$B$1:$L$364,3,FALSE)) -> BYE | M24: 11 | N24: 0 | AA24: =IF(M24+N24<>0,SUM(AF24:AL24),"") -> 1 | AB24: =IF(M24+N24<>0,SUM(AF25:AL25),"") -> 0 | AC24: =IF(AA24>AB24,AD24&" "&AE24,IF(AB24>AA24,AD24&" "&AE25,"")) -> 1 - 0 (0) | AD24: =IF(AA24>AB24,AA24&" - "&AB24,IF(AB24>AA24,AB24&" - "&AA24,"")) -> 1 - 0 | AE24: =CONCATENATE("(",AM24,AN24,AO24,AP24,AQ24,AR24,AS24,")") -> (0) | AF24: =IF(M24>N24,1,0) -> 1 | AG24: =IF(O24>P24,1,0) -> 0 | AH24: =IF(Q24>R24,1,0) -> 0 | AI24: =IF(S24>T24,1,0) -> 0 | AJ24: =IF(U24>V24,1,0) -> 0 | AK24: =IF(W24>X24,1,0) -> 0 | AL24: =IF(Y24>Z24,1,0) -> 0 | AM24: =IF(M24>N24,N24,IF(N24>M24,-M24,"")) -> 0 | AN24: =IF(O24>P24,", "&P24,IF(P24>O24,", "&-O24,"")) | AO24: =IF(Q24>R24,", "&R24,IF(R24>Q24,", "&-Q24,"")) | AP24: =IF(S24>T24,", "&T24,IF(T24>S24,", "&-S24,"")) | AQ24: =IF(U24>V24,", "&V24,IF(V24>U24,", "&-U24,"")) | AR24: =IF(W24>X24,", "&X24,IF(X24>W24,", "&-W24,"")) | AS24: =IF(Y24>Z24,", "&Z24,IF(Z24>Y24,", "&-Y24,"")) | AU24: =1+AU22 -> 11 | AV24: =VLOOKUP(AV25,$A$4:$L$83,7,FALSE) -> X | AW24: =IF(AV24=0,0,VLOOKUP(AV24,Inscripciones!$B$1:$I$464,2,FALSE)) -> BYE | AX24: =IF(AV24=0,0,VLOOKUP(AV24,Inscripciones!$B$1:$L$364,3,FALSE)) -> BYE | BL24: =1+BL23 -> 20 | BM24: =C42 -> 28/Sep | BN24: =D42 -> 0 | BO24: =E42 -> 0 | BP24: JBS | BR24: 36 | BS24: =VLOOKUP(BY25,Inscripciones!$B$1:$B$364,2,FALSE) -> #REF! | BU24: =VLOOKUP(BZ25,Inscripciones!$B$1:$B$364,2,FALSE) -> #REF! | BY24: =G42 -> 4348 | BZ24: =H42 -> 4176 | CA24: =Inscripciones!$B$2 -> U13 FEMENINO | CB24: Ronda de 16 - 4
I25: 0 | J25: 0 | K25: 0 | L25: 0 | AD25: =IF(AA24>AB24,AD24&" "&AE24,IF(AB24>AA24,AD24&" "&AE25,"")) -> 1 - 0 (0) | AE25: =CONCATENATE("(",AM25,AN25,AO25,AP25,AQ25,AR25,AS25,")") -> (0) | AF25: =IF(N24>M24,1,0) -> 0 | AG25: =IF(P24>O24,1,0) -> 0 | AH25: =IF(R24>Q24,1,0) -> 0 | AI25: =IF(T24>S24,1,0) -> 0 | AJ25: =IF(V24>U24,1,0) -> 0 | AK25: =IF(X24>W24,1,0) -> 0 | AL25: =IF(Z24>Y24,1,0) -> 0 | AM25: =IF(N24>M24,M24,IF(M24>N24,-N24,"")) -> 0 | AN25: =IF(P24>O24,", "&O24,IF(O24>P24,", "&-P24,"")) | AO25: =IF(R24>Q24,", "&Q24,IF(Q24>R24,", "&-R24,"")) | AP25: =IF(T24>S24,", "&S24,IF(S24>T24,", "&-T24,"")) | AQ25: =IF(V24>U24,", "&U24,IF(U24>V24,", "&-V24,"")) | AR25: =IF(X24>W24,", "&W24,IF(W24>X24,", "&-X24,"")) | AS25: =IF(Z24>Y24,", "&Y24,IF(Y24>Z24,", "&-Z24,"")) | AV25: 6 | AW25: =VLOOKUP(AV25,$A$4:$L$83,6,FALSE) -> 28/Sep-- Table | AY25: =VLOOKUP(AY23,$A$4:$L$87,8,FALSE) -> 3907 | AZ25: =IF(AY25=0,0,VLOOKUP(AY25,Inscripciones!$B$1:$I$464,2,FALSE)) -> LUCIANA CASCANTE BARBOZA | BA25: =IF(AY25=0,0,VLOOKUP(AY25,Inscripciones!$B$1:$L$364,3,FALSE)) -> ASERRÍ | BL25: =1+BL24 -> 21 | BM25: =C44 -> 28/Sep | BN25: =D44 -> 0 | BO25: =E44 -> 0 | BP25: JBS | BR25: 37 | BS25: =VLOOKUP(BY26,Inscripciones!$B$1:$B$364,2,FALSE) -> #REF! | BU25: =VLOOKUP(BZ26,Inscripciones!$B$1:$B$364,2,FALSE) -> #REF! | BY25: =G44 -> 3918 | BZ25: =H44 -> 4673 | CA25: =Inscripciones!$B$2 -> U13 FEMENINO | CB25: Ronda de 16 - 5
A26: 12 | B26: 1/16 | C26: 28/Sep | F26: =C26&"-"&D26&"- Table"&E26 -> 28/Sep-- Table | G26: ='SORTEO 32'!D31 -> X | H26: ='SORTEO 32'!D32 -> 4183 | I26: =IF(G26=0,0,VLOOKUP(G26,Inscripciones!$B$1:$I$464,2,FALSE)) -> BYE | J26: =IF(G26=0,0,VLOOKUP(G26,Inscripciones!$B$1:$L$364,3,FALSE)) -> BYE | K26: =IF(I26=0,0,VLOOKUP(H26,Inscripciones!$B$1:$I$464,2,FALSE)) -> MONSERRAT RODRÍGUEZ SOLÍS | L26: =IF(I26=0,0,VLOOKUP(H26,Inscripciones!$B$1:$L$364,3,FALSE)) -> SAN CARLOS | M26: 0 | N26: 11 | AA26: =IF(M26+N26<>0,SUM(AF26:AL26),"") -> 0 | AB26: =IF(M26+N26<>0,SUM(AF27:AL27),"") -> 1 | AC26: =IF(AA26>AB26,AD26&" "&AE26,IF(AB26>AA26,AD26&" "&AE27,"")) -> 1 - 0 (0) | AD26: =IF(AA26>AB26,AA26&" - "&AB26,IF(AB26>AA26,AB26&" - "&AA26,"")) -> 1 - 0 | AE26: =CONCATENATE("(",AM26,AN26,AO26,AP26,AQ26,AR26,AS26,")") -> (0) | AF26: =IF(M26>N26,1,0) -> 0 | AG26: =IF(O26>P26,1,0) -> 0 | AH26: =IF(Q26>R26,1,0) -> 0 | AI26: =IF(S26>T26,1,0) -> 0 | AJ26: =IF(U26>V26,1,0) -> 0 | AK26: =IF(W26>X26,1,0) -> 0 | AL26: =IF(Y26>Z26,1,0) -> 0 | AM26: =IF(M26>N26,N26,IF(N26>M26,-M26,"")) -> 0 | AN26: =IF(O26>P26,", "&P26,IF(P26>O26,", "&-O26,"")) | AO26: =IF(Q26>R26,", "&R26,IF(R26>Q26,", "&-Q26,"")) | AP26: =IF(S26>T26,", "&T26,IF(T26>S26,", "&-S26,"")) | AQ26: =IF(U26>V26,", "&V26,IF(V26>U26,", "&-U26,"")) | AR26: =IF(W26>X26,", "&X26,IF(X26>W26,", "&-W26,"")) | AS26: =IF(Y26>Z26,", "&Z26,IF(Z26>Y26,", "&-Y26,"")) | AU26: =1+AU24 -> 12 | AV26: =VLOOKUP(AV25,$A$4:$L$83,8,FALSE) -> 3907 | AW26: =IF(AV26=0,0,VLOOKUP(AV26,Inscripciones!$B$1:$I$464,2,FALSE)) -> LUCIANA CASCANTE BARBOZA | AX26: =IF(AV26=0,0,VLOOKUP(AV26,Inscripciones!$B$1:$L$364,3,FALSE)) -> ASERRÍ | AZ26: =VLOOKUP(AV25,$A$4:$AD$87,29,FALSE) -> 1 - 0 (0) | BL26: =1+BL25 -> 22 | BM26: =C46 -> 28/Sep | BN26: =D46 -> 0 | BO26: =E46 -> 0 | BP26: JBS | BR26: 38 | BS26: =VLOOKUP(BY27,Inscripciones!$B$1:$B$364,2,FALSE) -> #REF! | BU26: =VLOOKUP(BZ27,Inscripciones!$B$1:$B$364,2,FALSE) -> #REF! | BY26: =G46 -> 4276 | BZ26: =H46 -> 4183 | CA26: =Inscripciones!$B$2 -> U13 FEMENINO | CB26: Ronda de 16 - 6
I27: 0 | J27: 0 | K27: 0 | L27: 0 | AD27: =IF(AA26>AB26,AD26&" "&AE26,IF(AB26>AA26,AD26&" "&AE27,"")) -> 1 - 0 (0) | AE27: =CONCATENATE("(",AM27,AN27,AO27,AP27,AQ27,AR27,AS27,")") -> (0) | AF27: =IF(N26>M26,1,0) -> 1 | AG27: =IF(P26>O26,1,0) -> 0 | AH27: =IF(R26>Q26,1,0) -> 0 | AI27: =IF(T26>S26,1,0) -> 0 | AJ27: =IF(V26>U26,1,0) -> 0 | AK27: =IF(X26>W26,1,0) -> 0 | AL27: =IF(Z26>Y26,1,0) -> 0 | AM27: =IF(N26>M26,M26,IF(M26>N26,-N26,"")) -> 0 | AN27: =IF(P26>O26,", "&O26,IF(O26>P26,", "&-P26,"")) | AO27: =IF(R26>Q26,", "&Q26,IF(Q26>R26,", "&-R26,"")) | AP27: =IF(T26>S26,", "&S26,IF(S26>T26,", "&-T26,"")) | AQ27: =IF(V26>U26,", "&U26,IF(U26>V26,", "&-V26,"")) | AR27: =IF(X26>W26,", "&W26,IF(W26>X26,", "&-X26,"")) | AS27: =IF(Z26>Y26,", "&Y26,IF(Y26>Z26,", "&-Z26,"")) | BB27: 26 | BC27: =VLOOKUP(BB27,$A$4:$L$83,6,FALSE) -> 28/Sep-- Table | BE27: =VLOOKUP(BE19,$A$4:$L$87,8,FALSE) -> 4274 | BF27: =IF(BE27=0,0,VLOOKUP(BE27,Inscripciones!$B$1:$I$464,2,FALSE)) -> MARÍA PAULA HERNÁNDEZ ZÚÑIGA | BG27: =IF(BE27=0,0,VLOOKUP(BE27,Inscripciones!$B$1:$L$364,3,FALSE)) -> ESCAZÚ | BL27: =1+BL26 -> 23 | BM27: =C48 -> 28/Sep | BN27: =D48 -> 0 | BO27: =E48 -> 0 | BP27: JBS | BR27: 39 | BS27: =VLOOKUP(BY28,Inscripciones!$B$1:$B$364,2,FALSE) -> #REF! | BU27: =VLOOKUP(BZ28,Inscripciones!$B$1:$B$364,2,FALSE) -> #REF! | BY27: =G48 -> 4273 | BZ27: =H48 -> 4104 | CA27: =Inscripciones!$B$2 -> U13 FEMENINO | CB27: Ronda de 16 - 7
A28: 13 | B28: 1/16 | C28: 28/Sep | F28: =C28&"-"&D28&"- Table"&E28 -> 28/Sep-- Table | G28: ='SORTEO 32'!D33 -> 4273 | H28: ='SORTEO 32'!D34 -> X | I28: =IF(G28=0,0,VLOOKUP(G28,Inscripciones!$B$1:$I$464,2,FALSE)) -> JAQUELINE HERNÁNDEZ ZUÑIGA | J28: =IF(G28=0,0,VLOOKUP(G28,Inscripciones!$B$1:$L$364,3,FALSE)) -> ESCAZÚ | K28: =IF(I28=0,0,VLOOKUP(H28,Inscripciones!$B$1:$I$464,2,FALSE)) -> BYE | L28: =IF(I28=0,0,VLOOKUP(H28,Inscripciones!$B$1:$L$364,3,FALSE)) -> BYE | M28: 11 | N28: 0 | AA28: =IF(M28+N28<>0,SUM(AF28:AL28),"") -> 1 | AB28: =IF(M28+N28<>0,SUM(AF29:AL29),"") -> 0 | AC28: =IF(AA28>AB28,AD28&" "&AE28,IF(AB28>AA28,AD28&" "&AE29,"")) -> 1 - 0 (0) | AD28: =IF(AA28>AB28,AA28&" - "&AB28,IF(AB28>AA28,AB28&" - "&AA28,"")) -> 1 - 0 | AE28: =CONCATENATE("(",AM28,AN28,AO28,AP28,AQ28,AR28,AS28,")") -> (0) | AF28: =IF(M28>N28,1,0) -> 1 | AG28: =IF(O28>P28,1,0) -> 0 | AH28: =IF(Q28>R28,1,0) -> 0 | AI28: =IF(S28>T28,1,0) -> 0 | AJ28: =IF(U28>V28,1,0) -> 0 | AK28: =IF(W28>X28,1,0) -> 0 | AL28: =IF(Y28>Z28,1,0) -> 0 | AM28: =IF(M28>N28,N28,IF(N28>M28,-M28,"")) -> 0 | AN28: =IF(O28>P28,", "&P28,IF(P28>O28,", "&-O28,"")) | AO28: =IF(Q28>R28,", "&R28,IF(R28>Q28,", "&-Q28,"")) | AP28: =IF(S28>T28,", "&T28,IF(T28>S28,", "&-S28,"")) | AQ28: =IF(U28>V28,", "&V28,IF(V28>U28,", "&-U28,"")) | AR28: =IF(W28>X28,", "&X28,IF(X28>W28,", "&-W28,"")) | AS28: =IF(Y28>Z28,", "&Z28,IF(Z28>Y28,", "&-Y28,"")) | AU28: =1+AU26 -> 13 | AV28: =VLOOKUP(AV29,$A$4:$L$83,7,FALSE) -> 4348 | AW28: =IF(AV28=0,0,VLOOKUP(AV28,Inscripciones!$B$1:$I$464,2,FALSE)) -> AMANDA PEREZ CABEZAS | AX28: =IF(AV28=0,0,VLOOKUP(AV28,Inscripciones!$B$1:$L$364,3,FALSE)) -> CORREDORES | AZ28: =VLOOKUP(AV29,$A$4:$AD$83,29,FALSE) -> 1 - 0 (0) | BF28: =VLOOKUP(BB27,$A$4:$AD$87,29,FALSE) -> 2 - 1 (-8, 7, 10) | BL28: =1+BL27 -> 24 | BM28: =C50 -> 28/Sep | BN28: =D50 -> 0 | BO28: =E50 -> 0 | BP28: JBS | BR28: 40 | BS28: =VLOOKUP(#REF!,Inscripciones!$B$1:$B$364,2,FALSE) -> #REF! | BU28: =VLOOKUP(#REF!,Inscripciones!$B$1:$B$364,2,FALSE) -> #REF! | BY28: =G50 -> 3828 | BZ28: =H50 -> 4101 | CA28: =Inscripciones!$B$2 -> U13 FEMENINO | CB28: Ronda de 16 - 8
I29: 0 | J29: 0 | K29: 0 | L29: 0 | AD29: =IF(AA28>AB28,AD28&" "&AE28,IF(AB28>AA28,AD28&" "&AE29,"")) -> 1 - 0 (0) | AE29: =CONCATENATE("(",AM29,AN29,AO29,AP29,AQ29,AR29,AS29,")") -> (0) | AF29: =IF(N28>M28,1,0) -> 0 | AG29: =IF(P28>O28,1,0) -> 0 | AH29: =IF(R28>Q28,1,0) -> 0 | AI29: =IF(T28>S28,1,0) -> 0 | AJ29: =IF(V28>U28,1,0) -> 0 | AK29: =IF(X28>W28,1,0) -> 0 | AL29: =IF(Z28>Y28,1,0) -> 0 | AM29: =IF(N28>M28,M28,IF(M28>N28,-N28,"")) -> 0 | AN29: =IF(P28>O28,", "&O28,IF(O28>P28,", "&-P28,"")) | AO29: =IF(R28>Q28,", "&Q28,IF(Q28>R28,", "&-R28,"")) | AP29: =IF(T28>S28,", "&S28,IF(S28>T28,", "&-T28,"")) | AQ29: =IF(V28>U28,", "&U28,IF(U28>V28,", "&-V28,"")) | AR29: =IF(X28>W28,", "&W28,IF(W28>X28,", "&-X28,"")) | AS29: =IF(Z28>Y28,", "&Y28,IF(Y28>Z28,", "&-Z28,"")) | AV29: 7 | AW29: =VLOOKUP(AV29,$A$4:$L$83,6,FALSE) -> 28/Sep-- Table | AY29: =VLOOKUP(AY31,$A$4:$L$87,7,FALSE) -> 4348 | AZ29: =IF(AY29=0,0,VLOOKUP(AY29,Inscripciones!$B$1:$I$464,2,FALSE)) -> AMANDA PEREZ CABEZAS | BA29: =IF(AY29=0,0,VLOOKUP(AY29,Inscripciones!$B$1:$L$364,3,FALSE)) -> CORREDORES | BL29: =1+BL28 -> 25 | BM29: =C52 -> 28/Sep | BN29: =D52 -> 0 | BO29: =E52 -> 0 | BP29: JBS | BR29: 49 | BS29: =VLOOKUP(BY30,Inscripciones!$B$1:$B$364,2,FALSE) -> #REF! | BU29: =VLOOKUP(BZ30,Inscripciones!$B$1:$B$364,2,FALSE) -> #REF! | BY29: =G52 -> 4159 | BZ29: =H52 -> 4100 | CA29: =Inscripciones!$B$2 -> U13 FEMENINO | CB29: Cuartos
A30: 14 | B30: 1/16 | C30: 28/Sep | F30: =C30&"-"&D30&"- Table"&E30 -> 28/Sep-- Table | G30: ='SORTEO 32'!D35 -> 4212 | H30: ='SORTEO 32'!D36 -> 4104 | I30: =IF(G30=0,0,VLOOKUP(G30,Inscripciones!$B$1:$I$464,2,FALSE)) -> FIORELLA RETANA AGUILAR | J30: =IF(G30=0,0,VLOOKUP(G30,Inscripciones!$B$1:$L$364,3,FALSE)) -> CURRIDABAT | K30: =IF(I30=0,0,VLOOKUP(H30,Inscripciones!$B$1:$I$464,2,FALSE)) -> ARIANA SANCHEZ DELGADO | L30: =IF(I30=0,0,VLOOKUP(H30,Inscripciones!$B$1:$L$364,3,FALSE)) -> ESCAZÚ | M30: 6 | N30: 11 | O30: 6 | P30: 11 | AA30: =IF(M30+N30<>0,SUM(AF30:AL30),"") -> 0 | AB30: =IF(M30+N30<>0,SUM(AF31:AL31),"") -> 2 | AC30: =IF(AA30>AB30,AD30&" "&AE30,IF(AB30>AA30,AD30&" "&AE31,"")) -> 2 - 0 (6, 6) | AD30: =IF(AA30>AB30,AA30&" - "&AB30,IF(AB30>AA30,AB30&" - "&AA30,"")) -> 2 - 0 | AE30: =CONCATENATE("(",AM30,AN30,AO30,AP30,AQ30,AR30,AS30,")") -> (-6, -6) | AF30: =IF(M30>N30,1,0) -> 0 | AG30: =IF(O30>P30,1,0) -> 0 | AH30: =IF(Q30>R30,1,0) -> 0 | AI30: =IF(S30>T30,1,0) -> 0 | AJ30: =IF(U30>V30,1,0) -> 0 | AK30: =IF(W30>X30,1,0) -> 0 | AL30: =IF(Y30>Z30,1,0) -> 0 | AM30: =IF(M30>N30,N30,IF(N30>M30,-M30,"")) -> -6 | AN30: =IF(O30>P30,", "&P30,IF(P30>O30,", "&-O30,"")) -> , -6 | AO30: =IF(Q30>R30,", "&R30,IF(R30>Q30,", "&-Q30,"")) | AP30: =IF(S30>T30,", "&T30,IF(T30>S30,", "&-S30,"")) | AQ30: =IF(U30>V30,", "&V30,IF(V30>U30,", "&-U30,"")) | AR30: =IF(W30>X30,", "&X30,IF(X30>W30,", "&-W30,"")) | AS30: =IF(Y30>Z30,", "&Z30,IF(Z30>Y30,", "&-Y30,"")) | AU30: =1+AU28 -> 14 | AV30: =VLOOKUP(AV29,$A$4:$L$83,8,FALSE) -> X | AW30: =IF(AV30=0,0,VLOOKUP(AV30,Inscripciones!$B$1:$I$464,2,FALSE)) -> BYE | AX30: =IF(AV30=0,0,VLOOKUP(AV30,Inscripciones!$B$1:$L$364,3,FALSE)) -> BYE | BL30: =1+BL29 -> 26 | BM30: =C54 -> 28/Sep | BN30: =D54 -> 0 | BO30: =E54 -> 0 | BP30: JBS | BR30: 50 | BS30: =VLOOKUP(BY31,Inscripciones!$B$1:$B$364,2,FALSE) -> #REF! | BU30: =VLOOKUP(BZ31,Inscripciones!$B$1:$B$364,2,FALSE) -> #REF! | BY30: =G54 -> 4274 | BZ30: =H54 -> 4176 | CA30: =Inscripciones!$B$2 -> U13 FEMENINO | CB30: Cuartos
I31: 0 | J31: 0 | K31: 0 | L31: 0 | AD31: =IF(AA30>AB30,AD30&" "&AE30,IF(AB30>AA30,AD30&" "&AE31,"")) -> 2 - 0 (6, 6) | AE31: =CONCATENATE("(",AM31,AN31,AO31,AP31,AQ31,AR31,AS31,")") -> (6, 6) | AF31: =IF(N30>M30,1,0) -> 1 | AG31: =IF(P30>O30,1,0) -> 1 | AH31: =IF(R30>Q30,1,0) -> 0 | AI31: =IF(T30>S30,1,0) -> 0 | AJ31: =IF(V30>U30,1,0) -> 0 | AK31: =IF(X30>W30,1,0) -> 0 | AL31: =IF(Z30>Y30,1,0) -> 0 | AM31: =IF(N30>M30,M30,IF(M30>N30,-N30,"")) -> 6 | AN31: =IF(P30>O30,", "&O30,IF(O30>P30,", "&-P30,"")) -> , 6 | AO31: =IF(R30>Q30,", "&Q30,IF(Q30>R30,", "&-R30,"")) | AP31: =IF(T30>S30,", "&S30,IF(S30>T30,", "&-T30,"")) | AQ31: =IF(V30>U30,", "&U30,IF(U30>V30,", "&-V30,"")) | AR31: =IF(X30>W30,", "&W30,IF(W30>X30,", "&-X30,"")) | AS31: =IF(Z30>Y30,", "&Y30,IF(Y30>Z30,", "&-Z30,"")) | AY31: 20 | AZ31: =VLOOKUP(AY31,$A$4:$L$83,6,FALSE) -> 28/Sep-- Table | BB31: =VLOOKUP(BB27,$A$4:$L$87,8,FALSE) -> 4176 | BC31: =IF(BB31=0,0,VLOOKUP(BB31,Inscripciones!$B$1:$I$464,2,FALSE)) -> LÍA SOFÍA SOLÍS VÁSQUEZ | BD31: =IF(BB31=0,0,VLOOKUP(BB31,Inscripciones!$B$1:$L$364,3,FALSE)) -> ESPARZA | BL31: =1+BL30 -> 27 | BM31: =C56 -> 28/Sep | BN31: =D56 -> 0 | BO31: =E56 -> 0 | BP31: JBS | BR31: 51 | BS31: =VLOOKUP(BY32,Inscripciones!$B$1:$B$364,2,FALSE) -> #REF! | BU31: =VLOOKUP(BZ32,Inscripciones!$B$1:$B$364,2,FALSE) -> #REF! | BY31: =G56 -> 3918 | BZ31: =H56 -> 4183 | CA31: =Inscripciones!$B$2 -> U13 FEMENINO | CB31: Cuartos
A32: 15 | B32: 1/16 | C32: 28/Sep | F32: =C32&"-"&D32&"- Table"&E32 -> 28/Sep-- Table | G32: ='SORTEO 32'!D37 -> 3828 | H32: ='SORTEO 32'!D38 -> X | I32: =IF(G32=0,0,VLOOKUP(G32,Inscripciones!$B$1:$I$464,2,FALSE)) -> AMANDA CHEN CEN | J32: =IF(G32=0,0,VLOOKUP(G32,Inscripciones!$B$1:$L$364,3,FALSE)) -> ESCAZÚ | K32: =IF(I32=0,0,VLOOKUP(H32,Inscripciones!$B$1:$I$464,2,FALSE)) -> BYE | L32: =IF(I32=0,0,VLOOKUP(H32,Inscripciones!$B$1:$L$364,3,FALSE)) -> BYE | M32: 11 | N32: 0 | AA32: =IF(M32+N32<>0,SUM(AF32:AL32),"") -> 1 | AB32: =IF(M32+N32<>0,SUM(AF33:AL33),"") -> 0 | AC32: =IF(AA32>AB32,AD32&" "&AE32,IF(AB32>AA32,AD32&" "&AE33,"")) -> 1 - 0 (0) | AD32: =IF(AA32>AB32,AA32&" - "&AB32,IF(AB32>AA32,AB32&" - "&AA32,"")) -> 1 - 0 | AE32: =CONCATENATE("(",AM32,AN32,AO32,AP32,AQ32,AR32,AS32,")") -> (0) | AF32: =IF(M32>N32,1,0) -> 1 | AG32: =IF(O32>P32,1,0) -> 0 | AH32: =IF(Q32>R32,1,0) -> 0 | AI32: =IF(S32>T32,1,0) -> 0 | AJ32: =IF(U32>V32,1,0) -> 0 | AK32: =IF(W32>X32,1,0) -> 0 | AL32: =IF(Y32>Z32,1,0) -> 0 | AM32: =IF(M32>N32,N32,IF(N32>M32,-M32,"")) -> 0 | AN32: =IF(O32>P32,", "&P32,IF(P32>O32,", "&-O32,"")) | AO32: =IF(Q32>R32,", "&R32,IF(R32>Q32,", "&-Q32,"")) | AP32: =IF(S32>T32,", "&T32,IF(T32>S32,", "&-S32,"")) | AQ32: =IF(U32>V32,", "&V32,IF(V32>U32,", "&-U32,"")) | AR32: =IF(W32>X32,", "&X32,IF(X32>W32,", "&-W32,"")) | AS32: =IF(Y32>Z32,", "&Z32,IF(Z32>Y32,", "&-Y32,"")) | AU32: =1+AU30 -> 15 | AV32: =VLOOKUP(AV33,$A$4:$L$83,7,FALSE) -> X | AW32: =IF(AV32=0,0,VLOOKUP(AV32,Inscripciones!$B$1:$I$464,2,FALSE)) -> BYE | AX32: =IF(AV32=0,0,VLOOKUP(AV32,Inscripciones!$B$1:$L$364,3,FALSE)) -> BYE | BC32: =VLOOKUP(AY31,$A$4:$AD$87,29,FALSE) -> 2 - 0 (5, 7) | BL32: =1+BL31 -> 28 | BM32: =C58 -> 28/Sep | BN32: =D58 -> 0 | BO32: =E58 -> 0 | BP32: JBS | BR32: 52 | BS32: =VLOOKUP(#REF!,Inscripciones!$B$1:$B$364,2,FALSE) -> #REF! | BU32: =VLOOKUP(#REF!,Inscripciones!$B$1:$B$364,2,FALSE) -> #REF! | BY32: =G58 -> 4273 | BZ32: =H58 -> 4101 | CA32: =Inscripciones!$B$2 -> U13 FEMENINO | CB32: Cuartos
I33: 0 | J33: 0 | K33: 0 | L33: 0 | AD33: =IF(AA32>AB32,AD32&" "&AE32,IF(AB32>AA32,AD32&" "&AE33,"")) -> 1 - 0 (0) | AE33: =CONCATENATE("(",AM33,AN33,AO33,AP33,AQ33,AR33,AS33,")") -> (0) | AF33: =IF(N32>M32,1,0) -> 0 | AG33: =IF(P32>O32,1,0) -> 0 | AH33: =IF(R32>Q32,1,0) -> 0 | AI33: =IF(T32>S32,1,0) -> 0 | AJ33: =IF(V32>U32,1,0) -> 0 | AK33: =IF(X32>W32,1,0) -> 0 | AL33: =IF(Z32>Y32,1,0) -> 0 | AM33: =IF(N32>M32,M32,IF(M32>N32,-N32,"")) -> 0 | AN33: =IF(P32>O32,", "&O32,IF(O32>P32,", "&-P32,"")) | AO33: =IF(R32>Q32,", "&Q32,IF(Q32>R32,", "&-R32,"")) | AP33: =IF(T32>S32,", "&S32,IF(S32>T32,", "&-T32,"")) | AQ33: =IF(V32>U32,", "&U32,IF(U32>V32,", "&-V32,"")) | AR33: =IF(X32>W32,", "&W32,IF(W32>X32,", "&-X32,"")) | AS33: =IF(Z32>Y32,", "&Y32,IF(Y32>Z32,", "&-Z32,"")) | AV33: 8 | AW33: =VLOOKUP(AV33,$A$4:$L$83,6,FALSE) -> 28/Sep-- Table | AY33: =VLOOKUP(AY31,$A$4:$L$87,8,FALSE) -> 4176 | AZ33: =IF(AY33=0,0,VLOOKUP(AY33,Inscripciones!$B$1:$I$464,2,FALSE)) -> LÍA SOFÍA SOLÍS VÁSQUEZ | BA33: =IF(AY33=0,0,VLOOKUP(AY33,Inscripciones!$B$1:$L$364,3,FALSE)) -> ESPARZA | BL33: =1+BL32 -> 29 | BM33: =C60 -> 28/Sep | BN33: =D60 -> 0 | BO33: =E60 -> 0 | BP33: JBS | BR33: 57 | BS33: =VLOOKUP(BY34,Inscripciones!$B$1:$B$364,2,FALSE) -> #REF! | BU33: =VLOOKUP(BZ34,Inscripciones!$B$1:$B$364,2,FALSE) -> #REF! | BY33: =G60 -> 4159 | BZ33: =H60 -> 4274 | CA33: =Inscripciones!$B$2 -> U13 FEMENINO | CB33: Semifinal
A34: 16 | B34: 1/16 | C34: 28/Sep | F34: =C34&"-"&D34&"- Table"&E34 -> 28/Sep-- Table | G34: ='SORTEO 32'!D39 -> X | H34: ='SORTEO 32'!D40 -> 4101 | I34: =IF(G34=0,0,VLOOKUP(G34,Inscripciones!$B$1:$I$464,2,FALSE)) -> BYE | J34: =IF(G34=0,0,VLOOKUP(G34,Inscripciones!$B$1:$L$364,3,FALSE)) -> BYE | K34: =IF(I34=0,0,VLOOKUP(H34,Inscripciones!$B$1:$I$464,2,FALSE)) -> ABIGAIL QUIROS BALTODANO | L34: =IF(I34=0,0,VLOOKUP(H34,Inscripciones!$B$1:$L$364,3,FALSE)) -> ESPARZA | M34: 0 | N34: 11 | AA34: =IF(M34+N34<>0,SUM(AF34:AL34),"") -> 0 | AB34: =IF(M34+N34<>0,SUM(AF35:AL35),"") -> 1 | AC34: =IF(AA34>AB34,AD34&" "&AE34,IF(AB34>AA34,AD34&" "&AE35,"")) -> 1 - 0 (0) | AD34: =IF(AA34>AB34,AA34&" - "&AB34,IF(AB34>AA34,AB34&" - "&AA34,"")) -> 1 - 0 | AE34: =CONCATENATE("(",AM34,AN34,AO34,AP34,AQ34,AR34,AS34,")") -> (0) | AF34: =IF(M34>N34,1,0) -> 0 | AG34: =IF(O34>P34,1,0) -> 0 | AH34: =IF(Q34>R34,1,0) -> 0 | AI34: =IF(S34>T34,1,0) -> 0 | AJ34: =IF(U34>V34,1,0) -> 0 | AK34: =IF(W34>X34,1,0) -> 0 | AL34: =IF(Y34>Z34,1,0) -> 0 | AM34: =IF(M34>N34,N34,IF(N34>M34,-M34,"")) -> 0 | AN34: =IF(O34>P34,", "&P34,IF(P34>O34,", "&-O34,"")) | AO34: =IF(Q34>R34,", "&R34,IF(R34>Q34,", "&-Q34,"")) | AP34: =IF(S34>T34,", "&T34,IF(T34>S34,", "&-S34,"")) | AQ34: =IF(U34>V34,", "&V34,IF(V34>U34,", "&-U34,"")) | AR34: =IF(W34>X34,", "&X34,IF(X34>W34,", "&-W34,"")) | AS34: =IF(Y34>Z34,", "&Z34,IF(Z34>Y34,", "&-Y34,"")) | AU34: =1+AU32 -> 16 | AV34: =VLOOKUP(AV33,$A$4:$L$83,8,FALSE) -> 4176 | AW34: =IF(AV34=0,0,VLOOKUP(AV34,Inscripciones!$B$1:$I$464,2,FALSE)) -> LÍA SOFÍA SOLÍS VÁSQUEZ | AX34: =IF(AV34=0,0,VLOOKUP(AV34,Inscripciones!$B$1:$L$364,3,FALSE)) -> ESPARZA | AZ34: =VLOOKUP(AV33,$A$4:$AD$87,29,FALSE) -> 1 - 0 (0) | BH34: 32 | BI34: =VLOOKUP(BH34,$A$4:$L$83,6,FALSE) -> 28/Sep-- Table | BL34: =1+BL33 -> 30 | BM34: =C62 -> 28/Sep | BN34: =D62 -> 0 | BO34: =E62 -> 0 | BP34: JBS | BR34: 58 | BS34: =VLOOKUP(#REF!,Inscripciones!$B$1:$B$364,2,FALSE) -> #REF! | BU34: =VLOOKUP(#REF!,Inscripciones!$B$1:$B$364,2,FALSE) -> #REF! | BY34: =G62 -> 3918 | BZ34: =H62 -> 4101 | CA34: =Inscripciones!$B$2 -> U13 FEMENINO | CB34: Semifinal
I35: 0 | J35: 0 | K35: 0 | L35: 0 | AD35: =IF(AA34>AB34,AD34&" "&AE34,IF(AB34>AA34,AD34&" "&AE35,"")) -> 1 - 0 (0) | AE35: =CONCATENATE("(",AM35,AN35,AO35,AP35,AQ35,AR35,AS35,")") -> (0) | AF35: =IF(N34>M34,1,0) -> 1 | AG35: =IF(P34>O34,1,0) -> 0 | AH35: =IF(R34>Q34,1,0) -> 0 | AI35: =IF(T34>S34,1,0) -> 0 | AJ35: =IF(V34>U34,1,0) -> 0 | AK35: =IF(X34>W34,1,0) -> 0 | AL35: =IF(Z34>Y34,1,0) -> 0 | AM35: =IF(N34>M34,M34,IF(M34>N34,-N34,"")) -> 0 | AN35: =IF(P34>O34,", "&O34,IF(O34>P34,", "&-P34,"")) | AO35: =IF(R34>Q34,", "&Q34,IF(Q34>R34,", "&-R34,"")) | AP35: =IF(T34>S34,", "&S34,IF(S34>T34,", "&-T34,"")) | AQ35: =IF(V34>U34,", "&U34,IF(U34>V34,", "&-V34,"")) | AR35: =IF(X34>W34,", "&W34,IF(W34>X34,", "&-X34,"")) | AS35: =IF(Z34>Y34,", "&Y34,IF(Y34>Z34,", "&-Z34,"")) | BG35: CAMPEÓN: | BH35: =G70 -> 4159 | BI35: =IF(BH35=0,0,VLOOKUP(BH35,Inscripciones!$B$1:$I$464,2,FALSE)) -> MARÍA FERNANDA ZELEDÓN HERRERA | BJ35: =IF(BH35=0,0,VLOOKUP(BH35,Inscripciones!$B$1:$L$364,3,FALSE)) -> ESPARZA | BL35: =1+BL34 -> 31 | BM35: =C64 -> 28/Sep | BN35: =D64 -> 0 | BO35: =E64 -> 0 | BP35: JBS | BR35: 63 | BS35: =VLOOKUP(BY36,Inscripciones!$B$1:$B$364,2,FALSE) -> #REF! | BU35: =VLOOKUP(BZ36,Inscripciones!$B$1:$B$364,2,FALSE) -> #REF! | BY35: =G64 -> 4274 | BZ35: =H64 -> 4101 | CA35: =Inscripciones!$B$2 -> U13 FEMENINO | CB35: 3 y 4 puesto
A36: 17 | B36: 1/8 | C36: 28/Sep | F36: =C36&"-"&D36&"- Table"&E36 -> 28/Sep-- Table | G36: =IF(M4="",0,IF(AA4>AB4,G4,H4)) -> 4159 | H36: =IF(M6="",0,IF(AA6>AB6,G6,H6)) -> 4191 | I36: =IF(G36=0,0,VLOOKUP(G36,Inscripciones!$B$1:$I$464,2,FALSE)) -> MARÍA FERNANDA ZELEDÓN HERRERA | J36: =IF(G36=0,0,VLOOKUP(G36,Inscripciones!$B$1:$L$364,3,FALSE)) -> ESPARZA | K36: =IF(I36=0,0,VLOOKUP(H36,Inscripciones!$B$1:$I$464,2,FALSE)) -> ISABELA CHACÓN ALVARADO | L36: =IF(I36=0,0,VLOOKUP(H36,Inscripciones!$B$1:$L$364,3,FALSE)) -> CCDR SAN JOSÉ | M36: 11 | N36: 8 | O36: 11 | P36: 6 | AA36: =IF(M36+N36<>0,SUM(AF36:AL36),"") -> 2 | AB36: =IF(M36+N36<>0,SUM(AF37:AL37),"") -> 0 | AC36: =IF(AA36>AB36,AD36&" "&AE36,IF(AB36>AA36,AD36&" "&AE37,"")) -> 2 - 0 (8, 6) | AD36: =IF(AA36>AB36,AA36&" - "&AB36,IF(AB36>AA36,AB36&" - "&AA36,"")) -> 2 - 0 | AE36: =CONCATENATE("(",AM36,AN36,AO36,AP36,AQ36,AR36,AS36,")") -> (8, 6) | AF36: =IF(M36>N36,1,0) -> 1 | AG36: =IF(O36>P36,1,0) -> 1 | AH36: =IF(Q36>R36,1,0) -> 0 | AI36: =IF(S36>T36,1,0) -> 0 | AJ36: =IF(U36>V36,1,0) -> 0 | AK36: =IF(W36>X36,1,0) -> 0 | AL36: =IF(Y36>Z36,1,0) -> 0 | AM36: =IF(M36>N36,N36,IF(N36>M36,-M36,"")) -> 8 | AN36: =IF(O36>P36,", "&P36,IF(P36>O36,", "&-O36,"")) -> , 6 | AO36: =IF(Q36>R36,", "&R36,IF(R36>Q36,", "&-Q36,"")) | AP36: =IF(S36>T36,", "&T36,IF(T36>S36,", "&-S36,"")) | AQ36: =IF(U36>V36,", "&V36,IF(V36>U36,", "&-U36,"")) | AR36: =IF(W36>X36,", "&X36,IF(X36>W36,", "&-W36,"")) | AS36: =IF(Y36>Z36,", "&Z36,IF(Z36>Y36,", "&-Y36,"")) | AU36: =1+AU34 -> 17 | AV36: =VLOOKUP(AV37,$A$4:$L$83,7,FALSE) -> 3918 | AW36: =IF(AV36=0,0,VLOOKUP(AV36,Inscripciones!$B$1:$I$464,2,FALSE)) -> MARIANA SOTO CALDERON | AX36: =IF(AV36=0,0,VLOOKUP(AV36,Inscripciones!$B$1:$L$364,3,FALSE)) -> ESPARZA | AZ36: =VLOOKUP(AV37,$A$4:$AD$83,29,FALSE) -> 1 - 0 (0) | BI36: =VLOOKUP(BH34,$A$4:$AD$87,29,FALSE) -> 3 - 0 (8, 7, 8) | BL36: =1+BL35 -> 32 | BM36: =C66 -> 28/Sep | BN36: =D66 -> 0 | BO36: =E66 -> 0 | BP36: JBS | BR36: 64 | BS36: =VLOOKUP(#REF!,Inscripciones!$B$1:$B$364,2,FALSE) -> #REF! | BU36: =VLOOKUP(#REF!,Inscripciones!$B$1:$B$364,2,FALSE) -> #REF! | BY36: =G66 -> 4159 | BZ36: =H66 -> 3918 | CA36: =Inscripciones!$B$2 -> U13 FEMENINO | CB36: FINAL
G37: - | H37: - | K37: 0 | L37: 0 | AD37: =IF(AA36>AB36,AD36&" "&AE36,IF(AB36>AA36,AD36&" "&AE37,"")) -> 2 - 0 (8, 6) | AE37: =CONCATENATE("(",AM37,AN37,AO37,AP37,AQ37,AR37,AS37,")") -> (-8, -6) | AF37: =IF(N36>M36,1,0) -> 0 | AG37: =IF(P36>O36,1,0) -> 0 | AH37: =IF(R36>Q36,1,0) -> 0 | AI37: =IF(T36>S36,1,0) -> 0 | AJ37: =IF(V36>U36,1,0) -> 0 | AK37: =IF(X36>W36,1,0) -> 0 | AL37: =IF(Z36>Y36,1,0) -> 0 | AM37: =IF(N36>M36,M36,IF(M36>N36,-N36,"")) -> -8 | AN37: =IF(P36>O36,", "&O36,IF(O36>P36,", "&-P36,"")) -> , -6 | AO37: =IF(R36>Q36,", "&Q36,IF(Q36>R36,", "&-R36,"")) | AP37: =IF(T36>S36,", "&S36,IF(S36>T36,", "&-T36,"")) | AQ37: =IF(V36>U36,", "&U36,IF(U36>V36,", "&-V36,"")) | AR37: =IF(X36>W36,", "&W36,IF(W36>X36,", "&-X36,"")) | AS37: =IF(Z36>Y36,", "&Y36,IF(Y36>Z36,", "&-Z36,"")) | AV37: 9 | AW37: =VLOOKUP(AV37,$A$4:$L$83,6,FALSE) -> 28/Sep-- Table | AY37: =VLOOKUP(AY39,$A$4:$L$87,7,FALSE) -> 3918 | AZ37: =IF(AY37=0,0,VLOOKUP(AY37,Inscripciones!$B$1:$I$464,2,FALSE)) -> MARIANA SOTO CALDERON | BA37: =IF(AY37=0,0,VLOOKUP(AY37,Inscripciones!$B$1:$L$364,3,FALSE)) -> ESPARZA
A38: 18 | B38: 1/8 | C38: 28/Sep | F38: =C38&"-"&D38&"- Table"&E38 -> 28/Sep-- Table | G38: =IF(M8="",0,IF(AA8>AB8,G8,H8)) -> 3912 | H38: =IF(M10="",0,IF(AA10>AB10,G10,H10)) -> 4100 | I38: =IF(G38=0,0,VLOOKUP(G38,Inscripciones!$B$1:$I$464,2,FALSE)) -> AMBAR PADILLA GRANADOS | J38: =IF(G38=0,0,VLOOKUP(G38,Inscripciones!$B$1:$L$364,3,FALSE)) -> PÉREZ ZELEDÓN | K38: =IF(I38=0,0,VLOOKUP(H38,Inscripciones!$B$1:$I$464,2,FALSE)) -> BRENDA HERRERA RIVAS | L38: =IF(I38=0,0,VLOOKUP(H38,Inscripciones!$B$1:$L$364,3,FALSE)) -> ESPARZA | M38: 5 | N38: 11 | O38: 7 | P38: 11 | AA38: =IF(M38+N38<>0,SUM(AF38:AL38),"") -> 0 | AB38: =IF(M38+N38<>0,SUM(AF39:AL39),"") -> 2 | AC38: =IF(AA38>AB38,AD38&" "&AE38,IF(AB38>AA38,AD38&" "&AE39,"")) -> 2 - 0 (5, 7) | AD38: =IF(AA38>AB38,AA38&" - "&AB38,IF(AB38>AA38,AB38&" - "&AA38,"")) -> 2 - 0 | AE38: =CONCATENATE("(",AM38,AN38,AO38,AP38,AQ38,AR38,AS38,")") -> (-5, -7) | AF38: =IF(M38>N38,1,0) -> 0 | AG38: =IF(O38>P38,1,0) -> 0 | AH38: =IF(Q38>R38,1,0) -> 0 | AI38: =IF(S38>T38,1,0) -> 0 | AJ38: =IF(U38>V38,1,0) -> 0 | AK38: =IF(W38>X38,1,0) -> 0 | AL38: =IF(Y38>Z38,1,0) -> 0 | AM38: =IF(M38>N38,N38,IF(N38>M38,-M38,"")) -> -5 | AN38: =IF(O38>P38,", "&P38,IF(P38>O38,", "&-O38,"")) -> , -7 | AO38: =IF(Q38>R38,", "&R38,IF(R38>Q38,", "&-Q38,"")) | AP38: =IF(S38>T38,", "&T38,IF(T38>S38,", "&-S38,"")) | AQ38: =IF(U38>V38,", "&V38,IF(V38>U38,", "&-U38,"")) | AR38: =IF(W38>X38,", "&X38,IF(X38>W38,", "&-W38,"")) | AS38: =IF(Y38>Z38,", "&Z38,IF(Z38>Y38,", "&-Y38,"")) | AU38: =1+AU36 -> 18 | AV38: =VLOOKUP(AV37,$A$4:$L$83,8,FALSE) -> X | AW38: =IF(AV38=0,0,VLOOKUP(AV38,Inscripciones!$B$1:$I$464,2,FALSE)) -> BYE | AX38: =IF(AV38=0,0,VLOOKUP(AV38,Inscripciones!$B$1:$L$364,3,FALSE)) -> BYE | BC38: =VLOOKUP(AY39,$A$4:$AD$83,29,FALSE) -> 2 - 0 (4, 10)
G39: - | H39: - | K39: 0 | L39: 0 | AD39: =IF(AA38>AB38,AD38&" "&AE38,IF(AB38>AA38,AD38&" "&AE39,"")) -> 2 - 0 (5, 7) | AE39: =CONCATENATE("(",AM39,AN39,AO39,AP39,AQ39,AR39,AS39,")") -> (5, 7) | AF39: =IF(N38>M38,1,0) -> 1 | AG39: =IF(P38>O38,1,0) -> 1 | AH39: =IF(R38>Q38,1,0) -> 0 | AI39: =IF(T38>S38,1,0) -> 0 | AJ39: =IF(V38>U38,1,0) -> 0 | AK39: =IF(X38>W38,1,0) -> 0 | AL39: =IF(Z38>Y38,1,0) -> 0 | AM39: =IF(N38>M38,M38,IF(M38>N38,-N38,"")) -> 5 | AN39: =IF(P38>O38,", "&O38,IF(O38>P38,", "&-P38,"")) -> , 7 | AO39: =IF(R38>Q38,", "&Q38,IF(Q38>R38,", "&-R38,"")) | AP39: =IF(T38>S38,", "&S38,IF(S38>T38,", "&-T38,"")) | AQ39: =IF(V38>U38,", "&U38,IF(U38>V38,", "&-V38,"")) | AR39: =IF(X38>W38,", "&W38,IF(W38>X38,", "&-X38,"")) | AS39: =IF(Z38>Y38,", "&Y38,IF(Y38>Z38,", "&-Z38,"")) | AY39: 21 | AZ39: =VLOOKUP(AY39,$A$4:$L$83,6,FALSE) -> 28/Sep-- Table | BB39: =VLOOKUP(BB43,$A$4:$L$87,7,FALSE) -> 3918 | BC39: =IF(BB39=0,0,VLOOKUP(BB39,Inscripciones!$B$1:$I$464,2,FALSE)) -> MARIANA SOTO CALDERON | BD39: =IF(BB39=0,0,VLOOKUP(BB39,Inscripciones!$B$1:$L$364,3,FALSE)) -> ESPARZA
A40: 19 | B40: 1/8 | C40: 28/Sep | F40: =C40&"-"&D40&"- Table"&E40 -> 28/Sep-- Table | G40: =IF(M12="",0,IF(AA12>AB12,G12,H12)) -> 4274 | H40: =IF(M14="",0,IF(AA14>AB14,G14,H14)) -> 3907 | I40: =IF(G40=0,0,VLOOKUP(G40,Inscripciones!$B$1:$I$464,2,FALSE)) -> MARÍA PAULA HERNÁNDEZ ZÚÑIGA | J40: =IF(G40=0,0,VLOOKUP(G40,Inscripciones!$B$1:$L$364,3,FALSE)) -> ESCAZÚ | K40: =IF(I40=0,0,VLOOKUP(H40,Inscripciones!$B$1:$I$464,2,FALSE)) -> LUCIANA CASCANTE BARBOZA | L40: =IF(I40=0,0,VLOOKUP(H40,Inscripciones!$B$1:$L$364,3,FALSE)) -> ASERRÍ | M40: 11 | N40: 7 | O40: 11 | P40: 3 | AA40: =IF(M40+N40<>0,SUM(AF40:AL40),"") -> 2 | AB40: =IF(M40+N40<>0,SUM(AF41:AL41),"") -> 0 | AC40: =IF(AA40>AB40,AD40&" "&AE40,IF(AB40>AA40,AD40&" "&AE41,"")) -> 2 - 0 (7, 3) | AD40: =IF(AA40>AB40,AA40&" - "&AB40,IF(AB40>AA40,AB40&" - "&AA40,"")) -> 2 - 0 | AE40: =CONCATENATE("(",AM40,AN40,AO40,AP40,AQ40,AR40,AS40,")") -> (7, 3) | AF40: =IF(M40>N40,1,0) -> 1 | AG40: =IF(O40>P40,1,0) -> 1 | AH40: =IF(Q40>R40,1,0) -> 0 | AI40: =IF(S40>T40,1,0) -> 0 | AJ40: =IF(U40>V40,1,0) -> 0 | AK40: =IF(W40>X40,1,0) -> 0 | AL40: =IF(Y40>Z40,1,0) -> 0 | AM40: =IF(M40>N40,N40,IF(N40>M40,-M40,"")) -> 7 | AN40: =IF(O40>P40,", "&P40,IF(P40>O40,", "&-O40,"")) -> , 3 | AO40: =IF(Q40>R40,", "&R40,IF(R40>Q40,", "&-Q40,"")) | AP40: =IF(S40>T40,", "&T40,IF(T40>S40,", "&-S40,"")) | AQ40: =IF(U40>V40,", "&V40,IF(V40>U40,", "&-U40,"")) | AR40: =IF(W40>X40,", "&X40,IF(X40>W40,", "&-W40,"")) | AS40: =IF(Y40>Z40,", "&Z40,IF(Z40>Y40,", "&-Y40,"")) | AU40: =1+AU38 -> 19 | AV40: =VLOOKUP(AV41,$A$4:$L$83,7,FALSE) -> X | AW40: =IF(AV40=0,0,VLOOKUP(AV40,Inscripciones!$B$1:$I$464,2,FALSE)) -> BYE | AX40: =IF(AV40=0,0,VLOOKUP(AV40,Inscripciones!$B$1:$L$364,3,FALSE)) -> BYE
G41: - | H41: - | K41: 0 | L41: 0 | AD41: =IF(AA40>AB40,AD40&" "&AE40,IF(AB40>AA40,AD40&" "&AE41,"")) -> 2 - 0 (7, 3) | AE41: =CONCATENATE("(",AM41,AN41,AO41,AP41,AQ41,AR41,AS41,")") -> (-7, -3) | AF41: =IF(N40>M40,1,0) -> 0 | AG41: =IF(P40>O40,1,0) -> 0 | AH41: =IF(R40>Q40,1,0) -> 0 | AI41: =IF(T40>S40,1,0) -> 0 | AJ41: =IF(V40>U40,1,0) -> 0 | AK41: =IF(X40>W40,1,0) -> 0 | AL41: =IF(Z40>Y40,1,0) -> 0 | AM41: =IF(N40>M40,M40,IF(M40>N40,-N40,"")) -> -7 | AN41: =IF(P40>O40,", "&O40,IF(O40>P40,", "&-P40,"")) -> , -3 | AO41: =IF(R40>Q40,", "&Q40,IF(Q40>R40,", "&-R40,"")) | AP41: =IF(T40>S40,", "&S40,IF(S40>T40,", "&-T40,"")) | AQ41: =IF(V40>U40,", "&U40,IF(U40>V40,", "&-V40,"")) | AR41: =IF(X40>W40,", "&W40,IF(W40>X40,", "&-X40,"")) | AS41: =IF(Z40>Y40,", "&Y40,IF(Y40>Z40,", "&-Z40,"")) | AV41: 10 | AW41: =VLOOKUP(AV41,$A$4:$L$83,6,FALSE) -> 28/Sep-- Table | AY41: =VLOOKUP(AY39,$A$4:$L$87,8,FALSE) -> 4673 | AZ41: =IF(AY41=0,0,VLOOKUP(AY41,Inscripciones!$B$1:$I$464,2,FALSE)) -> ALINA CHACON RETANA | BA41: =IF(AY41=0,0,VLOOKUP(AY41,Inscripciones!$B$1:$L$364,3,FALSE)) -> SAN CARLOS
A42: 20 | B42: 1/8 | C42: 28/Sep | F42: =C42&"-"&D42&"- Table"&E42 -> 28/Sep-- Table | G42: =IF(M16="",0,IF(AA16>AB16,G16,H16)) -> 4348 | H42: =IF(M18="",0,IF(AA18>AB18,G18,H18)) -> 4176 | I42: =IF(G42=0,0,VLOOKUP(G42,Inscripciones!$B$1:$I$464,2,FALSE)) -> AMANDA PEREZ CABEZAS | J42: =IF(G42=0,0,VLOOKUP(G42,Inscripciones!$B$1:$L$364,3,FALSE)) -> CORREDORES | K42: =IF(I42=0,0,VLOOKUP(H42,Inscripciones!$B$1:$I$464,2,FALSE)) -> LÍA SOFÍA SOLÍS VÁSQUEZ | L42: =IF(I42=0,0,VLOOKUP(H42,Inscripciones!$B$1:$L$364,3,FALSE)) -> ESPARZA | M42: 5 | N42: 11 | O42: 7 | P42: 11 | AA42: =IF(M42+N42<>0,SUM(AF42:AL42),"") -> 0 | AB42: =IF(M42+N42<>0,SUM(AF43:AL43),"") -> 2 | AC42: =IF(AA42>AB42,AD42&" "&AE42,IF(AB42>AA42,AD42&" "&AE43,"")) -> 2 - 0 (5, 7) | AD42: =IF(AA42>AB42,AA42&" - "&AB42,IF(AB42>AA42,AB42&" - "&AA42,"")) -> 2 - 0 | AE42: =CONCATENATE("(",AM42,AN42,AO42,AP42,AQ42,AR42,AS42,")") -> (-5, -7) | AF42: =IF(M42>N42,1,0) -> 0 | AG42: =IF(O42>P42,1,0) -> 0 | AH42: =IF(Q42>R42,1,0) -> 0 | AI42: =IF(S42>T42,1,0) -> 0 | AJ42: =IF(U42>V42,1,0) -> 0 | AK42: =IF(W42>X42,1,0) -> 0 | AL42: =IF(Y42>Z42,1,0) -> 0 | AM42: =IF(M42>N42,N42,IF(N42>M42,-M42,"")) -> -5 | AN42: =IF(O42>P42,", "&P42,IF(P42>O42,", "&-O42,"")) -> , -7 | AO42: =IF(Q42>R42,", "&R42,IF(R42>Q42,", "&-Q42,"")) | AP42: =IF(S42>T42,", "&T42,IF(T42>S42,", "&-S42,"")) | AQ42: =IF(U42>V42,", "&V42,IF(V42>U42,", "&-U42,"")) | AR42: =IF(W42>X42,", "&X42,IF(X42>W42,", "&-W42,"")) | AS42: =IF(Y42>Z42,", "&Z42,IF(Z42>Y42,", "&-Y42,"")) | AU42: =1+AU40 -> 20 | AV42: =VLOOKUP(AV41,$A$4:$L$83,8,FALSE) -> 4673 | AW42: =IF(AV42=0,0,VLOOKUP(AV42,Inscripciones!$B$1:$I$464,2,FALSE)) -> ALINA CHACON RETANA | AX42: =IF(AV42=0,0,VLOOKUP(AV42,Inscripciones!$B$1:$L$364,3,FALSE)) -> SAN CARLOS | AZ42: =VLOOKUP(AV41,$A$4:$AD$87,29,FALSE) -> 1 - 0 (0) | BF42: =VLOOKUP(BB43,$A$4:$AD$83,29,FALSE) -> 2 - 1 (-8, 4, 9)
G43: - | H43: - | K43: 0 | L43: 0 | AD43: =IF(AA42>AB42,AD42&" "&AE42,IF(AB42>AA42,AD42&" "&AE43,"")) -> 2 - 0 (5, 7) | AE43: =CONCATENATE("(",AM43,AN43,AO43,AP43,AQ43,AR43,AS43,")") -> (5, 7) | AF43: =IF(N42>M42,1,0) -> 1 | AG43: =IF(P42>O42,1,0) -> 1 | AH43: =IF(R42>Q42,1,0) -> 0 | AI43: =IF(T42>S42,1,0) -> 0 | AJ43: =IF(V42>U42,1,0) -> 0 | AK43: =IF(X42>W42,1,0) -> 0 | AL43: =IF(Z42>Y42,1,0) -> 0 | AM43: =IF(N42>M42,M42,IF(M42>N42,-N42,"")) -> 5 | AN43: =IF(P42>O42,", "&O42,IF(O42>P42,", "&-P42,"")) -> , 7 | AO43: =IF(R42>Q42,", "&Q42,IF(Q42>R42,", "&-R42,"")) | AP43: =IF(T42>S42,", "&S42,IF(S42>T42,", "&-T42,"")) | AQ43: =IF(V42>U42,", "&U42,IF(U42>V42,", "&-V42,"")) | AR43: =IF(X42>W42,", "&W42,IF(W42>X42,", "&-X42,"")) | AS43: =IF(Z42>Y42,", "&Y42,IF(Y42>Z42,", "&-Z42,"")) | BB43: 27 | BC43: =VLOOKUP(BB43,$A$4:$L$83,6,FALSE) -> 28/Sep-- Table | BE43: =VLOOKUP(BE51,$A$4:$L$87,7,FALSE) -> 3918 | BF43: =IF(BE43=0,0,VLOOKUP(BE43,Inscripciones!$B$1:$I$464,2,FALSE)) -> MARIANA SOTO CALDERON | BG43: =IF(BE43=0,0,VLOOKUP(BE43,Inscripciones!$B$1:$L$364,3,FALSE)) -> ESPARZA
A44: 21 | B44: 1/8 | C44: 28/Sep | F44: =C44&"-"&D44&"- Table"&E44 -> 28/Sep-- Table | G44: =IF(M20="",0,IF(AA20>AB20,G20,H20)) -> 3918 | H44: =IF(M22="",0,IF(AA22>AB22,G22,H22)) -> 4673 | I44: =IF(G44=0,0,VLOOKUP(G44,Inscripciones!$B$1:$I$464,2,FALSE)) -> MARIANA SOTO CALDERON | J44: =IF(G44=0,0,VLOOKUP(G44,Inscripciones!$B$1:$L$364,3,FALSE)) -> ESPARZA | K44: =IF(I44=0,0,VLOOKUP(H44,Inscripciones!$B$1:$I$464,2,FALSE)) -> ALINA CHACON RETANA | L44: =IF(I44=0,0,VLOOKUP(H44,Inscripciones!$B$1:$L$364,3,FALSE)) -> SAN CARLOS | M44: 11 | N44: 4 | O44: 12 | P44: 10 | AA44: =IF(M44+N44<>0,SUM(AF44:AL44),"") -> 2 | AB44: =IF(M44+N44<>0,SUM(AF45:AL45),"") -> 0 | AC44: =IF(AA44>AB44,AD44&" "&AE44,IF(AB44>AA44,AD44&" "&AE45,"")) -> 2 - 0 (4, 10) | AD44: =IF(AA44>AB44,AA44&" - "&AB44,IF(AB44>AA44,AB44&" - "&AA44,"")) -> 2 - 0 | AE44: =CONCATENATE("(",AM44,AN44,AO44,AP44,AQ44,AR44,AS44,")") -> (4, 10) | AF44: =IF(M44>N44,1,0) -> 1 | AG44: =IF(O44>P44,1,0) -> 1 | AH44: =IF(Q44>R44,1,0) -> 0 | AI44: =IF(S44>T44,1,0) -> 0 | AJ44: =IF(U44>V44,1,0) -> 0 | AK44: =IF(W44>X44,1,0) -> 0 | AL44: =IF(Y44>Z44,1,0) -> 0 | AM44: =IF(M44>N44,N44,IF(N44>M44,-M44,"")) -> 4 | AN44: =IF(O44>P44,", "&P44,IF(P44>O44,", "&-O44,"")) -> , 10 | AO44: =IF(Q44>R44,", "&R44,IF(R44>Q44,", "&-Q44,"")) | AP44: =IF(S44>T44,", "&T44,IF(T44>S44,", "&-S44,"")) | AQ44: =IF(U44>V44,", "&V44,IF(V44>U44,", "&-U44,"")) | AR44: =IF(W44>X44,", "&X44,IF(X44>W44,", "&-W44,"")) | AS44: =IF(Y44>Z44,", "&Z44,IF(Z44>Y44,", "&-Y44,"")) | AU44: =1+AU42 -> 21 | AV44: =VLOOKUP(AV45,$A$4:$L$83,7,FALSE) -> 4276 | AW44: =IF(AV44=0,0,VLOOKUP(AV44,Inscripciones!$B$1:$I$464,2,FALSE)) -> SILOÉ MUÑOZ CÓRDOBA | AX44: =IF(AV44=0,0,VLOOKUP(AV44,Inscripciones!$B$1:$L$364,3,FALSE)) -> ESPARZA | AZ44: =VLOOKUP(AV45,$A$4:$AD$83,29,FALSE) -> 1 - 0 (0)
G45: - | H45: - | K45: 0 | L45: 0 | AD45: =IF(AA44>AB44,AD44&" "&AE44,IF(AB44>AA44,AD44&" "&AE45,"")) -> 2 - 0 (4, 10) | AE45: =CONCATENATE("(",AM45,AN45,AO45,AP45,AQ45,AR45,AS45,")") -> (-4, -10) | AF45: =IF(N44>M44,1,0) -> 0 | AG45: =IF(P44>O44,1,0) -> 0 | AH45: =IF(R44>Q44,1,0) -> 0 | AI45: =IF(T44>S44,1,0) -> 0 | AJ45: =IF(V44>U44,1,0) -> 0 | AK45: =IF(X44>W44,1,0) -> 0 | AL45: =IF(Z44>Y44,1,0) -> 0 | AM45: =IF(N44>M44,M44,IF(M44>N44,-N44,"")) -> -4 | AN45: =IF(P44>O44,", "&O44,IF(O44>P44,", "&-P44,"")) -> , -10 | AO45: =IF(R44>Q44,", "&Q44,IF(Q44>R44,", "&-R44,"")) | AP45: =IF(T44>S44,", "&S44,IF(S44>T44,", "&-T44,"")) | AQ45: =IF(V44>U44,", "&U44,IF(U44>V44,", "&-V44,"")) | AR45: =IF(X44>W44,", "&W44,IF(W44>X44,", "&-X44,"")) | AS45: =IF(Z44>Y44,", "&Y44,IF(Y44>Z44,", "&-Z44,"")) | AV45: 11 | AW45: =VLOOKUP(AV45,$A$4:$L$83,6,FALSE) -> 28/Sep-- Table | AY45: =VLOOKUP(AY47,$A$4:$L$87,7,FALSE) -> 4276 | AZ45: =IF(AY45=0,0,VLOOKUP(AY45,Inscripciones!$B$1:$I$464,2,FALSE)) -> SILOÉ MUÑOZ CÓRDOBA | BA45: =IF(AY45=0,0,VLOOKUP(AY45,Inscripciones!$B$1:$L$364,3,FALSE)) -> ESPARZA
A46: 22 | B46: 1/8 | C46: 28/Sep | F46: =C46&"-"&D46&"- Table"&E46 -> 28/Sep-- Table | G46: =IF(M24="",0,IF(AA24>AB24,G24,H24)) -> 4276 | H46: =IF(M26="",0,IF(AA26>AB26,G26,H26)) -> 4183 | I46: =IF(G46=0,0,VLOOKUP(G46,Inscripciones!$B$1:$I$464,2,FALSE)) -> SILOÉ MUÑOZ CÓRDOBA | J46: =IF(G46=0,0,VLOOKUP(G46,Inscripciones!$B$1:$L$364,3,FALSE)) -> ESPARZA | K46: =IF(I46=0,0,VLOOKUP(H46,Inscripciones!$B$1:$I$464,2,FALSE)) -> MONSERRAT RODRÍGUEZ SOLÍS | L46: =IF(I46=0,0,VLOOKUP(H46,Inscripciones!$B$1:$L$364,3,FALSE)) -> SAN CARLOS | M46: 0 | N46: 11 | O46: 10 | P46: 12 | AA46: =IF(M46+N46<>0,SUM(AF46:AL46),"") -> 0 | AB46: =IF(M46+N46<>0,SUM(AF47:AL47),"") -> 2 | AC46: =IF(AA46>AB46,AD46&" "&AE46,IF(AB46>AA46,AD46&" "&AE47,"")) -> 2 - 0 (0, 10) | AD46: =IF(AA46>AB46,AA46&" - "&AB46,IF(AB46>AA46,AB46&" - "&AA46,"")) -> 2 - 0 | AE46: =CONCATENATE("(",AM46,AN46,AO46,AP46,AQ46,AR46,AS46,")") -> (0, -10) | AF46: =IF(M46>N46,1,0) -> 0 | AG46: =IF(O46>P46,1,0) -> 0 | AH46: =IF(Q46>R46,1,0) -> 0 | AI46: =IF(S46>T46,1,0) -> 0 | AJ46: =IF(U46>V46,1,0) -> 0 | AK46: =IF(W46>X46,1,0) -> 0 | AL46: =IF(Y46>Z46,1,0) -> 0 | AM46: =IF(M46>N46,N46,IF(N46>M46,-M46,"")) -> 0 | AN46: =IF(O46>P46,", "&P46,IF(P46>O46,", "&-O46,"")) -> , -10 | AO46: =IF(Q46>R46,", "&R46,IF(R46>Q46,", "&-Q46,"")) | AP46: =IF(S46>T46,", "&T46,IF(T46>S46,", "&-S46,"")) | AQ46: =IF(U46>V46,", "&V46,IF(V46>U46,", "&-U46,"")) | AR46: =IF(W46>X46,", "&X46,IF(X46>W46,", "&-W46,"")) | AS46: =IF(Y46>Z46,", "&Z46,IF(Z46>Y46,", "&-Y46,"")) | AU46: =1+AU44 -> 22 | AV46: =VLOOKUP(AV45,$A$4:$L$83,8,FALSE) -> X | AW46: =IF(AV46=0,0,VLOOKUP(AV46,Inscripciones!$B$1:$I$464,2,FALSE)) -> BYE | AX46: =IF(AV46=0,0,VLOOKUP(AV46,Inscripciones!$B$1:$L$364,3,FALSE)) -> BYE
G47: - | H47: - | K47: 0 | L47: 0 | AD47: =IF(AA46>AB46,AD46&" "&AE46,IF(AB46>AA46,AD46&" "&AE47,"")) -> 2 - 0 (0, 10) | AE47: =CONCATENATE("(",AM47,AN47,AO47,AP47,AQ47,AR47,AS47,")") -> (0, 10) | AF47: =IF(N46>M46,1,0) -> 1 | AG47: =IF(P46>O46,1,0) -> 1 | AH47: =IF(R46>Q46,1,0) -> 0 | AI47: =IF(T46>S46,1,0) -> 0 | AJ47: =IF(V46>U46,1,0) -> 0 | AK47: =IF(X46>W46,1,0) -> 0 | AL47: =IF(Z46>Y46,1,0) -> 0 | AM47: =IF(N46>M46,M46,IF(M46>N46,-N46,"")) -> 0 | AN47: =IF(P46>O46,", "&O46,IF(O46>P46,", "&-P46,"")) -> , 10 | AO47: =IF(R46>Q46,", "&Q46,IF(Q46>R46,", "&-R46,"")) | AP47: =IF(T46>S46,", "&S46,IF(S46>T46,", "&-T46,"")) | AQ47: =IF(V46>U46,", "&U46,IF(U46>V46,", "&-V46,"")) | AR47: =IF(X46>W46,", "&W46,IF(W46>X46,", "&-X46,"")) | AS47: =IF(Z46>Y46,", "&Y46,IF(Y46>Z46,", "&-Z46,"")) | AY47: 22 | AZ47: =VLOOKUP(AY47,$A$4:$L$83,6,FALSE) -> 28/Sep-- Table | BB47: =VLOOKUP(BB43,$A$4:$L$87,8,FALSE) -> 4183 | BC47: =IF(BB47=0,0,VLOOKUP(BB47,Inscripciones!$B$1:$I$464,2,FALSE)) -> MONSERRAT RODRÍGUEZ SOLÍS | BD47: =IF(BB47=0,0,VLOOKUP(BB47,Inscripciones!$B$1:$L$364,3,FALSE)) -> SAN CARLOS
A48: 23 | B48: 1/8 | C48: 28/Sep | F48: =C48&"-"&D48&"- Table"&E48 -> 28/Sep-- Table | G48: =IF(M28="",0,IF(AA28>AB28,G28,H28)) -> 4273 | H48: =IF(M30="",0,IF(AA30>AB30,G30,H30)) -> 4104 | I48: =IF(G48=0,0,VLOOKUP(G48,Inscripciones!$B$1:$I$464,2,FALSE)) -> JAQUELINE HERNÁNDEZ ZUÑIGA | J48: =IF(G48=0,0,VLOOKUP(G48,Inscripciones!$B$1:$L$364,3,FALSE)) -> ESCAZÚ | K48: =IF(I48=0,0,VLOOKUP(H48,Inscripciones!$B$1:$I$464,2,FALSE)) -> ARIANA SANCHEZ DELGADO | L48: =IF(I48=0,0,VLOOKUP(H48,Inscripciones!$B$1:$L$364,3,FALSE)) -> ESCAZÚ | M48: 10 | N48: 12 | O48: 11 | P48: 6 | Q48: 11 | R48: 6 | AA48: =IF(M48+N48<>0,SUM(AF48:AL48),"") -> 2 | AB48: =IF(M48+N48<>0,SUM(AF49:AL49),"") -> 1 | AC48: =IF(AA48>AB48,AD48&" "&AE48,IF(AB48>AA48,AD48&" "&AE49,"")) -> 2 - 1 (-10, 6, 6) | AD48: =IF(AA48>AB48,AA48&" - "&AB48,IF(AB48>AA48,AB48&" - "&AA48,"")) -> 2 - 1 | AE48: =CONCATENATE("(",AM48,AN48,AO48,AP48,AQ48,AR48,AS48,")") -> (-10, 6, 6) | AF48: =IF(M48>N48,1,0) -> 0 | AG48: =IF(O48>P48,1,0) -> 1 | AH48: =IF(Q48>R48,1,0) -> 1 | AI48: =IF(S48>T48,1,0) -> 0 | AJ48: =IF(U48>V48,1,0) -> 0 | AK48: =IF(W48>X48,1,0) -> 0 | AL48: =IF(Y48>Z48,1,0) -> 0 | AM48: =IF(M48>N48,N48,IF(N48>M48,-M48,"")) -> -10 | AN48: =IF(O48>P48,", "&P48,IF(P48>O48,", "&-O48,"")) -> , 6 | AO48: =IF(Q48>R48,", "&R48,IF(R48>Q48,", "&-Q48,"")) -> , 6 | AP48: =IF(S48>T48,", "&T48,IF(T48>S48,", "&-S48,"")) | AQ48: =IF(U48>V48,", "&V48,IF(V48>U48,", "&-U48,"")) | AR48: =IF(W48>X48,", "&X48,IF(X48>W48,", "&-W48,"")) | AS48: =IF(Y48>Z48,", "&Z48,IF(Z48>Y48,", "&-Y48,"")) | AU48: =1+AU46 -> 23 | AV48: =VLOOKUP(AV49,$A$4:$L$83,7,FALSE) -> X | AW48: =IF(AV48=0,0,VLOOKUP(AV48,Inscripciones!$B$1:$I$464,2,FALSE)) -> BYE | AX48: =IF(AV48=0,0,VLOOKUP(AV48,Inscripciones!$B$1:$L$364,3,FALSE)) -> BYE | BC48: =VLOOKUP(AY47,$A$4:$AD$87,29,FALSE) -> 2 - 0 (0, 10)
G49: - | H49: - | K49: 0 | L49: 0 | AD49: =IF(AA48>AB48,AD48&" "&AE48,IF(AB48>AA48,AD48&" "&AE49,"")) -> 2 - 1 (-10, 6, 6) | AE49: =CONCATENATE("(",AM49,AN49,AO49,AP49,AQ49,AR49,AS49,")") -> (10, -6, -6) | AF49: =IF(N48>M48,1,0) -> 1 | AG49: =IF(P48>O48,1,0) -> 0 | AH49: =IF(R48>Q48,1,0) -> 0 | AI49: =IF(T48>S48,1,0) -> 0 | AJ49: =IF(V48>U48,1,0) -> 0 | AK49: =IF(X48>W48,1,0) -> 0 | AL49: =IF(Z48>Y48,1,0) -> 0 | AM49: =IF(N48>M48,M48,IF(M48>N48,-N48,"")) -> 10 | AN49: =IF(P48>O48,", "&O48,IF(O48>P48,", "&-P48,"")) -> , -6 | AO49: =IF(R48>Q48,", "&Q48,IF(Q48>R48,", "&-R48,"")) -> , -6 | AP49: =IF(T48>S48,", "&S48,IF(S48>T48,", "&-T48,"")) | AQ49: =IF(V48>U48,", "&U48,IF(U48>V48,", "&-V48,"")) | AR49: =IF(X48>W48,", "&W48,IF(W48>X48,", "&-X48,"")) | AS49: =IF(Z48>Y48,", "&Y48,IF(Y48>Z48,", "&-Z48,"")) | AV49: 12 | AW49: =VLOOKUP(AV49,$A$4:$L$83,6,FALSE) -> 28/Sep-- Table | AY49: =VLOOKUP(AY47,$A$4:$L$87,8,FALSE) -> 4183 | AZ49: =IF(AY49=0,0,VLOOKUP(AY49,Inscripciones!$B$1:$I$464,2,FALSE)) -> MONSERRAT RODRÍGUEZ SOLÍS | BA49: =IF(AY49=0,0,VLOOKUP(AY49,Inscripciones!$B$1:$L$364,3,FALSE)) -> SAN CARLOS
A50: 24 | B50: 1/8 | C50: 28/Sep | F50: =C50&"-"&D50&"- Table"&E50 -> 28/Sep-- Table | G50: =IF(M32="",0,IF(AA32>AB32,G32,H32)) -> 3828 | H50: =IF(M34="",0,IF(AA34>AB34,G34,H34)) -> 4101 | I50: =IF(G50=0,0,VLOOKUP(G50,Inscripciones!$B$1:$I$464,2,FALSE)) -> AMANDA CHEN CEN | J50: =IF(G50=0,0,VLOOKUP(G50,Inscripciones!$B$1:$L$364,3,FALSE)) -> ESCAZÚ | K50: =IF(I50=0,0,VLOOKUP(H50,Inscripciones!$B$1:$I$464,2,FALSE)) -> ABIGAIL QUIROS BALTODANO | L50: =IF(I50=0,0,VLOOKUP(H50,Inscripciones!$B$1:$L$364,3,FALSE)) -> ESPARZA | M50: 5 | N50: 11 | O50: 9 | P50: 11 | AA50: =IF(M50+N50<>0,SUM(AF50:AL50),"") -> 0 | AB50: =IF(M50+N50<>0,SUM(AF51:AL51),"") -> 2 | AC50: =IF(AA50>AB50,AD50&" "&AE50,IF(AB50>AA50,AD50&" "&AE51,"")) -> 2 - 0 (5, 9) | AD50: =IF(AA50>AB50,AA50&" - "&AB50,IF(AB50>AA50,AB50&" - "&AA50,"")) -> 2 - 0 | AE50: =CONCATENATE("(",AM50,AN50,AO50,AP50,AQ50,AR50,AS50,")") -> (-5, -9) | AF50: =IF(M50>N50,1,0) -> 0 | AG50: =IF(O50>P50,1,0) -> 0 | AH50: =IF(Q50>R50,1,0) -> 0 | AI50: =IF(S50>T50,1,0) -> 0 | AJ50: =IF(U50>V50,1,0) -> 0 | AK50: =IF(W50>X50,1,0) -> 0 | AL50: =IF(Y50>Z50,1,0) -> 0 | AM50: =IF(M50>N50,N50,IF(N50>M50,-M50,"")) -> -5 | AN50: =IF(O50>P50,", "&P50,IF(P50>O50,", "&-O50,"")) -> , -9 | AO50: =IF(Q50>R50,", "&R50,IF(R50>Q50,", "&-Q50,"")) | AP50: =IF(S50>T50,", "&T50,IF(T50>S50,", "&-S50,"")) | AQ50: =IF(U50>V50,", "&V50,IF(V50>U50,", "&-U50,"")) | AR50: =IF(W50>X50,", "&X50,IF(X50>W50,", "&-W50,"")) | AS50: =IF(Y50>Z50,", "&Z50,IF(Z50>Y50,", "&-Y50,"")) | AU50: =1+AU48 -> 24 | AV50: =VLOOKUP(AV49,$A$4:$L$83,8,FALSE) -> 4183 | AW50: =IF(AV50=0,0,VLOOKUP(AV50,Inscripciones!$B$1:$I$464,2,FALSE)) -> MONSERRAT RODRÍGUEZ SOLÍS | AX50: =IF(AV50=0,0,VLOOKUP(AV50,Inscripciones!$B$1:$L$364,3,FALSE)) -> SAN CARLOS | AZ50: =VLOOKUP(AV49,$A$4:$AD$87,29,FALSE) -> 1 - 0 (0)
G51: - | H51: - | K51: 0 | L51: 0 | AD51: =IF(AA50>AB50,AD50&" "&AE50,IF(AB50>AA50,AD50&" "&AE51,"")) -> 2 - 0 (5, 9) | AE51: =CONCATENATE("(",AM51,AN51,AO51,AP51,AQ51,AR51,AS51,")") -> (5, 9) | AF51: =IF(N50>M50,1,0) -> 1 | AG51: =IF(P50>O50,1,0) -> 1 | AH51: =IF(R50>Q50,1,0) -> 0 | AI51: =IF(T50>S50,1,0) -> 0 | AJ51: =IF(V50>U50,1,0) -> 0 | AK51: =IF(X50>W50,1,0) -> 0 | AL51: =IF(Z50>Y50,1,0) -> 0 | AM51: =IF(N50>M50,M50,IF(M50>N50,-N50,"")) -> 5 | AN51: =IF(P50>O50,", "&O50,IF(O50>P50,", "&-P50,"")) -> , 9 | AO51: =IF(R50>Q50,", "&Q50,IF(Q50>R50,", "&-R50,"")) | AP51: =IF(T50>S50,", "&S50,IF(S50>T50,", "&-T50,"")) | AQ51: =IF(V50>U50,", "&U50,IF(U50>V50,", "&-V50,"")) | AR51: =IF(X50>W50,", "&W50,IF(W50>X50,", "&-X50,"")) | AS51: =IF(Z50>Y50,", "&Y50,IF(Y50>Z50,", "&-Z50,"")) | BE51: 30 | BF51: =VLOOKUP(BE51,$A$4:$L$83,6,FALSE) -> 28/Sep-- Table | BH51: =VLOOKUP(BH34,$A$4:$L$87,8,FALSE) -> 3918 | BI51: =IF(BH51=0,0,VLOOKUP(BH51,Inscripciones!$B$1:$I$464,2,FALSE)) -> MARIANA SOTO CALDERON | BJ51: =IF(BH51=0,0,VLOOKUP(BH51,Inscripciones!$B$1:$L$364,3,FALSE)) -> ESPARZA
A52: 25 | B52: QF | C52: 28/Sep | F52: =C52&"-"&D52&"- Table"&E52 -> 28/Sep-- Table | G52: =IF(M36="",0,IF(AA36>AB36,G36,H36)) -> 4159 | H52: =IF(M38="",0,IF(AA38>AB38,G38,H38)) -> 4100 | I52: =IF(G52=0,0,VLOOKUP(G52,Inscripciones!$B$1:$I$464,2,FALSE)) -> MARÍA FERNANDA ZELEDÓN HERRERA | J52: =IF(G52=0,0,VLOOKUP(G52,Inscripciones!$B$1:$L$364,3,FALSE)) -> ESPARZA | K52: =IF(I52=0,0,VLOOKUP(H52,Inscripciones!$B$1:$I$464,2,FALSE)) -> BRENDA HERRERA RIVAS | L52: =IF(I52=0,0,VLOOKUP(H52,Inscripciones!$B$1:$L$364,3,FALSE)) -> ESPARZA | M52: 11 | N52: 8 | O52: 11 | P52: 8 | AA52: =IF(M52+N52<>0,SUM(AF52:AL52),"") -> 2 | AB52: =IF(M52+N52<>0,SUM(AF53:AL53),"") -> 0 | AC52: =IF(AA52>AB52,AD52&" "&AE52,IF(AB52>AA52,AD52&" "&AE53,"")) -> 2 - 0 (8, 8) | AD52: =IF(AA52>AB52,AA52&" - "&AB52,IF(AB52>AA52,AB52&" - "&AA52,"")) -> 2 - 0 | AE52: =CONCATENATE("(",AM52,AN52,AO52,AP52,AQ52,AR52,AS52,")") -> (8, 8) | AF52: =IF(M52>N52,1,0) -> 1 | AG52: =IF(O52>P52,1,0) -> 1 | AH52: =IF(Q52>R52,1,0) -> 0 | AI52: =IF(S52>T52,1,0) -> 0 | AJ52: =IF(U52>V52,1,0) -> 0 | AK52: =IF(W52>X52,1,0) -> 0 | AL52: =IF(Y52>Z52,1,0) -> 0 | AM52: =IF(M52>N52,N52,IF(N52>M52,-M52,"")) -> 8 | AN52: =IF(O52>P52,", "&P52,IF(P52>O52,", "&-O52,"")) -> , 8 | AO52: =IF(Q52>R52,", "&R52,IF(R52>Q52,", "&-Q52,"")) | AP52: =IF(S52>T52,", "&T52,IF(T52>S52,", "&-S52,"")) | AQ52: =IF(U52>V52,", "&V52,IF(V52>U52,", "&-U52,"")) | AR52: =IF(W52>X52,", "&X52,IF(X52>W52,", "&-W52,"")) | AS52: =IF(Y52>Z52,", "&Z52,IF(Z52>Y52,", "&-Y52,"")) | AU52: =1+AU50 -> 25 | AV52: =VLOOKUP(AV53,$A$4:$L$83,7,FALSE) -> 4273 | AW52: =IF(AV52=0,0,VLOOKUP(AV52,Inscripciones!$B$1:$I$464,2,FALSE)) -> JAQUELINE HERNÁNDEZ ZUÑIGA | AX52: =IF(AV52=0,0,VLOOKUP(AV52,Inscripciones!$B$1:$L$364,3,FALSE)) -> ESCAZÚ | AZ52: =VLOOKUP(AV53,$A$4:$AD$83,29,FALSE) -> 1 - 0 (0) | BI52: =VLOOKUP(BE51,$A$4:$AD$87,29,FALSE) -> 3 - 2 (-3, -5, 6, 7, 3)
G53: - | H53: - | K53: 0 | L53: 0 | AD53: =IF(AA52>AB52,AD52&" "&AE52,IF(AB52>AA52,AD52&" "&AE53,"")) -> 2 - 0 (8, 8) | AE53: =CONCATENATE("(",AM53,AN53,AO53,AP53,AQ53,AR53,AS53,")") -> (-8, -8) | AF53: =IF(N52>M52,1,0) -> 0 | AG53: =IF(P52>O52,1,0) -> 0 | AH53: =IF(R52>Q52,1,0) -> 0 | AI53: =IF(T52>S52,1,0) -> 0 | AJ53: =IF(V52>U52,1,0) -> 0 | AK53: =IF(X52>W52,1,0) -> 0 | AL53: =IF(Z52>Y52,1,0) -> 0 | AM53: =IF(N52>M52,M52,IF(M52>N52,-N52,"")) -> -8 | AN53: =IF(P52>O52,", "&O52,IF(O52>P52,", "&-P52,"")) -> , -8 | AO53: =IF(R52>Q52,", "&Q52,IF(Q52>R52,", "&-R52,"")) | AP53: =IF(T52>S52,", "&S52,IF(S52>T52,", "&-T52,"")) | AQ53: =IF(V52>U52,", "&U52,IF(U52>V52,", "&-V52,"")) | AR53: =IF(X52>W52,", "&W52,IF(W52>X52,", "&-X52,"")) | AS53: =IF(Z52>Y52,", "&Y52,IF(Y52>Z52,", "&-Z52,"")) | AV53: 13 | AW53: =VLOOKUP(AV53,$A$4:$L$83,6,FALSE) -> 28/Sep-- Table | AY53: =VLOOKUP(AY55,$A$4:$L$87,7,FALSE) -> 4273 | AZ53: =IF(AY53=0,0,VLOOKUP(AY53,Inscripciones!$B$1:$I$464,2,FALSE)) -> JAQUELINE HERNÁNDEZ ZUÑIGA | BA53: =IF(AY53=0,0,VLOOKUP(AY53,Inscripciones!$B$1:$L$364,3,FALSE)) -> ESCAZÚ
A54: 26 | B54: QF | C54: 28/Sep | F54: =C54&"-"&D54&"- Table"&E54 -> 28/Sep-- Table | G54: =IF(M40="",0,IF(AA40>AB40,G40,H40)) -> 4274 | H54: =IF(M42="",0,IF(AA42>AB42,G42,H42)) -> 4176 | I54: =IF(G54=0,0,VLOOKUP(G54,Inscripciones!$B$1:$I$464,2,FALSE)) -> MARÍA PAULA HERNÁNDEZ ZÚÑIGA | J54: =IF(G54=0,0,VLOOKUP(G54,Inscripciones!$B$1:$L$364,3,FALSE)) -> ESCAZÚ | K54: =IF(I54=0,0,VLOOKUP(H54,Inscripciones!$B$1:$I$464,2,FALSE)) -> LÍA SOFÍA SOLÍS VÁSQUEZ | L54: =IF(I54=0,0,VLOOKUP(H54,Inscripciones!$B$1:$L$364,3,FALSE)) -> ESPARZA | M54: 8 | N54: 11 | O54: 11 | P54: 7 | Q54: 12 | R54: 10 | AA54: =IF(M54+N54<>0,SUM(AF54:AL54),"") -> 2 | AB54: =IF(M54+N54<>0,SUM(AF55:AL55),"") -> 1 | AC54: =IF(AA54>AB54,AD54&" "&AE54,IF(AB54>AA54,AD54&" "&AE55,"")) -> 2 - 1 (-8, 7, 10) | AD54: =IF(AA54>AB54,AA54&" - "&AB54,IF(AB54>AA54,AB54&" - "&AA54,"")) -> 2 - 1 | AE54: =CONCATENATE("(",AM54,AN54,AO54,AP54,AQ54,AR54,AS54,")") -> (-8, 7, 10) | AF54: =IF(M54>N54,1,0) -> 0 | AG54: =IF(O54>P54,1,0) -> 1 | AH54: =IF(Q54>R54,1,0) -> 1 | AI54: =IF(S54>T54,1,0) -> 0 | AJ54: =IF(U54>V54,1,0) -> 0 | AK54: =IF(W54>X54,1,0) -> 0 | AL54: =IF(Y54>Z54,1,0) -> 0 | AM54: =IF(M54>N54,N54,IF(N54>M54,-M54,"")) -> -8 | AN54: =IF(O54>P54,", "&P54,IF(P54>O54,", "&-O54,"")) -> , 7 | AO54: =IF(Q54>R54,", "&R54,IF(R54>Q54,", "&-Q54,"")) -> , 10 | AP54: =IF(S54>T54,", "&T54,IF(T54>S54,", "&-S54,"")) | AQ54: =IF(U54>V54,", "&V54,IF(V54>U54,", "&-U54,"")) | AR54: =IF(W54>X54,", "&X54,IF(X54>W54,", "&-W54,"")) | AS54: =IF(Y54>Z54,", "&Z54,IF(Z54>Y54,", "&-Y54,"")) | AU54: =1+AU52 -> 26 | AV54: =VLOOKUP(AV53,$A$4:$L$83,8,FALSE) -> X | AW54: =IF(AV54=0,0,VLOOKUP(AV54,Inscripciones!$B$1:$I$464,2,FALSE)) -> BYE | AX54: =IF(AV54=0,0,VLOOKUP(AV54,Inscripciones!$B$1:$L$364,3,FALSE)) -> BYE | BC54: =VLOOKUP(AY55,$A$4:$AD$83,29,FALSE) -> 2 - 1 (-10, 6, 6)
G55: - | H55: - | K55: 0 | L55: 0 | AD55: =IF(AA54>AB54,AD54&" "&AE54,IF(AB54>AA54,AD54&" "&AE55,"")) -> 2 - 1 (-8, 7, 10) | AE55: =CONCATENATE("(",AM55,AN55,AO55,AP55,AQ55,AR55,AS55,")") -> (8, -7, -10) | AF55: =IF(N54>M54,1,0) -> 1 | AG55: =IF(P54>O54,1,0) -> 0 | AH55: =IF(R54>Q54,1,0) -> 0 | AI55: =IF(T54>S54,1,0) -> 0 | AJ55: =IF(V54>U54,1,0) -> 0 | AK55: =IF(X54>W54,1,0) -> 0 | AL55: =IF(Z54>Y54,1,0) -> 0 | AM55: =IF(N54>M54,M54,IF(M54>N54,-N54,"")) -> 8 | AN55: =IF(P54>O54,", "&O54,IF(O54>P54,", "&-P54,"")) -> , -7 | AO55: =IF(R54>Q54,", "&Q54,IF(Q54>R54,", "&-R54,"")) -> , -10 | AP55: =IF(T54>S54,", "&S54,IF(S54>T54,", "&-T54,"")) | AQ55: =IF(V54>U54,", "&U54,IF(U54>V54,", "&-V54,"")) | AR55: =IF(X54>W54,", "&W54,IF(W54>X54,", "&-X54,"")) | AS55: =IF(Z54>Y54,", "&Y54,IF(Y54>Z54,", "&-Z54,"")) | AY55: 23 | AZ55: =VLOOKUP(AY55,$A$4:$L$83,6,FALSE) -> 28/Sep-- Table | BB55: =VLOOKUP(BB59,$A$4:$L$87,7,FALSE) -> 4273 | BC55: =IF(BB55=0,0,VLOOKUP(BB55,Inscripciones!$B$1:$I$464,2,FALSE)) -> JAQUELINE HERNÁNDEZ ZUÑIGA | BD55: =IF(BB55=0,0,VLOOKUP(BB55,Inscripciones!$B$1:$L$364,3,FALSE)) -> ESCAZÚ
A56: 27 | B56: QF | C56: 28/Sep | F56: =C56&"-"&D56&"- Table"&E56 -> 28/Sep-- Table | G56: =IF(M44="",0,IF(AA44>AB44,G44,H44)) -> 3918 | H56: =IF(M46="",0,IF(AA46>AB46,G46,H46)) -> 4183 | I56: =IF(G56=0,0,VLOOKUP(G56,Inscripciones!$B$1:$I$464,2,FALSE)) -> MARIANA SOTO CALDERON | J56: =IF(G56=0,0,VLOOKUP(G56,Inscripciones!$B$1:$L$364,3,FALSE)) -> ESPARZA | K56: =IF(I56=0,0,VLOOKUP(H56,Inscripciones!$B$1:$I$464,2,FALSE)) -> MONSERRAT RODRÍGUEZ SOLÍS | L56: =IF(I56=0,0,VLOOKUP(H56,Inscripciones!$B$1:$L$364,3,FALSE)) -> SAN CARLOS | M56: 8 | N56: 11 | O56: 11 | P56: 4 | Q56: 11 | R56: 9 | AA56: =IF(M56+N56<>0,SUM(AF56:AL56),"") -> 2 | AB56: =IF(M56+N56<>0,SUM(AF57:AL57),"") -> 1 | AC56: =IF(AA56>AB56,AD56&" "&AE56,IF(AB56>AA56,AD56&" "&AE57,"")) -> 2 - 1 (-8, 4, 9) | AD56: =IF(AA56>AB56,AA56&" - "&AB56,IF(AB56>AA56,AB56&" - "&AA56,"")) -> 2 - 1 | AE56: =CONCATENATE("(",AM56,AN56,AO56,AP56,AQ56,AR56,AS56,")") -> (-8, 4, 9) | AF56: =IF(M56>N56,1,0) -> 0 | AG56: =IF(O56>P56,1,0) -> 1 | AH56: =IF(Q56>R56,1,0) -> 1 | AI56: =IF(S56>T56,1,0) -> 0 | AJ56: =IF(U56>V56,1,0) -> 0 | AK56: =IF(W56>X56,1,0) -> 0 | AL56: =IF(Y56>Z56,1,0) -> 0 | AM56: =IF(M56>N56,N56,IF(N56>M56,-M56,"")) -> -8 | AN56: =IF(O56>P56,", "&P56,IF(P56>O56,", "&-O56,"")) -> , 4 | AO56: =IF(Q56>R56,", "&R56,IF(R56>Q56,", "&-Q56,"")) -> , 9 | AP56: =IF(S56>T56,", "&T56,IF(T56>S56,", "&-S56,"")) | AQ56: =IF(U56>V56,", "&V56,IF(V56>U56,", "&-U56,"")) | AR56: =IF(W56>X56,", "&X56,IF(X56>W56,", "&-W56,"")) | AS56: =IF(Y56>Z56,", "&Z56,IF(Z56>Y56,", "&-Y56,"")) | AU56: =1+AU54 -> 27 | AV56: =VLOOKUP(AV57,$A$4:$L$83,7,FALSE) -> 4212 | AW56: =IF(AV56=0,0,VLOOKUP(AV56,Inscripciones!$B$1:$I$464,2,FALSE)) -> FIORELLA RETANA AGUILAR | AX56: =IF(AV56=0,0,VLOOKUP(AV56,Inscripciones!$B$1:$L$364,3,FALSE)) -> CURRIDABAT
G57: - | H57: - | K57: 0 | L57: 0 | AD57: =IF(AA56>AB56,AD56&" "&AE56,IF(AB56>AA56,AD56&" "&AE57,"")) -> 2 - 1 (-8, 4, 9) | AE57: =CONCATENATE("(",AM57,AN57,AO57,AP57,AQ57,AR57,AS57,")") -> (8, -4, -9) | AF57: =IF(N56>M56,1,0) -> 1 | AG57: =IF(P56>O56,1,0) -> 0 | AH57: =IF(R56>Q56,1,0) -> 0 | AI57: =IF(T56>S56,1,0) -> 0 | AJ57: =IF(V56>U56,1,0) -> 0 | AK57: =IF(X56>W56,1,0) -> 0 | AL57: =IF(Z56>Y56,1,0) -> 0 | AM57: =IF(N56>M56,M56,IF(M56>N56,-N56,"")) -> 8 | AN57: =IF(P56>O56,", "&O56,IF(O56>P56,", "&-P56,"")) -> , -4 | AO57: =IF(R56>Q56,", "&Q56,IF(Q56>R56,", "&-R56,"")) -> , -9 | AP57: =IF(T56>S56,", "&S56,IF(S56>T56,", "&-T56,"")) | AQ57: =IF(V56>U56,", "&U56,IF(U56>V56,", "&-V56,"")) | AR57: =IF(X56>W56,", "&W56,IF(W56>X56,", "&-X56,"")) | AS57: =IF(Z56>Y56,", "&Y56,IF(Y56>Z56,", "&-Z56,"")) | AV57: 14 | AW57: =VLOOKUP(AV57,$A$4:$L$83,6,FALSE) -> 28/Sep-- Table | AY57: =VLOOKUP(AY55,$A$4:$L$87,8,FALSE) -> 4104 | AZ57: =IF(AY57=0,0,VLOOKUP(AY57,Inscripciones!$B$1:$I$464,2,FALSE)) -> ARIANA SANCHEZ DELGADO | BA57: =IF(AY57=0,0,VLOOKUP(AY57,Inscripciones!$B$1:$L$364,3,FALSE)) -> ESCAZÚ
A58: 28 | B58: QF | C58: 28/Sep | F58: =C58&"-"&D58&"- Table"&E58 -> 28/Sep-- Table | G58: =IF(M48="",0,IF(AA48>AB48,G48,H48)) -> 4273 | H58: =IF(M50="",0,IF(AA50>AB50,G50,H50)) -> 4101 | I58: =IF(G58=0,0,VLOOKUP(G58,Inscripciones!$B$1:$I$464,2,FALSE)) -> JAQUELINE HERNÁNDEZ ZUÑIGA | J58: =IF(G58=0,0,VLOOKUP(G58,Inscripciones!$B$1:$L$364,3,FALSE)) -> ESCAZÚ | K58: =IF(I58=0,0,VLOOKUP(H58,Inscripciones!$B$1:$I$464,2,FALSE)) -> ABIGAIL QUIROS BALTODANO | L58: =IF(I58=0,0,VLOOKUP(H58,Inscripciones!$B$1:$L$364,3,FALSE)) -> ESPARZA | M58: 11 | N58: 6 | O58: 5 | P58: 11 | Q58: 5 | R58: 11 | AA58: =IF(M58+N58<>0,SUM(AF58:AL58),"") -> 1 | AB58: =IF(M58+N58<>0,SUM(AF59:AL59),"") -> 2 | AC58: =IF(AA58>AB58,AD58&" "&AE58,IF(AB58>AA58,AD58&" "&AE59,"")) -> 2 - 1 (-6, 5, 5) | AD58: =IF(AA58>AB58,AA58&" - "&AB58,IF(AB58>AA58,AB58&" - "&AA58,"")) -> 2 - 1 | AE58: =CONCATENATE("(",AM58,AN58,AO58,AP58,AQ58,AR58,AS58,")") -> (6, -5, -5) | AF58: =IF(M58>N58,1,0) -> 1 | AG58: =IF(O58>P58,1,0) -> 0 | AH58: =IF(Q58>R58,1,0) -> 0 | AI58: =IF(S58>T58,1,0) -> 0 | AJ58: =IF(U58>V58,1,0) -> 0 | AK58: =IF(W58>X58,1,0) -> 0 | AL58: =IF(Y58>Z58,1,0) -> 0 | AM58: =IF(M58>N58,N58,IF(N58>M58,-M58,"")) -> 6 | AN58: =IF(O58>P58,", "&P58,IF(P58>O58,", "&-O58,"")) -> , -5 | AO58: =IF(Q58>R58,", "&R58,IF(R58>Q58,", "&-Q58,"")) -> , -5 | AP58: =IF(S58>T58,", "&T58,IF(T58>S58,", "&-S58,"")) | AQ58: =IF(U58>V58,", "&V58,IF(V58>U58,", "&-U58,"")) | AR58: =IF(W58>X58,", "&X58,IF(X58>W58,", "&-W58,"")) | AS58: =IF(Y58>Z58,", "&Z58,IF(Z58>Y58,", "&-Y58,"")) | AU58: =1+AU56 -> 28 | AV58: =VLOOKUP(AV57,$A$4:$L$83,8,FALSE) -> 4104 | AW58: =IF(AV58=0,0,VLOOKUP(AV58,Inscripciones!$B$1:$I$464,2,FALSE)) -> ARIANA SANCHEZ DELGADO | AX58: =IF(AV58=0,0,VLOOKUP(AV58,Inscripciones!$B$1:$L$364,3,FALSE)) -> ESCAZÚ | AZ58: =VLOOKUP(AV57,$A$4:$AD$87,29,FALSE) -> 2 - 0 (6, 6)
G59: - | H59: - | K59: 0 | L59: 0 | AD59: =IF(AA58>AB58,AD58&" "&AE58,IF(AB58>AA58,AD58&" "&AE59,"")) -> 2 - 1 (-6, 5, 5) | AE59: =CONCATENATE("(",AM59,AN59,AO59,AP59,AQ59,AR59,AS59,")") -> (-6, 5, 5) | AF59: =IF(N58>M58,1,0) -> 0 | AG59: =IF(P58>O58,1,0) -> 1 | AH59: =IF(R58>Q58,1,0) -> 1 | AI59: =IF(T58>S58,1,0) -> 0 | AJ59: =IF(V58>U58,1,0) -> 0 | AK59: =IF(X58>W58,1,0) -> 0 | AL59: =IF(Z58>Y58,1,0) -> 0 | AM59: =IF(N58>M58,M58,IF(M58>N58,-N58,"")) -> -6 | AN59: =IF(P58>O58,", "&O58,IF(O58>P58,", "&-P58,"")) -> , 5 | AO59: =IF(R58>Q58,", "&Q58,IF(Q58>R58,", "&-R58,"")) -> , 5 | AP59: =IF(T58>S58,", "&S58,IF(S58>T58,", "&-T58,"")) | AQ59: =IF(V58>U58,", "&U58,IF(U58>V58,", "&-V58,"")) | AR59: =IF(X58>W58,", "&W58,IF(W58>X58,", "&-X58,"")) | AS59: =IF(Z58>Y58,", "&Y58,IF(Y58>Z58,", "&-Z58,"")) | BB59: 28 | BC59: =VLOOKUP(BB59,$A$4:$L$83,6,FALSE) -> 28/Sep-- Table | BE59: =VLOOKUP(BE51,$A$4:$L$87,8,FALSE) -> 4101 | BF59: =IF(BE59=0,0,VLOOKUP(BE59,Inscripciones!$B$1:$I$464,2,FALSE)) -> ABIGAIL QUIROS BALTODANO | BG59: =IF(BE59=0,0,VLOOKUP(BE59,Inscripciones!$B$1:$L$364,3,FALSE)) -> ESPARZA
A60: 29 | B60: SF | C60: 28/Sep | F60: =C60&"-"&D60&"- Table"&E60 -> 28/Sep-- Table | G60: =IF(M52="",0,IF(AA52>AB52,G52,H52)) -> 4159 | H60: =IF(M54="",0,IF(AA54>AB54,G54,H54)) -> 4274 | I60: =IF(G60=0,0,VLOOKUP(G60,Inscripciones!$B$1:$I$464,2,FALSE)) -> MARÍA FERNANDA ZELEDÓN HERRERA | J60: =IF(G60=0,0,VLOOKUP(G60,Inscripciones!$B$1:$L$364,3,FALSE)) -> ESPARZA | K60: =IF(I60=0,0,VLOOKUP(H60,Inscripciones!$B$1:$I$464,2,FALSE)) -> MARÍA PAULA HERNÁNDEZ ZÚÑIGA | L60: =IF(I60=0,0,VLOOKUP(H60,Inscripciones!$B$1:$L$364,3,FALSE)) -> ESCAZÚ | M60: 11 | N60: 8 | O60: 11 | P60: 5 | Q60: 11 | R60: 6 | AA60: =IF(M60+N60<>0,SUM(AF60:AL60),"") -> 3 | AB60: =IF(M60+N60<>0,SUM(AF61:AL61),"") -> 0 | AC60: =IF(AA60>AB60,AD60&" "&AE60,IF(AB60>AA60,AD60&" "&AE61,"")) -> 3 - 0 (8, 5, 6) | AD60: =IF(AA60>AB60,AA60&" - "&AB60,IF(AB60>AA60,AB60&" - "&AA60,"")) -> 3 - 0 | AE60: =CONCATENATE("(",AM60,AN60,AO60,AP60,AQ60,AR60,AS60,")") -> (8, 5, 6) | AF60: =IF(M60>N60,1,0) -> 1 | AG60: =IF(O60>P60,1,0) -> 1 | AH60: =IF(Q60>R60,1,0) -> 1 | AI60: =IF(S60>T60,1,0) -> 0 | AJ60: =IF(U60>V60,1,0) -> 0 | AK60: =IF(W60>X60,1,0) -> 0 | AL60: =IF(Y60>Z60,1,0) -> 0 | AM60: =IF(M60>N60,N60,IF(N60>M60,-M60,"")) -> 8 | AN60: =IF(O60>P60,", "&P60,IF(P60>O60,", "&-O60,"")) -> , 5 | AO60: =IF(Q60>R60,", "&R60,IF(R60>Q60,", "&-Q60,"")) -> , 6 | AP60: =IF(S60>T60,", "&T60,IF(T60>S60,", "&-S60,"")) | AQ60: =IF(U60>V60,", "&V60,IF(V60>U60,", "&-U60,"")) | AR60: =IF(W60>X60,", "&X60,IF(X60>W60,", "&-W60,"")) | AS60: =IF(Y60>Z60,", "&Z60,IF(Z60>Y60,", "&-Y60,"")) | AU60: =1+AU58 -> 29 | AV60: =VLOOKUP(AV61,$A$4:$L$83,7,FALSE) -> 3828 | AW60: =IF(AV60=0,0,VLOOKUP(AV60,Inscripciones!$B$1:$I$464,2,FALSE)) -> AMANDA CHEN CEN | AX60: =IF(AV60=0,0,VLOOKUP(AV60,Inscripciones!$B$1:$L$364,3,FALSE)) -> ESCAZÚ | AZ60: =VLOOKUP(AV61,$A$4:$AD$83,29,FALSE) -> 1 - 0 (0) | BF60: =VLOOKUP(BB59,$A$4:$AD$87,29,FALSE) -> 2 - 1 (-6, 5, 5)
G61: - | H61: - | K61: 0 | L61: 0 | AD61: =IF(AA60>AB60,AD60&" "&AE60,IF(AB60>AA60,AD60&" "&AE61,"")) -> 3 - 0 (8, 5, 6) | AE61: =CONCATENATE("(",AM61,AN61,AO61,AP61,AQ61,AR61,AS61,")") -> (-8, -5, -6) | AF61: =IF(N60>M60,1,0) -> 0 | AG61: =IF(P60>O60,1,0) -> 0 | AH61: =IF(R60>Q60,1,0) -> 0 | AI61: =IF(T60>S60,1,0) -> 0 | AJ61: =IF(V60>U60,1,0) -> 0 | AK61: =IF(X60>W60,1,0) -> 0 | AL61: =IF(Z60>Y60,1,0) -> 0 | AM61: =IF(N60>M60,M60,IF(M60>N60,-N60,"")) -> -8 | AN61: =IF(P60>O60,", "&O60,IF(O60>P60,", "&-P60,"")) -> , -5 | AO61: =IF(R60>Q60,", "&Q60,IF(Q60>R60,", "&-R60,"")) -> , -6 | AP61: =IF(T60>S60,", "&S60,IF(S60>T60,", "&-T60,"")) | AQ61: =IF(V60>U60,", "&U60,IF(U60>V60,", "&-V60,"")) | AR61: =IF(X60>W60,", "&W60,IF(W60>X60,", "&-X60,"")) | AS61: =IF(Z60>Y60,", "&Y60,IF(Y60>Z60,", "&-Z60,"")) | AV61: 15 | AW61: =VLOOKUP(AV61,$A$4:$L$83,6,FALSE) -> 28/Sep-- Table | AY61: =VLOOKUP(AY63,$A$4:$L$87,7,FALSE) -> 3828 | AZ61: =IF(AY61=0,0,VLOOKUP(AY61,Inscripciones!$B$1:$I$464,2,FALSE)) -> AMANDA CHEN CEN | BA61: =IF(AY61=0,0,VLOOKUP(AY61,Inscripciones!$B$1:$L$364,3,FALSE)) -> ESCAZÚ
A62: 30 | B62: SF | C62: 28/Sep | F62: =C62&"-"&D62&"- Table"&E62 -> 28/Sep-- Table | G62: =IF(M56="",0,IF(AA56>AB56,G56,H56)) -> 3918 | H62: =IF(M58="",0,IF(AA58>AB58,G58,H58)) -> 4101 | I62: =IF(G62=0,0,VLOOKUP(G62,Inscripciones!$B$1:$I$464,2,FALSE)) -> MARIANA SOTO CALDERON | J62: =IF(G62=0,0,VLOOKUP(G62,Inscripciones!$B$1:$L$364,3,FALSE)) -> ESPARZA | K62: =IF(I62=0,0,VLOOKUP(H62,Inscripciones!$B$1:$I$464,2,FALSE)) -> ABIGAIL QUIROS BALTODANO | L62: =IF(I62=0,0,VLOOKUP(H62,Inscripciones!$B$1:$L$364,3,FALSE)) -> ESPARZA | M62: 3 | N62: 11 | O62: 5 | P62: 11 | Q62: 11 | R62: 6 | S62: 11 | T62: 7 | U62: 11 | V62: 3 | AA62: =IF(M62+N62<>0,SUM(AF62:AL62),"") -> 3 | AB62: =IF(M62+N62<>0,SUM(AF63:AL63),"") -> 2 | AC62: =IF(AA62>AB62,AD62&" "&AE62,IF(AB62>AA62,AD62&" "&AE63,"")) -> 3 - 2 (-3, -5, 6, 7, 3) | AD62: =IF(AA62>AB62,AA62&" - "&AB62,IF(AB62>AA62,AB62&" - "&AA62,"")) -> 3 - 2 | AE62: =CONCATENATE("(",AM62,AN62,AO62,AP62,AQ62,AR62,AS62,")") -> (-3, -5, 6, 7, 3) | AF62: =IF(M62>N62,1,0) -> 0 | AG62: =IF(O62>P62,1,0) -> 0 | AH62: =IF(Q62>R62,1,0) -> 1 | AI62: =IF(S62>T62,1,0) -> 1 | AJ62: =IF(U62>V62,1,0) -> 1 | AK62: =IF(W62>X62,1,0) -> 0 | AL62: =IF(Y62>Z62,1,0) -> 0 | AM62: =IF(M62>N62,N62,IF(N62>M62,-M62,"")) -> -3 | AN62: =IF(O62>P62,", "&P62,IF(P62>O62,", "&-O62,"")) -> , -5 | AO62: =IF(Q62>R62,", "&R62,IF(R62>Q62,", "&-Q62,"")) -> , 6 | AP62: =IF(S62>T62,", "&T62,IF(T62>S62,", "&-S62,"")) -> , 7 | AQ62: =IF(U62>V62,", "&V62,IF(V62>U62,", "&-U62,"")) -> , 3 | AR62: =IF(W62>X62,", "&X62,IF(X62>W62,", "&-W62,"")) | AS62: =IF(Y62>Z62,", "&Z62,IF(Z62>Y62,", "&-Y62,"")) | AU62: =1+AU60 -> 30 | AV62: =VLOOKUP(AV61,$A$4:$L$83,8,FALSE) -> X | AW62: =IF(AV62=0,0,VLOOKUP(AV62,Inscripciones!$B$1:$I$464,2,FALSE)) -> BYE | AX62: =IF(AV62=0,0,VLOOKUP(AV62,Inscripciones!$B$1:$L$364,3,FALSE)) -> BYE
G63: - | H63: - | K63: 0 | L63: 0 | AD63: =IF(AA62>AB62,AD62&" "&AE62,IF(AB62>AA62,AD62&" "&AE63,"")) -> 3 - 2 (-3, -5, 6, 7, 3) | AE63: =CONCATENATE("(",AM63,AN63,AO63,AP63,AQ63,AR63,AS63,")") -> (3, 5, -6, -7, -3) | AF63: =IF(N62>M62,1,0) -> 1 | AG63: =IF(P62>O62,1,0) -> 1 | AH63: =IF(R62>Q62,1,0) -> 0 | AI63: =IF(T62>S62,1,0) -> 0 | AJ63: =IF(V62>U62,1,0) -> 0 | AK63: =IF(X62>W62,1,0) -> 0 | AL63: =IF(Z62>Y62,1,0) -> 0 | AM63: =IF(N62>M62,M62,IF(M62>N62,-N62,"")) -> 3 | AN63: =IF(P62>O62,", "&O62,IF(O62>P62,", "&-P62,"")) -> , 5 | AO63: =IF(R62>Q62,", "&Q62,IF(Q62>R62,", "&-R62,"")) -> , -6 | AP63: =IF(T62>S62,", "&S62,IF(S62>T62,", "&-T62,"")) -> , -7 | AQ63: =IF(V62>U62,", "&U62,IF(U62>V62,", "&-V62,"")) -> , -3 | AR63: =IF(X62>W62,", "&W62,IF(W62>X62,", "&-X62,"")) | AS63: =IF(Z62>Y62,", "&Y62,IF(Y62>Z62,", "&-Z62,"")) | AY63: 24 | AZ63: =VLOOKUP(AY63,$A$4:$L$83,6,FALSE) -> 28/Sep-- Table | BB63: =VLOOKUP(BB59,$A$4:$L$87,8,FALSE) -> 4101 | BC63: =IF(BB63=0,0,VLOOKUP(BB63,Inscripciones!$B$1:$I$464,2,FALSE)) -> ABIGAIL QUIROS BALTODANO | BD63: =IF(BB63=0,0,VLOOKUP(BB63,Inscripciones!$B$1:$L$364,3,FALSE)) -> ESPARZA
A64: 31 | B64: 3 Y 4 | C64: 28/Sep | F64: =C64&"-"&D64&"- Table"&E64 -> 28/Sep-- Table | G64: =IF(M60="",0,IF(AA60<AB60,G60,H60)) -> 4274 | H64: =IF(M62="",0,IF(AA62<AB62,G62,H62)) -> 4101 | I64: =IF(G64=0,0,VLOOKUP(G64,Inscripciones!$B$1:$I$464,2,FALSE)) -> MARÍA PAULA HERNÁNDEZ ZÚÑIGA | J64: =IF(G64=0,0,VLOOKUP(G64,Inscripciones!$B$1:$L$364,3,FALSE)) -> ESCAZÚ | K64: =IF(I64=0,0,VLOOKUP(H64,Inscripciones!$B$1:$I$464,2,FALSE)) -> ABIGAIL QUIROS BALTODANO | L64: =IF(I64=0,0,VLOOKUP(H64,Inscripciones!$B$1:$L$364,3,FALSE)) -> ESPARZA | AA64: =IF(M64+N64<>0,SUM(AF64:AL64),"") | AB64: =IF(M64+N64<>0,SUM(AF65:AL65),"") | AC64: =IF(AA64>AB64,AD64&" "&AE64,IF(AB64>AA64,AD64&" "&AE65,"")) | AD64: =IF(AA64>AB64,AA64&" - "&AB64,IF(AB64>AA64,AB64&" - "&AA64,"")) | AE64: =CONCATENATE("(",AM64,AN64,AO64,AP64,AQ64,AR64,AS64,")") -> () | AF64: =IF(M64>N64,1,0) -> 0 | AG64: =IF(O64>P64,1,0) -> 0 | AH64: =IF(Q64>R64,1,0) -> 0 | AI64: =IF(S64>T64,1,0) -> 0 | AJ64: =IF(U64>V64,1,0) -> 0 | AK64: =IF(W64>X64,1,0) -> 0 | AL64: =IF(Y64>Z64,1,0) -> 0 | AM64: =IF(M64>N64,N64,IF(N64>M64,-M64,"")) | AN64: =IF(O64>P64,", "&P64,IF(P64>O64,", "&-O64,"")) | AO64: =IF(Q64>R64,", "&R64,IF(R64>Q64,", "&-Q64,"")) | AP64: =IF(S64>T64,", "&T64,IF(T64>S64,", "&-S64,"")) | AQ64: =IF(U64>V64,", "&V64,IF(V64>U64,", "&-U64,"")) | AR64: =IF(W64>X64,", "&X64,IF(X64>W64,", "&-W64,"")) | AS64: =IF(Y64>Z64,", "&Z64,IF(Z64>Y64,", "&-Y64,"")) | AU64: =1+AU62 -> 31 | AV64: =VLOOKUP(AV65,$A$4:$L$83,7,FALSE) -> X | AW64: =IF(AV64=0,0,VLOOKUP(AV64,Inscripciones!$B$1:$I$464,2,FALSE)) -> BYE | AX64: =IF(AV64=0,0,VLOOKUP(AV64,Inscripciones!$B$1:$L$364,3,FALSE)) -> BYE | BC64: =VLOOKUP(AY63,$A$4:$AD$87,29,FALSE) -> 2 - 0 (5, 9)
G65: - | H65: - | K65: 0 | L65: 0 | AD65: =IF(AA64>AB64,AD64&" "&AE64,IF(AB64>AA64,AD64&" "&AE65,"")) | AE65: =CONCATENATE("(",AM65,AN65,AO65,AP65,AQ65,AR65,AS65,")") -> () | AF65: =IF(N64>M64,1,0) -> 0 | AG65: =IF(P64>O64,1,0) -> 0 | AH65: =IF(R64>Q64,1,0) -> 0 | AI65: =IF(T64>S64,1,0) -> 0 | AJ65: =IF(V64>U64,1,0) -> 0 | AK65: =IF(X64>W64,1,0) -> 0 | AL65: =IF(Z64>Y64,1,0) -> 0 | AM65: =IF(N64>M64,M64,IF(M64>N64,-N64,"")) | AN65: =IF(P64>O64,", "&O64,IF(O64>P64,", "&-P64,"")) | AO65: =IF(R64>Q64,", "&Q64,IF(Q64>R64,", "&-R64,"")) | AP65: =IF(T64>S64,", "&S64,IF(S64>T64,", "&-T64,"")) | AQ65: =IF(V64>U64,", "&U64,IF(U64>V64,", "&-V64,"")) | AR65: =IF(X64>W64,", "&W64,IF(W64>X64,", "&-X64,"")) | AS65: =IF(Z64>Y64,", "&Y64,IF(Y64>Z64,", "&-Z64,"")) | AV65: 16 | AW65: =VLOOKUP(AV65,$A$4:$L$83,6,FALSE) -> 28/Sep-- Table | AY65: =VLOOKUP(AY63,$A$4:$L$87,8,FALSE) -> 4101 | AZ65: =IF(AY65=0,0,VLOOKUP(AY65,Inscripciones!$B$1:$I$464,2,FALSE)) -> ABIGAIL QUIROS BALTODANO | BA65: =IF(AY65=0,0,VLOOKUP(AY65,Inscripciones!$B$1:$L$364,3,FALSE)) -> ESPARZA
A66: 32 | B66: F | C66: 28/Sep | F66: =C66&"-"&D66&"- Table"&E66 -> 28/Sep-- Table | G66: =IF(M60="",0,IF(AA60>AB60,G60,H60)) -> 4159 | H66: =IF(M62="",0,IF(AA62>AB62,G62,H62)) -> 3918 | I66: =IF(G66=0,0,VLOOKUP(G66,Inscripciones!$B$1:$I$464,2,FALSE)) -> MARÍA FERNANDA ZELEDÓN HERRERA | J66: =IF(G66=0,0,VLOOKUP(G66,Inscripciones!$B$1:$L$364,3,FALSE)) -> ESPARZA | K66: =IF(I66=0,0,VLOOKUP(H66,Inscripciones!$B$1:$I$464,2,FALSE)) -> MARIANA SOTO CALDERON | L66: =IF(I66=0,0,VLOOKUP(H66,Inscripciones!$B$1:$L$364,3,FALSE)) -> ESPARZA | M66: 11 | N66: 8 | O66: 11 | P66: 7 | Q66: 11 | R66: 8 | AA66: =IF(M66+N66<>0,SUM(AF66:AL66),"") -> 3 | AB66: =IF(M66+N66<>0,SUM(AF67:AL67),"") -> 0 | AC66: =IF(AA66>AB66,AD66&" "&AE66,IF(AB66>AA66,AD66&" "&AE67,"")) -> 3 - 0 (8, 7, 8) | AD66: =IF(AA66>AB66,AA66&" - "&AB66,IF(AB66>AA66,AB66&" - "&AA66,"")) -> 3 - 0 | AE66: =CONCATENATE("(",AM66,AN66,AO66,AP66,AQ66,AR66,AS66,")") -> (8, 7, 8) | AF66: =IF(M66>N66,1,0) -> 1 | AG66: =IF(O66>P66,1,0) -> 1 | AH66: =IF(Q66>R66,1,0) -> 1 | AI66: =IF(S66>T66,1,0) -> 0 | AJ66: =IF(U66>V66,1,0) -> 0 | AK66: =IF(W66>X66,1,0) -> 0 | AL66: =IF(Y66>Z66,1,0) -> 0 | AM66: =IF(M66>N66,N66,IF(N66>M66,-M66,"")) -> 8 | AN66: =IF(O66>P66,", "&P66,IF(P66>O66,", "&-O66,"")) -> , 7 | AO66: =IF(Q66>R66,", "&R66,IF(R66>Q66,", "&-Q66,"")) -> , 8 | AP66: =IF(S66>T66,", "&T66,IF(T66>S66,", "&-S66,"")) | AQ66: =IF(U66>V66,", "&V66,IF(V66>U66,", "&-U66,"")) | AR66: =IF(W66>X66,", "&X66,IF(X66>W66,", "&-W66,"")) | AS66: =IF(Y66>Z66,", "&Z66,IF(Z66>Y66,", "&-Y66,"")) | AU66: =1+AU64 -> 32 | AV66: =VLOOKUP(AV65,$A$4:$L$83,8,FALSE) -> 4101 | AW66: =IF(AV66=0,0,VLOOKUP(AV66,Inscripciones!$B$1:$I$464,2,FALSE)) -> ABIGAIL QUIROS BALTODANO | AX66: =IF(AV66=0,0,VLOOKUP(AV66,Inscripciones!$B$1:$L$364,3,FALSE)) -> ESPARZA | AZ66: =VLOOKUP(AV65,$A$4:$AD$87,29,FALSE) -> 1 - 0 (0) | BE66: =VLOOKUP(BE67,$A$4:$L$87,7,FALSE) -> 4274 | BF66: =IF(BE66=0,0,VLOOKUP(BE66,Inscripciones!$B$1:$I$464,2,FALSE)) -> MARÍA PAULA HERNÁNDEZ ZÚÑIGA | BG66: =IF(BE66=0,0,VLOOKUP(BE66,Inscripciones!$B$1:$L$364,3,FALSE)) -> ESCAZÚ | BI66: TERCERO:
G67: - | H67: - | K67: 0 | L67: 0 | AD67: =IF(AA66>AB66,AD66&" "&AE66,IF(AB66>AA66,AD66&" "&AE67,"")) -> 3 - 0 (8, 7, 8) | AE67: =CONCATENATE("(",AM67,AN67,AO67,AP67,AQ67,AR67,AS67,")") -> (-8, -7, -8) | AF67: =IF(N66>M66,1,0) -> 0 | AG67: =IF(P66>O66,1,0) -> 0 | AH67: =IF(R66>Q66,1,0) -> 0 | AI67: =IF(T66>S66,1,0) -> 0 | AJ67: =IF(V66>U66,1,0) -> 0 | AK67: =IF(X66>W66,1,0) -> 0 | AL67: =IF(Z66>Y66,1,0) -> 0 | AM67: =IF(N66>M66,M66,IF(M66>N66,-N66,"")) -> -8 | AN67: =IF(P66>O66,", "&O66,IF(O66>P66,", "&-P66,"")) -> , -7 | AO67: =IF(R66>Q66,", "&Q66,IF(Q66>R66,", "&-R66,"")) -> , -8 | AP67: =IF(T66>S66,", "&S66,IF(S66>T66,", "&-T66,"")) | AQ67: =IF(V66>U66,", "&U66,IF(U66>V66,", "&-V66,"")) | AR67: =IF(X66>W66,", "&W66,IF(W66>X66,", "&-X66,"")) | AS67: =IF(Z66>Y66,", "&Y66,IF(Y66>Z66,", "&-Z66,"")) | BE67: 31 | BF67: =VLOOKUP(BE67,$A$4:$L$83,6,FALSE) -> 28/Sep-- Table | BH67: =G68 -> 0 | BI67: =IF(BH67=0,0,VLOOKUP(BH67,Inscripciones!$B$1:$I$464,2,FALSE)) -> 0 | BJ67: =IF(BH67=0,0,VLOOKUP(BH67,Inscripciones!$B$1:$L$364,3,FALSE)) -> 0
B68: SI SE JUEGA TERCER PUESTO MARQUE 1, SI NO DEJE EN BLANCO | G68: =IF(M64="",0,IF(AA64>AB64,G64,H64)) -> 0 | I68: =IF(G68=0,0,VLOOKUP(G68,Inscripciones!$B$1:$I$464,2,FALSE)) -> 0 | J68: =IF(G68=0,0,VLOOKUP(G68,Inscripciones!$B$1:$L$364,3,FALSE)) -> 0 | BE68: =VLOOKUP(BE67,$A$4:$L$1445,8,FALSE) -> 4101 | BF68: =IF(BE68=0,0,VLOOKUP(BE68,Inscripciones!$B$1:$I$464,2,FALSE)) -> ABIGAIL QUIROS BALTODANO | BG68: =IF(BE68=0,0,VLOOKUP(BE68,Inscripciones!$B$1:$L$364,3,FALSE)) -> ESPARZA | BI68: =VLOOKUP(BE67,$A$4:$AD$87,29,FALSE)
G69: -
G70: =IF(M66="",0,IF(AA66>AB66,G66,H66)) -> 4159 | I70: =IF(G70=0,0,VLOOKUP(G70,Inscripciones!$B$1:$I$464,2,FALSE)) -> MARÍA FERNANDA ZELEDÓN HERRERA | J70: =IF(G70=0,0,VLOOKUP(G70,Inscripciones!$B$1:$L$364,3,FALSE)) -> ESPARZA
G71: -
D76: 1 | E76: 1 | G76: =G70 -> 4159 | I76: =IF(G76=0,0,VLOOKUP(G76,Inscripciones!$B$1:$I$464,2,FALSE)) -> MARÍA FERNANDA ZELEDÓN HERRERA | J76: =IF(G76=0,0,VLOOKUP(G76,Inscripciones!$B$1:$L$364,3,FALSE)) -> ESPARZA | K76: =G60 -> 4159 | L76: =H60 -> 4274 | M76: SEMI
D77: 2 | E77: 2 | G77: =IF(G76=G66,H66,G66) -> 3918 | I77: =IF(G77=0,0,VLOOKUP(G77,Inscripciones!$B$1:$I$464,2,FALSE)) -> MARIANA SOTO CALDERON | J77: =IF(G77=0,0,VLOOKUP(G77,Inscripciones!$B$1:$L$364,3,FALSE)) -> ESPARZA | K77: =H60 -> 4274 | L77: =G60 -> 4159
D78: 3 | E78: 3 | G78: =IF(E68=1,G68,VLOOKUP(G76,K76:L79,2,FALSE)) -> 4274 | I78: =IF(G78=0,0,VLOOKUP(G78,Inscripciones!$B$1:$I$464,2,FALSE)) -> MARÍA PAULA HERNÁNDEZ ZÚÑIGA | J78: =IF(G78=0,0,VLOOKUP(G78,Inscripciones!$B$1:$L$364,3,FALSE)) -> ESCAZÚ | K78: =G62 -> 3918 | L78: =H62 -> 4101
D79: 4 | E79: 4 | G79: =IF(G78=G64,H64,G64) -> 4101 | I79: =IF(G79=0,0,VLOOKUP(G79,Inscripciones!$B$1:$I$464,2,FALSE)) -> ABIGAIL QUIROS BALTODANO | J79: =IF(G79=0,0,VLOOKUP(G79,Inscripciones!$B$1:$L$364,3,FALSE)) -> ESPARZA | K79: =H62 -> 4101 | L79: =G62 -> 3918
K80: =G52 -> 4159 | L80: =H52 -> 4100 | M80: CUARTOS
K81: =H52 -> 4100 | L81: =G52 -> 4159
K82: =G54 -> 4274 | L82: =H54 -> 4176
K83: =H54 -> 4176 | L83: =G54 -> 4274
D84: 5 | G84: =VLOOKUP(G76,K80:L87,2,FALSE) -> 4100 | I84: =IF(G84=0,0,VLOOKUP(G84,Inscripciones!$B$1:$I$464,2,FALSE)) -> BRENDA HERRERA RIVAS | J84: =IF(G84=0,0,VLOOKUP(G84,Inscripciones!$B$1:$L$364,3,FALSE)) -> ESPARZA | K84: =G56 -> 3918 | L84: =H56 -> 4183
D85: 6 | G85: =VLOOKUP(G77,K80:L87,2,FALSE) -> 4183 | I85: =IF(G85=0,0,VLOOKUP(G85,Inscripciones!$B$1:$I$464,2,FALSE)) -> MONSERRAT RODRÍGUEZ SOLÍS | J85: =IF(G85=0,0,VLOOKUP(G85,Inscripciones!$B$1:$L$364,3,FALSE)) -> SAN CARLOS | K85: =H56 -> 4183 | L85: =G56 -> 3918
D86: 7 | G86: =VLOOKUP(G78,K80:L87,2,FALSE) -> 4176 | I86: =IF(G86=0,0,VLOOKUP(G86,Inscripciones!$B$1:$I$464,2,FALSE)) -> LÍA SOFÍA SOLÍS VÁSQUEZ | J86: =IF(G86=0,0,VLOOKUP(G86,Inscripciones!$B$1:$L$364,3,FALSE)) -> ESPARZA | K86: =G58 -> 4273 | L86: =H58 -> 4101
D87: 8 | G87: =VLOOKUP(G79,K80:L87,2,FALSE) -> 4273 | I87: =IF(G87=0,0,VLOOKUP(G87,Inscripciones!$B$1:$I$464,2,FALSE)) -> JAQUELINE HERNÁNDEZ ZUÑIGA | J87: =IF(G87=0,0,VLOOKUP(G87,Inscripciones!$B$1:$L$364,3,FALSE)) -> ESCAZÚ | K87: =H58 -> 4101 | L87: =G58 -> 4273
K88: =G36 -> 4159 | L88: =H36 -> 4191 | M88: OCTAVOS
K89: =H36 -> 4191 | L89: =G36 -> 4159
K90: =G38 -> 3912 | L90: =H38 -> 4100
K91: =H38 -> 4100 | L91: =G38 -> 3912
K92: =G40 -> 4274 | L92: =H40 -> 3907
K93: =H40 -> 3907 | L93: =G40 -> 4274
K94: =G42 -> 4348 | L94: =H42 -> 4176
K95: =H42 -> 4176 | L95: =G42 -> 4348
D96: 9 | G96: =VLOOKUP(G76,$K$88:$L$103,2,FALSE) -> 4191 | I96: =IF(G96=0,0,VLOOKUP(G96,Inscripciones!$B$1:$I$464,2,FALSE)) -> ISABELA CHACÓN ALVARADO | J96: =IF(G96=0,0,VLOOKUP(G96,Inscripciones!$B$1:$L$364,3,FALSE)) -> CCDR SAN JOSÉ | K96: =G44 -> 3918 | L96: =H44 -> 4673
D97: 10 | G97: =VLOOKUP(G77,$K$88:$L$103,2,FALSE) -> 4673 | I97: =IF(G97=0,0,VLOOKUP(G97,Inscripciones!$B$1:$I$464,2,FALSE)) -> ALINA CHACON RETANA | J97: =IF(G97=0,0,VLOOKUP(G97,Inscripciones!$B$1:$L$364,3,FALSE)) -> SAN CARLOS | K97: =H44 -> 4673 | L97: =G44 -> 3918
D98: 11 | G98: =VLOOKUP(G78,$K$88:$L$103,2,FALSE) -> 3907 | I98: =IF(G98=0,0,VLOOKUP(G98,Inscripciones!$B$1:$I$464,2,FALSE)) -> LUCIANA CASCANTE BARBOZA | J98: =IF(G98=0,0,VLOOKUP(G98,Inscripciones!$B$1:$L$364,3,FALSE)) -> ASERRÍ | K98: =G46 -> 4276 | L98: =H46 -> 4183
D99: 12 | G99: =VLOOKUP(G79,$K$88:$L$103,2,FALSE) -> 3828 | I99: =IF(G99=0,0,VLOOKUP(G99,Inscripciones!$B$1:$I$464,2,FALSE)) -> AMANDA CHEN CEN | J99: =IF(G99=0,0,VLOOKUP(G99,Inscripciones!$B$1:$L$364,3,FALSE)) -> ESCAZÚ | K99: =H46 -> 4183 | L99: =G46 -> 4276
D100: 13 | G100: =VLOOKUP(G84,$K$88:$L$103,2,FALSE) -> 3912 | I100: =IF(G100=0,0,VLOOKUP(G100,Inscripciones!$B$1:$I$464,2,FALSE)) -> AMBAR PADILLA GRANADOS | J100: =IF(G100=0,0,VLOOKUP(G100,Inscripciones!$B$1:$L$364,3,FALSE)) -> PÉREZ ZELEDÓN | K100: =G48 -> 4273 | L100: =H48 -> 4104
D101: 14 | G101: =VLOOKUP(G85,$K$88:$L$103,2,FALSE) -> 4276 | I101: =IF(G101=0,0,VLOOKUP(G101,Inscripciones!$B$1:$I$464,2,FALSE)) -> SILOÉ MUÑOZ CÓRDOBA | J101: =IF(G101=0,0,VLOOKUP(G101,Inscripciones!$B$1:$L$364,3,FALSE)) -> ESPARZA | K101: =H48 -> 4104 | L101: =G48 -> 4273
D102: 15 | G102: =VLOOKUP(G86,$K$88:$L$103,2,FALSE) -> 4348 | I102: =IF(G102=0,0,VLOOKUP(G102,Inscripciones!$B$1:$I$464,2,FALSE)) -> AMANDA PEREZ CABEZAS | J102: =IF(G102=0,0,VLOOKUP(G102,Inscripciones!$B$1:$L$364,3,FALSE)) -> CORREDORES | K102: =G50 -> 3828 | L102: =H50 -> 4101
D103: 16 | G103: =VLOOKUP(G87,$K$88:$L$103,2,FALSE) -> 4104 | I103: =IF(G103=0,0,VLOOKUP(G103,Inscripciones!$B$1:$I$464,2,FALSE)) -> ARIANA SANCHEZ DELGADO | J103: =IF(G103=0,0,VLOOKUP(G103,Inscripciones!$B$1:$L$364,3,FALSE)) -> ESCAZÚ | K103: =H50 -> 4101 | L103: =G50 -> 3828
K104: =G4 -> 4159 | L104: =H4 -> X | M104: LOS 32
...

Sheet PLANILLA 32
AA2: SCORE SHEETS PRELIMINARY GROUPS
B3: #VALUE! | S3: Match ID | U3: =AA3 -> 32 | Y3: =AA3 -> 32 | AA3: 32
B4: Event: | D4: =IF(U3=0,"",VLOOKUP(U3,'LLAVE 32'!$BL$5:$CB$437,16,FALSE)) -> U13 FEMENINO | K4: Stage: | M4: =IF(U3=0,"",VLOOKUP(U3,'LLAVE 32'!$BL$5:$CB$437,17,FALSE)) -> FINAL | S4: =IF(U3=0,"",VLOOKUP(U3,'LLAVE 32'!$BL$5:$CB$437,2,FALSE)) -> 28/Sep | U4: =IF(U3=0,"",VLOOKUP(U3,'LLAVE 32'!$BL$5:$CB$437,3,FALSE)) -> 0 | W4: =IF(U3=0,"","Table "&VLOOKUP(U3,'LLAVE 32'!$BM$8:$DE$437,4,FALSE)) -> #N/A
G6: Serv. | H6: Y | I6: YR1 | J6: YR2 | K6: T O | M6: Games | O6: T O | P6: Y | Q6: YR1 | R6: YR2 | S6: Serv.
B7: Player/Pair A/AB | E7: =IF(U3=0,"",VLOOKUP(U3,'LLAVE 32'!$BL$5:$CB$437,14,FALSE)) -> 4159 | M7: 1st | U7: =IF(U3=0,"",VLOOKUP(U3,'LLAVE 32'!$BL$5:$CB$437,15,FALSE)) -> 3918 | X7: Player/Pair X/XY
E8: =IF(E7=0,0,VLOOKUP(E7,Inscripciones!$B$1:$K$405,2,FALSE)) -> MARÍA FERNANDA ZELEDÓN HERRERA | M8: 2nd | U8: =IF(U7=0,0,VLOOKUP(U7,Inscripciones!$B$1:$K$405,2,FALSE)) -> MARIANA SOTO CALDERON
C9: =IF(E7=0,0,VLOOKUP(E7,Inscripciones!$B$1:$K$405,3,FALSE)) -> ESPARZA | M9: 3rd | S9: =IF(U7=0,0,VLOOKUP(U7,Inscripciones!$B$1:$K$405,3,FALSE)) -> ESPARZA
L10: =IF(U3<29,"X","") | M10: 4th | N10: =IF(U3<29,"X","") | S10: =IF(ISBLANK(R10),"",VLOOKUP(R10,Inscripciones!$A$1:$L$200,2,FALSE))
L11: =IF(U3<29,"X","") | M11: 5th | N11: =IF(U3<29,"X","") | S11: =IF(ISBLANK(R11),"",VLOOKUP(R11,Inscripciones!$A$1:$L$200,2,FALSE))
L12: =IF(U3<600,"X","") -> X | M12: 6th | N12: =IF(U3<600,"X","") -> X | S12: =IF(ISBLANK(R12),"",VLOOKUP(R12,Inscripciones!$A$1:$L$200,2,FALSE)) | T12: =IF(ISBLANK(R12),"",VLOOKUP(R12,Inscripciones!$A$1:$L$200,3,FALSE))
L13: =IF(U3<600,"X","") -> X | M13: 7th | N13: =IF(U3<600,"X","") -> X | S13: =IF(ISBLANK(R13),"",VLOOKUP(R13,Inscripciones!$A$1:$L$200,2,FALSE))
S14: =IF(ISBLANK(R14),"",VLOOKUP(R14,Inscripciones!$A$1:$L$200,2,FALSE)) | T14: =IF(ISBLANK(R14),"",VLOOKUP(R14,Inscripciones!$A$1:$L$200,3,FALSE))
B15: Winner: | D15: Number: | E15: =IF(D15=0,0,VLOOKUP(D15,Inscripciones!$A$1:$L$200,2,FALSE)) -> #N/A | O15: If written report attached please mark here:
S16: =IF(ISBLANK(R16),"",VLOOKUP(R16,Inscripciones!$A$1:$L$200,2,FALSE)) | T16: =IF(ISBLANK(R16),"",VLOOKUP(R16,Inscripciones!$A$1:$L$200,3,FALSE))
B17: A/AB SIGNATURE | S17: =IF(ISBLANK(R17),"",VLOOKUP(R17,Inscripciones!$A$1:$L$200,2,FALSE)) | T17: =IF(ISBLANK(R17),"",VLOOKUP(R17,Inscripciones!$A$1:$L$200,3,FALSE)) | U17: X/XY SIGNATURE
B19: Umpire 1: | N19: Signature Umpires:
B20: Umpire 2: | N20: Validation Referee:
S21: =IF(ISBLANK(R21),"",VLOOKUP(R21,Inscripciones!$A$1:$L$200,2,FALSE)) | T21: =IF(ISBLANK(R21),"",VLOOKUP(R21,Inscripciones!$A$1:$L$200,3,FALSE))
B23: #VALUE! | S23: Match ID | U23: =1+U3 -> 33
B24: Event: | D24: =IF(U23=0,"",VLOOKUP(U23,'LLAVE 32'!$BL$5:$CB$437,16,FALSE)) -> #N/A | K24: Stage: | M24: =IF(U23=0,"",VLOOKUP(U23,'LLAVE 32'!$BL$5:$CB$437,17,FALSE)) -> #N/A | S24: =IF(U3=0,"",VLOOKUP(U3,'LLAVE 32'!$BL$5:$CB$437,2,FALSE)) -> 28/Sep | U24: =IF(U23=0,"",VLOOKUP(U23,'LLAVE 32'!$BL$5:$CB$437,3,FALSE)) -> #N/A | W24: =IF(U23=0,"","Table "&VLOOKUP(U23,'LLAVE 32'!$BM$8:$DE$437,4,FALSE)) -> #N/A
S25: =IF(ISBLANK(R25),"",VLOOKUP(R25,Inscripciones!$A$1:$L$200,2,FALSE)) | T25: =IF(ISBLANK(R25),"",VLOOKUP(R25,Inscripciones!$A$1:$L$200,3,FALSE))
G26: Serv. | H26: Y | I26: YR1 | J26: YR2 | K26: T O | M26: Games | O26: T O | P26: Y | Q26: YR1 | R26: YR2 | S26: Serv.
B27: Player/Pair A/AB | E27: =IF(U23=0,"",VLOOKUP(U23,'LLAVE 32'!$BL$5:$CB$437,14,FALSE)) -> #N/A | M27: 1st | S27: =IF(ISBLANK(R27),"",VLOOKUP(R27,Inscripciones!$A$1:$L$200,2,FALSE)) | T27: =IF(ISBLANK(R27),"",VLOOKUP(R27,Inscripciones!$A$1:$L$200,3,FALSE)) | U27: =IF(U23=0,"",VLOOKUP(U23,'LLAVE 32'!$BL$5:$CB$437,15,FALSE)) -> #N/A | X27: Player/Pair X/XY
E28: =IF(E27=0,0,VLOOKUP(E27,Inscripciones!$B$1:$K$405,2,FALSE)) -> #N/A | M28: 2nd | U28: =IF(U27=0,0,VLOOKUP(U27,Inscripciones!$B$1:$K$405,2,FALSE)) -> #N/A
C29: =IF(E27=0,0,VLOOKUP(E27,Inscripciones!$B$1:$K$405,3,FALSE)) -> #N/A | M29: 3rd | S29: =IF(U27=0,0,VLOOKUP(U27,Inscripciones!$B$1:$K$405,3,FALSE)) -> #N/A
L30: =IF(U23<29,"X","") | M30: 4th | N30: =IF(U23<29,"X","")
L31: =IF(U23<29,"X","") | M31: 5th | N31: =IF(U23<29,"X","")
L32: =IF(U23<600,"X","") -> X | M32: 6th | N32: =IF(U23<600,"X","") -> X
L33: =IF(U23<600,"X","") -> X | M33: 7th | N33: =IF(U23<600,"X","") -> X
B35: Winner: | D35: Number: | E35: Name: | O35: If written report attached please mark here:
B37: A/AB SIGNATURE | U37: X/XY SIGNATURE
B39: Umpire 1: | N39: Signature Umpires:
B40: Umpire 2: | N40: Validation Referee:

Sheet PREMIACION
B5: #VALUE!
C11: PREMIACIÓN
C12: =Inscripciones!B2 -> U13 FEMENINO
C13: POS | D13: CARNET | E13: NOMBRE | F13: CLUB
C14: 1 | D14: ='LLAVE 32'!H143 -> 4159 | E14: =IF(ISBLANK(D14),"",VLOOKUP(D14,Inscripciones!$B$5:$H$130,2,FALSE)) -> MARÍA FERNANDA ZELEDÓN HERRERA | F14: =IF(ISBLANK(D14),"",VLOOKUP(D14,Inscripciones!$B$5:$H$130,3,FALSE)) -> ESPARZA
C15: 2 | D15: ='LLAVE 32'!H144 -> 3918 | E15: =IF(ISBLANK(D15),"",VLOOKUP(D15,Inscripciones!$B$5:$H$130,2,FALSE)) -> MARIANA SOTO CALDERON | F15: =IF(ISBLANK(D15),"",VLOOKUP(D15,Inscripciones!$B$5:$H$130,3,FALSE)) -> ESPARZA
