Workbook
Name a: #REF!
Name a: #REF!
Name acdb: #REF!
Name acdb: #REF!
Name ACDB1: #REF!
Name ACDB1: #REF!
Name acdf: #REF!
Name acdh: #REF!
Name acdo: #REF!
Name aceq: [1]AE!$A:$IV
Name aceq: #REF!
Name acif: #REF!
Name acin: #REF!
Name ACIN1: #REF!
Name acti: #REF!
Name avc: [2]DORSAL!$A$2:$G$120
Name avc: #REF!
Name datos: [3]Datos!$A$2:$G$140
Name datos: #REF!
Name dorsal: [2]DORSAL!$A$2:$G$120
Name dorsal: #REF!
Name EQ: [4]EQU!$A:$IV
Name EQ: #REF!
Name IN: [4]IND!$A:$IV
Name IN: #REF!
Name IND: [5]IN!$A$3:$IV$102
Name IND: #REF!
Name IPC_Member: #REF!
Name JBS: [6]JB!$A$1:$E$100
Name JBS: #REF!
Name JGS: #REF!
Name JUG: [7]Jug!$A$2:$D$13
Name JUG: #REF!
Name PC: #REF!
Name PCS: #REF!
Name PLAYERS: [8]Players!$B$4:$H$124
Name PLAYERS: #REF!
Name RK: #REF!
Name RKJB: #REF!
Name RKJG: #REF!
Name SI: #REF!
Name sssss: #REF!

Sheet Sheet1

Sheet Tabulación
C1: Ganadores | F1: Perdedores | K1: 14 | L1: {=VLOOKUP(INDIRECT("'Grupo " & K1 & "'!J18"),INDIRECT("'Grupo " & K1 & "'!B12"):INDIRECT("'Grupo " & K1 & "'!J15"),2,FALSE)} -> 4363 | M1: {=VLOOKUP(IF(INDIRECT("'Grupo " & K1 & "'!J18")=INDIRECT("'Grupo " & K1 & "'!C18"),INDIRECT("'Grupo " & K1 & "'!C19"),INDIRECT("'Grupo " & K1 & "'!C18")),INDIRECT("'Grupo " & K1 & "'!B12"):INDIRECT("'Grupo " & K1 & "'!G15"),2,FALSE)} -> 4851 | O1: {=VLOOKUP(IF(INDIRECT("'Grupo " & K1 & "'!J18")=INDIRECT("'Grupo " & K1 & "'!C18"),INDIRECT("'Grupo " & K1 & "'!C19"),INDIRECT("'Grupo " & K1 & "'!C18")),INDIRECT("'Grupo " & K1 & "'!B12"):INDIRECT("'Grupo " & K1 & "'!G15"),2,FALSE)} -> 4851 | P1: {=VLOOKUP(INDIRECT("'Grupo " & K1 & "'!J18"),INDIRECT("'Grupo " & K1 & "'!B12"):INDIRECT("'Grupo " & K1 & "'!J15"),2,FALSE)} -> 4363
B2: 1 | C2: {=VLOOKUP(INDIRECT("'Grupo " & B2 & "'!J18"),INDIRECT("'Grupo " & B2 & "'!B12"):INDIRECT("'Grupo " & B2 & "'!J15"),2,FALSE)} -> 2515 | D2: {=VLOOKUP(IF(INDIRECT("'Grupo " & B2 & "'!J18")=INDIRECT("'Grupo " & B2 & "'!C18"),INDIRECT("'Grupo " & B2 & "'!C19"),INDIRECT("'Grupo " & B2 & "'!C18")),INDIRECT("'Grupo " & B2 & "'!B12"):INDIRECT("'Grupo " & B2 & "'!G15"),2,FALSE)} -> 3670 | F2: {=VLOOKUP(IF(INDIRECT("'Grupo " & B2 & "'!J18")=INDIRECT("'Grupo " & B2 & "'!C18"),INDIRECT("'Grupo " & B2 & "'!C19"),INDIRECT("'Grupo " & B2 & "'!C18")),INDIRECT("'Grupo " & B2 & "'!B12"):INDIRECT("'Grupo " & B2 & "'!G15"),2,FALSE)} -> 3670 | G2: {=VLOOKUP(INDIRECT("'Grupo " & B2 & "'!J18"),INDIRECT("'Grupo " & B2 & "'!B12"):INDIRECT("'Grupo " & B2 & "'!J15"),2,FALSE)} -> 2515 | L2: {=VLOOKUP(INDIRECT("'Grupo " & K1 & "'!J20"),INDIRECT("'Grupo " & K1 & "'!B12"):INDIRECT("'Grupo " & K1 & "'!J15"),2,FALSE)} -> 4363 | M2: {=VLOOKUP(IF(INDIRECT("'Grupo " & K1 & "'!J20")=INDIRECT("'Grupo " & K1 & "'!C20"),INDIRECT("'Grupo " & K1 & "'!C21"),INDIRECT("'Grupo " & K1 & "'!C20")),INDIRECT("'Grupo " & K1 & "'!B12"):INDIRECT("'Grupo " & K1 & "'!G15"),2,FALSE)} -> 4056 | O2: {=VLOOKUP(IF(INDIRECT("'Grupo " & K1 & "'!J20")=INDIRECT("'Grupo " & K1 & "'!C20"),INDIRECT("'Grupo " & K1 & "'!C21"),INDIRECT("'Grupo " & K1 & "'!C20")),INDIRECT("'Grupo " & K1 & "'!B12"):INDIRECT("'Grupo " & K1 & "'!G15"),2,FALSE)} -> 4056 | P2: {=VLOOKUP(INDIRECT("'Grupo " & K1 & "'!J20"),INDIRECT("'Grupo " & K1 & "'!B12"):INDIRECT("'Grupo " & K1 & "'!J15"),2,FALSE)} -> 4363
C3: {=VLOOKUP(INDIRECT("'Grupo " & B2 & "'!J20"),INDIRECT("'Grupo " & B2 & "'!B12"):INDIRECT("'Grupo " & B2 & "'!J15"),2,FALSE)} -> 2515 | D3: {=VLOOKUP(IF(INDIRECT("'Grupo " & B2 & "'!J20")=INDIRECT("'Grupo " & B2 & "'!C20"),INDIRECT("'Grupo " & B2 & "'!C21"),INDIRECT("'Grupo " & B2 & "'!C20")),INDIRECT("'Grupo " & B2 & "'!B12"):INDIRECT("'Grupo " & B2 & "'!G15"),2,FALSE)} -> 4513 | F3: {=VLOOKUP(IF(INDIRECT("'Grupo " & B2 & "'!J20")=INDIRECT("'Grupo " & B2 & "'!C20"),INDIRECT("'Grupo " & B2 & "'!C21"),INDIRECT("'Grupo " & B2 & "'!C20")),INDIRECT("'Grupo " & B2 & "'!B12"):INDIRECT("'Grupo " & B2 & "'!G15"),2,FALSE)} -> 4513 | G3: {=VLOOKUP(INDIRECT("'Grupo " & B2 & "'!J20"),INDIRECT("'Grupo " & B2 & "'!B12"):INDIRECT("'Grupo " & B2 & "'!J15"),2,FALSE)} -> 2515 | L3: {=VLOOKUP(INDIRECT("'Grupo " & K1 & "'!J22"),INDIRECT("'Grupo " & K1 & "'!B12"):INDIRECT("'Grupo " & K1 & "'!J15"),2,FALSE)} -> 4056 | M3: {=VLOOKUP(IF(INDIRECT("'Grupo " & K1 & "'!J22")=INDIRECT("'Grupo " & K1 & "'!C22"),INDIRECT("'Grupo " & K1 & "'!C23"),INDIRECT("'Grupo " & K1 & "'!C22")),INDIRECT("'Grupo " & K1 & "'!B12"):INDIRECT("'Grupo " & K1 & "'!G15"),2,FALSE)} -> 4851 | O3: {=VLOOKUP(IF(INDIRECT("'Grupo " & K1 & "'!J22")=INDIRECT("'Grupo " & K1 & "'!C22"),INDIRECT("'Grupo " & K1 & "'!C23"),INDIRECT("'Grupo " & K1 & "'!C22")),INDIRECT("'Grupo " & K1 & "'!B12"):INDIRECT("'Grupo " & K1 & "'!G15"),2,FALSE)} -> 4851 | P3: {=VLOOKUP(INDIRECT("'Grupo " & K1 & "'!J22"),INDIRECT("'Grupo " & K1 & "'!B12"):INDIRECT("'Grupo " & K1 & "'!J15"),2,FALSE)} -> 4056
C4: {=VLOOKUP(INDIRECT("'Grupo " & B2 & "'!J22"),INDIRECT("'Grupo " & B2 & "'!B12"):INDIRECT("'Grupo " & B2 & "'!J15"),2,FALSE)} -> 4513 | D4: {=VLOOKUP(IF(INDIRECT("'Grupo " & B2 & "'!J22")=INDIRECT("'Grupo " & B2 & "'!C22"),INDIRECT("'Grupo " & B2 & "'!C23"),INDIRECT("'Grupo " & B2 & "'!C22")),INDIRECT("'Grupo " & B2 & "'!B12"):INDIRECT("'Grupo " & B2 & "'!G15"),2,FALSE)} -> 3670 | F4: {=VLOOKUP(IF(INDIRECT("'Grupo " & B2 & "'!J22")=INDIRECT("'Grupo " & B2 & "'!C22"),INDIRECT("'Grupo " & B2 & "'!C23"),INDIRECT("'Grupo " & B2 & "'!C22")),INDIRECT("'Grupo " & B2 & "'!B12"):INDIRECT("'Grupo " & B2 & "'!G15"),2,FALSE)} -> 3670 | G4: {=VLOOKUP(INDIRECT("'Grupo " & B2 & "'!J22"),INDIRECT("'Grupo " & B2 & "'!B12"):INDIRECT("'Grupo " & B2 & "'!J15"),2,FALSE)} -> 4513 | L4: {=VLOOKUP(INDIRECT("'Grupo " & K1 & "'!J24"),INDIRECT("'Grupo " & K1 & "'!B12"):INDIRECT("'Grupo " & K1 & "'!J15"),2,FALSE)} -> #N/A | M4: {=VLOOKUP(IF(INDIRECT("'Grupo " & K1 & "'!J24")=INDIRECT("'Grupo " & K1 & "'!C24"),INDIRECT("'Grupo " & K1 & "'!C25"),INDIRECT("'Grupo " & K1 & "'!C24")),INDIRECT("'Grupo " & K1 & "'!B12"):INDIRECT("'Grupo " & K1 & "'!G15"),2,FALSE)} -> #N/A | O4: {=VLOOKUP(IF(INDIRECT("'Grupo " & K1 & "'!J24")=INDIRECT("'Grupo " & K1 & "'!C24"),INDIRECT("'Grupo " & K1 & "'!C25"),INDIRECT("'Grupo " & K1 & "'!C24")),INDIRECT("'Grupo " & K1 & "'!B12"):INDIRECT("'Grupo " & K1 & "'!G15"),2,FALSE)} -> #N/A | P4: {=VLOOKUP(INDIRECT("'Grupo " & K1 & "'!J24"),INDIRECT("'Grupo " & K1 & "'!B12"):INDIRECT("'Grupo " & K1 & "'!J15"),2,FALSE)} -> #N/A
B5: =B2+1 -> 2 | C5: {=VLOOKUP(INDIRECT("'Grupo " & B5 & "'!J18"),INDIRECT("'Grupo " & B5 & "'!B12"):INDIRECT("'Grupo " & B5 & "'!J15"),2,FALSE)} -> 4144 | D5: {=VLOOKUP(IF(INDIRECT("'Grupo " & B5 & "'!J18")=INDIRECT("'Grupo " & B5 & "'!C18"),INDIRECT("'Grupo " & B5 & "'!C19"),INDIRECT("'Grupo " & B5 & "'!C18")),INDIRECT("'Grupo " & B5 & "'!B12"):INDIRECT("'Grupo " & B5 & "'!G15"),2,FALSE)} -> 2582 | F5: {=VLOOKUP(IF(INDIRECT("'Grupo " & B5 & "'!J18")=INDIRECT("'Grupo " & B5 & "'!C18"),INDIRECT("'Grupo " & B5 & "'!C19"),INDIRECT("'Grupo " & B5 & "'!C18")),INDIRECT("'Grupo " & B5 & "'!B12"):INDIRECT("'Grupo " & B5 & "'!G15"),2,FALSE)} -> 2582 | G5: {=VLOOKUP(INDIRECT("'Grupo " & B5 & "'!J18"),INDIRECT("'Grupo " & B5 & "'!B12"):INDIRECT("'Grupo " & B5 & "'!J15"),2,FALSE)} -> 4144 | L5: {=VLOOKUP(INDIRECT("'Grupo " & K1 & "'!J26"),INDIRECT("'Grupo " & K1 & "'!B12"):INDIRECT("'Grupo " & K1 & "'!J15"),2,FALSE)} -> #N/A | M5: {=VLOOKUP(IF(INDIRECT("'Grupo " & K1 & "'!J26")=INDIRECT("'Grupo " & K1 & "'!C26"),INDIRECT("'Grupo " & K1 & "'!C27"),INDIRECT("'Grupo " & K1 & "'!C26")),INDIRECT("'Grupo " & K1 & "'!B12"):INDIRECT("'Grupo " & K1 & "'!G15"),2,FALSE)} -> #N/A | O5: {=VLOOKUP(IF(INDIRECT("'Grupo " & K1 & "'!J26")=INDIRECT("'Grupo " & K1 & "'!C26"),INDIRECT("'Grupo " & K1 & "'!C27"),INDIRECT("'Grupo " & K1 & "'!C26")),INDIRECT("'Grupo " & K1 & "'!B12"):INDIRECT("'Grupo " & K1 & "'!G15"),2,FALSE)} -> #N/A | P5: {=VLOOKUP(INDIRECT("'Grupo " & K1 & "'!J26"),INDIRECT("'Grupo " & K1 & "'!B12"):INDIRECT("'Grupo " & K1 & "'!J15"),2,FALSE)} -> #N/A
C6: {=VLOOKUP(INDIRECT("'Grupo " & B5 & "'!J20"),INDIRECT("'Grupo " & B5 & "'!B12"):INDIRECT("'Grupo " & B5 & "'!J15"),2,FALSE)} -> 2513 | D6: {=VLOOKUP(IF(INDIRECT("'Grupo " & B5 & "'!J20")=INDIRECT("'Grupo " & B5 & "'!C20"),INDIRECT("'Grupo " & B5 & "'!C21"),INDIRECT("'Grupo " & B5 & "'!C20")),INDIRECT("'Grupo " & B5 & "'!B12"):INDIRECT("'Grupo " & B5 & "'!G15"),2,FALSE)} -> 2582 | F6: {=VLOOKUP(IF(INDIRECT("'Grupo " & B5 & "'!J20")=INDIRECT("'Grupo " & B5 & "'!C20"),INDIRECT("'Grupo " & B5 & "'!C21"),INDIRECT("'Grupo " & B5 & "'!C20")),INDIRECT("'Grupo " & B5 & "'!B12"):INDIRECT("'Grupo " & B5 & "'!G15"),2,FALSE)} -> 2582 | G6: {=VLOOKUP(INDIRECT("'Grupo " & B5 & "'!J20"),INDIRECT("'Grupo " & B5 & "'!B12"):INDIRECT("'Grupo " & B5 & "'!J15"),2,FALSE)} -> 2513 | L6: {=VLOOKUP(INDIRECT("'Grupo " & K1 & "'!J28"),INDIRECT("'Grupo " & K1 & "'!B12"):INDIRECT("'Grupo " & K1 & "'!J15"),2,FALSE)} -> #N/A | M6: {=VLOOKUP(IF(INDIRECT("'Grupo " & K1 & "'!J28")=INDIRECT("'Grupo " & K1 & "'!C28"),INDIRECT("'Grupo " & K1 & "'!C29"),INDIRECT("'Grupo " & K1 & "'!C28")),INDIRECT("'Grupo " & K1 & "'!B12"):INDIRECT("'Grupo " & K1 & "'!G15"),2,FALSE)} -> #N/A | O6: {=VLOOKUP(IF(INDIRECT("'Grupo " & K1 & "'!J28")=INDIRECT("'Grupo " & K1 & "'!C28"),INDIRECT("'Grupo " & K1 & "'!C29"),INDIRECT("'Grupo " & K1 & "'!C28")),INDIRECT("'Grupo " & K1 & "'!B12"):INDIRECT("'Grupo " & K1 & "'!G15"),2,FALSE)} -> #N/A | P6: {=VLOOKUP(INDIRECT("'Grupo " & K1 & "'!J28"),INDIRECT("'Grupo " & K1 & "'!B12"):INDIRECT("'Grupo " & K1 & "'!J15"),2,FALSE)} -> #N/A
C7: {=VLOOKUP(INDIRECT("'Grupo " & B5 & "'!J22"),INDIRECT("'Grupo " & B5 & "'!B12"):INDIRECT("'Grupo " & B5 & "'!J15"),2,FALSE)} -> 4144 | D7: {=VLOOKUP(IF(INDIRECT("'Grupo " & B5 & "'!J22")=INDIRECT("'Grupo " & B5 & "'!C22"),INDIRECT("'Grupo " & B5 & "'!C23"),INDIRECT("'Grupo " & B5 & "'!C22")),INDIRECT("'Grupo " & B5 & "'!B12"):INDIRECT("'Grupo " & B5 & "'!G15"),2,FALSE)} -> 2513 | F7: {=VLOOKUP(IF(INDIRECT("'Grupo " & B5 & "'!J22")=INDIRECT("'Grupo " & B5 & "'!C22"),INDIRECT("'Grupo " & B5 & "'!C23"),INDIRECT("'Grupo " & B5 & "'!C22")),INDIRECT("'Grupo " & B5 & "'!B12"):INDIRECT("'Grupo " & B5 & "'!G15"),2,FALSE)} -> 2513 | G7: {=VLOOKUP(INDIRECT("'Grupo " & B5 & "'!J22"),INDIRECT("'Grupo " & B5 & "'!B12"):INDIRECT("'Grupo " & B5 & "'!J15"),2,FALSE)} -> 4144
B8: =B5+1 -> 3 | C8: {=VLOOKUP(INDIRECT("'Grupo " & B8 & "'!J18"),INDIRECT("'Grupo " & B8 & "'!B12"):INDIRECT("'Grupo " & B8 & "'!J15"),2,FALSE)} -> 4034 | D8: {=VLOOKUP(IF(INDIRECT("'Grupo " & B8 & "'!J18")=INDIRECT("'Grupo " & B8 & "'!C18"),INDIRECT("'Grupo " & B8 & "'!C19"),INDIRECT("'Grupo " & B8 & "'!C18")),INDIRECT("'Grupo " & B8 & "'!B12"):INDIRECT("'Grupo " & B8 & "'!G15"),2,FALSE)} -> 4415 | F8: {=VLOOKUP(IF(INDIRECT("'Grupo " & B8 & "'!J18")=INDIRECT("'Grupo " & B8 & "'!C18"),INDIRECT("'Grupo " & B8 & "'!C19"),INDIRECT("'Grupo " & B8 & "'!C18")),INDIRECT("'Grupo " & B8 & "'!B12"):INDIRECT("'Grupo " & B8 & "'!G15"),2,FALSE)} -> 4415 | G8: {=VLOOKUP(INDIRECT("'Grupo " & B8 & "'!J18"),INDIRECT("'Grupo " & B8 & "'!B12"):INDIRECT("'Grupo " & B8 & "'!J15"),2,FALSE)} -> 4034
C9: {=VLOOKUP(INDIRECT("'Grupo " & B8 & "'!J20"),INDIRECT("'Grupo " & B8 & "'!B12"):INDIRECT("'Grupo " & B8 & "'!J15"),2,FALSE)} -> 4034 | D9: {=VLOOKUP(IF(INDIRECT("'Grupo " & B8 & "'!J20")=INDIRECT("'Grupo " & B8 & "'!C20"),INDIRECT("'Grupo " & B8 & "'!C21"),INDIRECT("'Grupo " & B8 & "'!C20")),INDIRECT("'Grupo " & B8 & "'!B12"):INDIRECT("'Grupo " & B8 & "'!G15"),2,FALSE)} -> 2847 | F9: {=VLOOKUP(IF(INDIRECT("'Grupo " & B8 & "'!J20")=INDIRECT("'Grupo " & B8 & "'!C20"),INDIRECT("'Grupo " & B8 & "'!C21"),INDIRECT("'Grupo " & B8 & "'!C20")),INDIRECT("'Grupo " & B8 & "'!B12"):INDIRECT("'Grupo " & B8 & "'!G15"),2,FALSE)} -> 2847 | G9: {=VLOOKUP(INDIRECT("'Grupo " & B8 & "'!J20"),INDIRECT("'Grupo " & B8 & "'!B12"):INDIRECT("'Grupo " & B8 & "'!J15"),2,FALSE)} -> 4034
C10: {=VLOOKUP(INDIRECT("'Grupo " & B8 & "'!J22"),INDIRECT("'Grupo " & B8 & "'!B12"):INDIRECT("'Grupo " & B8 & "'!J15"),2,FALSE)} -> 2847 | D10: {=VLOOKUP(IF(INDIRECT("'Grupo " & B8 & "'!J22")=INDIRECT("'Grupo " & B8 & "'!C22"),INDIRECT("'Grupo " & B8 & "'!C23"),INDIRECT("'Grupo " & B8 & "'!C22")),INDIRECT("'Grupo " & B8 & "'!B12"):INDIRECT("'Grupo " & B8 & "'!G15"),2,FALSE)} -> 4415 | F10: {=VLOOKUP(IF(INDIRECT("'Grupo " & B8 & "'!J22")=INDIRECT("'Grupo " & B8 & "'!C22"),INDIRECT("'Grupo " & B8 & "'!C23"),INDIRECT("'Grupo " & B8 & "'!C22")),INDIRECT("'Grupo " & B8 & "'!B12"):INDIRECT("'Grupo " & B8 & "'!G15"),2,FALSE)} -> 4415 | G10: {=VLOOKUP(INDIRECT("'Grupo " & B8 & "'!J22"),INDIRECT("'Grupo " & B8 & "'!B12"):INDIRECT("'Grupo " & B8 & "'!J15"),2,FALSE)} -> 2847
B11: =B8+1 -> 4 | C11: {=VLOOKUP(INDIRECT("'Grupo " & B11 & "'!J18"),INDIRECT("'Grupo " & B11 & "'!B12"):INDIRECT("'Grupo " & B11 & "'!J15"),2,FALSE)} -> 3472 | D11: {=VLOOKUP(IF(INDIRECT("'Grupo " & B11 & "'!J18")=INDIRECT("'Grupo " & B11 & "'!C18"),INDIRECT("'Grupo " & B11 & "'!C19"),INDIRECT("'Grupo " & B11 & "'!C18")),INDIRECT("'Grupo " & B11 & "'!B12"):INDIRECT("'Grupo " & B11 & "'!G15"),2,FALSE)} -> 4464 | F11: {=VLOOKUP(IF(INDIRECT("'Grupo " & B11 & "'!J18")=INDIRECT("'Grupo " & B11 & "'!C18"),INDIRECT("'Grupo " & B11 & "'!C19"),INDIRECT("'Grupo " & B11 & "'!C18")),INDIRECT("'Grupo " & B11 & "'!B12"):INDIRECT("'Grupo " & B11 & "'!G15"),2,FALSE)} -> 4464 | G11: {=VLOOKUP(INDIRECT("'Grupo " & B11 & "'!J18"),INDIRECT("'Grupo " & B11 & "'!B12"):INDIRECT("'Grupo " & B11 & "'!J15"),2,FALSE)} -> 3472
C12: {=VLOOKUP(INDIRECT("'Grupo " & B11 & "'!J20"),INDIRECT("'Grupo " & B11 & "'!B12"):INDIRECT("'Grupo " & B11 & "'!J15"),2,FALSE)} -> 3472 | D12: {=VLOOKUP(IF(INDIRECT("'Grupo " & B11 & "'!J20")=INDIRECT("'Grupo " & B11 & "'!C20"),INDIRECT("'Grupo " & B11 & "'!C21"),INDIRECT("'Grupo " & B11 & "'!C20")),INDIRECT("'Grupo " & B11 & "'!B12"):INDIRECT("'Grupo " & B11 & "'!G15"),2,FALSE)} -> 4248 | F12: {=VLOOKUP(IF(INDIRECT("'Grupo " & B11 & "'!J20")=INDIRECT("'Grupo " & B11 & "'!C20"),INDIRECT("'Grupo " & B11 & "'!C21"),INDIRECT("'Grupo " & B11 & "'!C20")),INDIRECT("'Grupo " & B11 & "'!B12"):INDIRECT("'Grupo " & B11 & "'!G15"),2,FALSE)} -> 4248 | G12: {=VLOOKUP(INDIRECT("'Grupo " & B11 & "'!J20"),INDIRECT("'Grupo " & B11 & "'!B12"):INDIRECT("'Grupo " & B11 & "'!J15"),2,FALSE)} -> 3472
C13: {=VLOOKUP(INDIRECT("'Grupo " & B11 & "'!J22"),INDIRECT("'Grupo " & B11 & "'!B12"):INDIRECT("'Grupo " & B11 & "'!J15"),2,FALSE)} -> 4464 | D13: {=VLOOKUP(IF(INDIRECT("'Grupo " & B11 & "'!J22")=INDIRECT("'Grupo " & B11 & "'!C22"),INDIRECT("'Grupo " & B11 & "'!C23"),INDIRECT("'Grupo " & B11 & "'!C22")),INDIRECT("'Grupo " & B11 & "'!B12"):INDIRECT("'Grupo " & B11 & "'!G15"),2,FALSE)} -> 4248 | F13: {=VLOOKUP(IF(INDIRECT("'Grupo " & B11 & "'!J22")=INDIRECT("'Grupo " & B11 & "'!C22"),INDIRECT("'Grupo " & B11 & "'!C23"),INDIRECT("'Grupo " & B11 & "'!C22")),INDIRECT("'Grupo " & B11 & "'!B12"):INDIRECT("'Grupo " & B11 & "'!G15"),2,FALSE)} -> 4248 | G13: {=VLOOKUP(INDIRECT("'Grupo " & B11 & "'!J22"),INDIRECT("'Grupo " & B11 & "'!B12"):INDIRECT("'Grupo " & B11 & "'!J15"),2,FALSE)} -> 4464
B14: =B11+1 -> 5 | C14: {=VLOOKUP(INDIRECT("'Grupo " & B14 & "'!J18"),INDIRECT("'Grupo " & B14 & "'!B12"):INDIRECT("'Grupo " & B14 & "'!J15"),2,FALSE)} -> 2895 | D14: {=VLOOKUP(IF(INDIRECT("'Grupo " & B14 & "'!J18")=INDIRECT("'Grupo " & B14 & "'!C18"),INDIRECT("'Grupo " & B14 & "'!C19"),INDIRECT("'Grupo " & B14 & "'!C18")),INDIRECT("'Grupo " & B14 & "'!B12"):INDIRECT("'Grupo " & B14 & "'!G15"),2,FALSE)} -> 3450 | F14: {=VLOOKUP(IF(INDIRECT("'Grupo " & B14 & "'!J18")=INDIRECT("'Grupo " & B14 & "'!C18"),INDIRECT("'Grupo " & B14 & "'!C19"),INDIRECT("'Grupo " & B14 & "'!C18")),INDIRECT("'Grupo " & B14 & "'!B12"):INDIRECT("'Grupo " & B14 & "'!G15"),2,FALSE)} -> 3450 | G14: {=VLOOKUP(INDIRECT("'Grupo " & B14 & "'!J18"),INDIRECT("'Grupo " & B14 & "'!B12"):INDIRECT("'Grupo " & B14 & "'!J15"),2,FALSE)} -> 2895
C15: {=VLOOKUP(INDIRECT("'Grupo " & B14 & "'!J20"),INDIRECT("'Grupo " & B14 & "'!B12"):INDIRECT("'Grupo " & B14 & "'!J15"),2,FALSE)} -> 2895 | D15: {=VLOOKUP(IF(INDIRECT("'Grupo " & B14 & "'!J20")=INDIRECT("'Grupo " & B14 & "'!C20"),INDIRECT("'Grupo " & B14 & "'!C21"),INDIRECT("'Grupo " & B14 & "'!C20")),INDIRECT("'Grupo " & B14 & "'!B12"):INDIRECT("'Grupo " & B14 & "'!G15"),2,FALSE)} -> 3898 | F15: {=VLOOKUP(IF(INDIRECT("'Grupo " & B14 & "'!J20")=INDIRECT("'Grupo " & B14 & "'!C20"),INDIRECT("'Grupo " & B14 & "'!C21"),INDIRECT("'Grupo " & B14 & "'!C20")),INDIRECT("'Grupo " & B14 & "'!B12"):INDIRECT("'Grupo " & B14 & "'!G15"),2,FALSE)} -> 3898 | G15: {=VLOOKUP(INDIRECT("'Grupo " & B14 & "'!J20"),INDIRECT("'Grupo " & B14 & "'!B12"):INDIRECT("'Grupo " & B14 & "'!J15"),2,FALSE)} -> 2895
C16: {=VLOOKUP(INDIRECT("'Grupo " & B14 & "'!J22"),INDIRECT("'Grupo " & B14 & "'!B12"):INDIRECT("'Grupo " & B14 & "'!J15"),2,FALSE)} -> 3450 | D16: {=VLOOKUP(IF(INDIRECT("'Grupo " & B14 & "'!J22")=INDIRECT("'Grupo " & B14 & "'!C22"),INDIRECT("'Grupo " & B14 & "'!C23"),INDIRECT("'Grupo " & B14 & "'!C22")),INDIRECT("'Grupo " & B14 & "'!B12"):INDIRECT("'Grupo " & B14 & "'!G15"),2,FALSE)} -> 3898 | F16: {=VLOOKUP(IF(INDIRECT("'Grupo " & B14 & "'!J22")=INDIRECT("'Grupo " & B14 & "'!C22"),INDIRECT("'Grupo " & B14 & "'!C23"),INDIRECT("'Grupo " & B14 & "'!C22")),INDIRECT("'Grupo " & B14 & "'!B12"):INDIRECT("'Grupo " & B14 & "'!G15"),2,FALSE)} -> 3898 | G16: {=VLOOKUP(INDIRECT("'Grupo " & B14 & "'!J22"),INDIRECT("'Grupo " & B14 & "'!B12"):INDIRECT("'Grupo " & B14 & "'!J15"),2,FALSE)} -> 3450
B17: =B14+1 -> 6 | C17: {=VLOOKUP(INDIRECT("'Grupo " & B17 & "'!J18"),INDIRECT("'Grupo " & B17 & "'!B12"):INDIRECT("'Grupo " & B17 & "'!J15"),2,FALSE)} -> 2623 | D17: {=VLOOKUP(IF(INDIRECT("'Grupo " & B17 & "'!J18")=INDIRECT("'Grupo " & B17 & "'!C18"),INDIRECT("'Grupo " & B17 & "'!C19"),INDIRECT("'Grupo " & B17 & "'!C18")),INDIRECT("'Grupo " & B17 & "'!B12"):INDIRECT("'Grupo " & B17 & "'!G15"),2,FALSE)} -> 4528 | F17: {=VLOOKUP(IF(INDIRECT("'Grupo " & B17 & "'!J18")=INDIRECT("'Grupo " & B17 & "'!C18"),INDIRECT("'Grupo " & B17 & "'!C19"),INDIRECT("'Grupo " & B17 & "'!C18")),INDIRECT("'Grupo " & B17 & "'!B12"):INDIRECT("'Grupo " & B17 & "'!G15"),2,FALSE)} -> 4528 | G17: {=VLOOKUP(INDIRECT("'Grupo " & B17 & "'!J18"),INDIRECT("'Grupo " & B17 & "'!B12"):INDIRECT("'Grupo " & B17 & "'!J15"),2,FALSE)} -> 2623
C18: {=VLOOKUP(INDIRECT("'Grupo " & B17 & "'!J20"),INDIRECT("'Grupo " & B17 & "'!B12"):INDIRECT("'Grupo " & B17 & "'!J15"),2,FALSE)} -> 2623 | D18: {=VLOOKUP(IF(INDIRECT("'Grupo " & B17 & "'!J20")=INDIRECT("'Grupo " & B17 & "'!C20"),INDIRECT("'Grupo " & B17 & "'!C21"),INDIRECT("'Grupo " & B17 & "'!C20")),INDIRECT("'Grupo " & B17 & "'!B12"):INDIRECT("'Grupo " & B17 & "'!G15"),2,FALSE)} -> 4463 | F18: {=VLOOKUP(IF(INDIRECT("'Grupo " & B17 & "'!J20")=INDIRECT("'Grupo " & B17 & "'!C20"),INDIRECT("'Grupo " & B17 & "'!C21"),INDIRECT("'Grupo " & B17 & "'!C20")),INDIRECT("'Grupo " & B17 & "'!B12"):INDIRECT("'Grupo " & B17 & "'!G15"),2,FALSE)} -> 4463 | G18: {=VLOOKUP(INDIRECT("'Grupo " & B17 & "'!J20"),INDIRECT("'Grupo " & B17 & "'!B12"):INDIRECT("'Grupo " & B17 & "'!J15"),2,FALSE)} -> 2623
C19: {=VLOOKUP(INDIRECT("'Grupo " & B17 & "'!J22"),INDIRECT("'Grupo " & B17 & "'!B12"):INDIRECT("'Grupo " & B17 & "'!J15"),2,FALSE)} -> 4463 | D19: {=VLOOKUP(IF(INDIRECT("'Grupo " & B17 & "'!J22")=INDIRECT("'Grupo " & B17 & "'!C22"),INDIRECT("'Grupo " & B17 & "'!C23"),INDIRECT("'Grupo " & B17 & "'!C22")),INDIRECT("'Grupo " & B17 & "'!B12"):INDIRECT("'Grupo " & B17 & "'!G15"),2,FALSE)} -> 4528 | F19: {=VLOOKUP(IF(INDIRECT("'Grupo " & B17 & "'!J22")=INDIRECT("'Grupo " & B17 & "'!C22"),INDIRECT("'Grupo " & B17 & "'!C23"),INDIRECT("'Grupo " & B17 & "'!C22")),INDIRECT("'Grupo " & B17 & "'!B12"):INDIRECT("'Grupo " & B17 & "'!G15"),2,FALSE)} -> 4528 | G19: {=VLOOKUP(INDIRECT("'Grupo " & B17 & "'!J22"),INDIRECT("'Grupo " & B17 & "'!B12"):INDIRECT("'Grupo " & B17 & "'!J15"),2,FALSE)} -> 4463
B20: =B17+1 -> 7 | C20: {=VLOOKUP(INDIRECT("'Grupo " & B20 & "'!J18"),INDIRECT("'Grupo " & B20 & "'!B12"):INDIRECT("'Grupo " & B20 & "'!J15"),2,FALSE)} -> 3153 | D20: {=VLOOKUP(IF(INDIRECT("'Grupo " & B20 & "'!J18")=INDIRECT("'Grupo " & B20 & "'!C18"),INDIRECT("'Grupo " & B20 & "'!C19"),INDIRECT("'Grupo " & B20 & "'!C18")),INDIRECT("'Grupo " & B20 & "'!B12"):INDIRECT("'Grupo " & B20 & "'!G15"),2,FALSE)} -> 4284 | F20: {=VLOOKUP(IF(INDIRECT("'Grupo " & B20 & "'!J18")=INDIRECT("'Grupo " & B20 & "'!C18"),INDIRECT("'Grupo " & B20 & "'!C19"),INDIRECT("'Grupo " & B20 & "'!C18")),INDIRECT("'Grupo " & B20 & "'!B12"):INDIRECT("'Grupo " & B20 & "'!G15"),2,FALSE)} -> 4284 | G20: {=VLOOKUP(INDIRECT("'Grupo " & B20 & "'!J18"),INDIRECT("'Grupo " & B20 & "'!B12"):INDIRECT("'Grupo " & B20 & "'!J15"),2,FALSE)} -> 3153
C21: {=VLOOKUP(INDIRECT("'Grupo " & B20 & "'!J20"),INDIRECT("'Grupo " & B20 & "'!B12"):INDIRECT("'Grupo " & B20 & "'!J15"),2,FALSE)} -> 3153 | D21: {=VLOOKUP(IF(INDIRECT("'Grupo " & B20 & "'!J20")=INDIRECT("'Grupo " & B20 & "'!C20"),INDIRECT("'Grupo " & B20 & "'!C21"),INDIRECT("'Grupo " & B20 & "'!C20")),INDIRECT("'Grupo " & B20 & "'!B12"):INDIRECT("'Grupo " & B20 & "'!G15"),2,FALSE)} -> 4677 | F21: {=VLOOKUP(IF(INDIRECT("'Grupo " & B20 & "'!J20")=INDIRECT("'Grupo " & B20 & "'!C20"),INDIRECT("'Grupo " & B20 & "'!C21"),INDIRECT("'Grupo " & B20 & "'!C20")),INDIRECT("'Grupo " & B20 & "'!B12"):INDIRECT("'Grupo " & B20 & "'!G15"),2,FALSE)} -> 4677 | G21: {=VLOOKUP(INDIRECT("'Grupo " & B20 & "'!J20"),INDIRECT("'Grupo " & B20 & "'!B12"):INDIRECT("'Grupo " & B20 & "'!J15"),2,FALSE)} -> 3153
C22: {=VLOOKUP(INDIRECT("'Grupo " & B20 & "'!J22"),INDIRECT("'Grupo " & B20 & "'!B12"):INDIRECT("'Grupo " & B20 & "'!J15"),2,FALSE)} -> 4284 | D22: {=VLOOKUP(IF(INDIRECT("'Grupo " & B20 & "'!J22")=INDIRECT("'Grupo " & B20 & "'!C22"),INDIRECT("'Grupo " & B20 & "'!C23"),INDIRECT("'Grupo " & B20 & "'!C22")),INDIRECT("'Grupo " & B20 & "'!B12"):INDIRECT("'Grupo " & B20 & "'!G15"),2,FALSE)} -> 4677 | F22: {=VLOOKUP(IF(INDIRECT("'Grupo " & B20 & "'!J22")=INDIRECT("'Grupo " & B20 & "'!C22"),INDIRECT("'Grupo " & B20 & "'!C23"),INDIRECT("'Grupo " & B20 & "'!C22")),INDIRECT("'Grupo " & B20 & "'!B12"):INDIRECT("'Grupo " & B20 & "'!G15"),2,FALSE)} -> 4677 | G22: {=VLOOKUP(INDIRECT("'Grupo " & B20 & "'!J22"),INDIRECT("'Grupo " & B20 & "'!B12"):INDIRECT("'Grupo " & B20 & "'!J15"),2,FALSE)} -> 4284
B23: =B20+1 -> 8 | C23: {=VLOOKUP(INDIRECT("'Grupo " & B23 & "'!J18"),INDIRECT("'Grupo " & B23 & "'!B12"):INDIRECT("'Grupo " & B23 & "'!J15"),2,FALSE)} -> 3839 | D23: {=VLOOKUP(IF(INDIRECT("'Grupo " & B23 & "'!J18")=INDIRECT("'Grupo " & B23 & "'!C18"),INDIRECT("'Grupo " & B23 & "'!C19"),INDIRECT("'Grupo " & B23 & "'!C18")),INDIRECT("'Grupo " & B23 & "'!B12"):INDIRECT("'Grupo " & B23 & "'!G15"),2,FALSE)} -> 4641 | F23: {=VLOOKUP(IF(INDIRECT("'Grupo " & B23 & "'!J18")=INDIRECT("'Grupo " & B23 & "'!C18"),INDIRECT("'Grupo " & B23 & "'!C19"),INDIRECT("'Grupo " & B23 & "'!C18")),INDIRECT("'Grupo " & B23 & "'!B12"):INDIRECT("'Grupo " & B23 & "'!G15"),2,FALSE)} -> 4641 | G23: {=VLOOKUP(INDIRECT("'Grupo " & B23 & "'!J18"),INDIRECT("'Grupo " & B23 & "'!B12"):INDIRECT("'Grupo " & B23 & "'!J15"),2,FALSE)} -> 3839
C24: {=VLOOKUP(INDIRECT("'Grupo " & B23 & "'!J20"),INDIRECT("'Grupo " & B23 & "'!B12"):INDIRECT("'Grupo " & B23 & "'!J15"),2,FALSE)} -> 4002 | D24: {=VLOOKUP(IF(INDIRECT("'Grupo " & B23 & "'!J20")=INDIRECT("'Grupo " & B23 & "'!C20"),INDIRECT("'Grupo " & B23 & "'!C21"),INDIRECT("'Grupo " & B23 & "'!C20")),INDIRECT("'Grupo " & B23 & "'!B12"):INDIRECT("'Grupo " & B23 & "'!G15"),2,FALSE)} -> 3839 | F24: {=VLOOKUP(IF(INDIRECT("'Grupo " & B23 & "'!J20")=INDIRECT("'Grupo " & B23 & "'!C20"),INDIRECT("'Grupo " & B23 & "'!C21"),INDIRECT("'Grupo " & B23 & "'!C20")),INDIRECT("'Grupo " & B23 & "'!B12"):INDIRECT("'Grupo " & B23 & "'!G15"),2,FALSE)} -> 3839 | G24: {=VLOOKUP(INDIRECT("'Grupo " & B23 & "'!J20"),INDIRECT("'Grupo " & B23 & "'!B12"):INDIRECT("'Grupo " & B23 & "'!J15"),2,FALSE)} -> 4002
C25: {=VLOOKUP(INDIRECT("'Grupo " & B23 & "'!J22"),INDIRECT("'Grupo " & B23 & "'!B12"):INDIRECT("'Grupo " & B23 & "'!J15"),2,FALSE)} -> 4002 | D25: {=VLOOKUP(IF(INDIRECT("'Grupo " & B23 & "'!J22")=INDIRECT("'Grupo " & B23 & "'!C22"),INDIRECT("'Grupo " & B23 & "'!C23"),INDIRECT("'Grupo " & B23 & "'!C22")),INDIRECT("'Grupo " & B23 & "'!B12"):INDIRECT("'Grupo " & B23 & "'!G15"),2,FALSE)} -> 4641 | F25: {=VLOOKUP(IF(INDIRECT("'Grupo " & B23 & "'!J22")=INDIRECT("'Grupo " & B23 & "'!C22"),INDIRECT("'Grupo " & B23 & "'!C23"),INDIRECT("'Grupo " & B23 & "'!C22")),INDIRECT("'Grupo " & B23 & "'!B12"):INDIRECT("'Grupo " & B23 & "'!G15"),2,FALSE)} -> 4641 | G25: {=VLOOKUP(INDIRECT("'Grupo " & B23 & "'!J22"),INDIRECT("'Grupo " & B23 & "'!B12"):INDIRECT("'Grupo " & B23 & "'!J15"),2,FALSE)} -> 4002
B26: =B23+1 -> 9 | C26: {=VLOOKUP(INDIRECT("'Grupo " & B26 & "'!J18"),INDIRECT("'Grupo " & B26 & "'!B12"):INDIRECT("'Grupo " & B26 & "'!J15"),2,FALSE)} -> 3836 | D26: {=VLOOKUP(IF(INDIRECT("'Grupo " & B26 & "'!J18")=INDIRECT("'Grupo " & B26 & "'!C18"),INDIRECT("'Grupo " & B26 & "'!C19"),INDIRECT("'Grupo " & B26 & "'!C18")),INDIRECT("'Grupo " & B26 & "'!B12"):INDIRECT("'Grupo " & B26 & "'!G15"),2,FALSE)} -> 4115 | F26: {=VLOOKUP(IF(INDIRECT("'Grupo " & B26 & "'!J18")=INDIRECT("'Grupo " & B26 & "'!C18"),INDIRECT("'Grupo " & B26 & "'!C19"),INDIRECT("'Grupo " & B26 & "'!C18")),INDIRECT("'Grupo " & B26 & "'!B12"):INDIRECT("'Grupo " & B26 & "'!G15"),2,FALSE)} -> 4115 | G26: {=VLOOKUP(INDIRECT("'Grupo " & B26 & "'!J18"),INDIRECT("'Grupo " & B26 & "'!B12"):INDIRECT("'Grupo " & B26 & "'!J15"),2,FALSE)} -> 3836
C27: {=VLOOKUP(INDIRECT("'Grupo " & B26 & "'!J20"),INDIRECT("'Grupo " & B26 & "'!B12"):INDIRECT("'Grupo " & B26 & "'!J15"),2,FALSE)} -> 3836 | D27: {=VLOOKUP(IF(INDIRECT("'Grupo " & B26 & "'!J20")=INDIRECT("'Grupo " & B26 & "'!C20"),INDIRECT("'Grupo " & B26 & "'!C21"),INDIRECT("'Grupo " & B26 & "'!C20")),INDIRECT("'Grupo " & B26 & "'!B12"):INDIRECT("'Grupo " & B26 & "'!G15"),2,FALSE)} -> 3234 | F27: {=VLOOKUP(IF(INDIRECT("'Grupo " & B26 & "'!J20")=INDIRECT("'Grupo " & B26 & "'!C20"),INDIRECT("'Grupo " & B26 & "'!C21"),INDIRECT("'Grupo " & B26 & "'!C20")),INDIRECT("'Grupo " & B26 & "'!B12"):INDIRECT("'Grupo " & B26 & "'!G15"),2,FALSE)} -> 3234 | G27: {=VLOOKUP(INDIRECT("'Grupo " & B26 & "'!J20"),INDIRECT("'Grupo " & B26 & "'!B12"):INDIRECT("'Grupo " & B26 & "'!J15"),2,FALSE)} -> 3836
C28: {=VLOOKUP(INDIRECT("'Grupo " & B26 & "'!J22"),INDIRECT("'Grupo " & B26 & "'!B12"):INDIRECT("'Grupo " & B26 & "'!J15"),2,FALSE)} -> 4115 | D28: {=VLOOKUP(IF(INDIRECT("'Grupo " & B26 & "'!J22")=INDIRECT("'Grupo " & B26 & "'!C22"),INDIRECT("'Grupo " & B26 & "'!C23"),INDIRECT("'Grupo " & B26 & "'!C22")),INDIRECT("'Grupo " & B26 & "'!B12"):INDIRECT("'Grupo " & B26 & "'!G15"),2,FALSE)} -> 3234 | F28: {=VLOOKUP(IF(INDIRECT("'Grupo " & B26 & "'!J22")=INDIRECT("'Grupo " & B26 & "'!C22"),INDIRECT("'Grupo " & B26 & "'!C23"),INDIRECT("'Grupo " & B26 & "'!C22")),INDIRECT("'Grupo " & B26 & "'!B12"):INDIRECT("'Grupo " & B26 & "'!G15"),2,FALSE)} -> 3234 | G28: {=VLOOKUP(INDIRECT("'Grupo " & B26 & "'!J22"),INDIRECT("'Grupo " & B26 & "'!B12"):INDIRECT("'Grupo " & B26 & "'!J15"),2,FALSE)} -> 4115
B29: =B26+1 -> 10 | C29: {=VLOOKUP(INDIRECT("'Grupo " & B29 & "'!J18"),INDIRECT("'Grupo " & B29 & "'!B12"):INDIRECT("'Grupo " & B29 & "'!J15"),2,FALSE)} -> 3671 | D29: {=VLOOKUP(IF(INDIRECT("'Grupo " & B29 & "'!J18")=INDIRECT("'Grupo " & B29 & "'!C18"),INDIRECT("'Grupo " & B29 & "'!C19"),INDIRECT("'Grupo " & B29 & "'!C18")),INDIRECT("'Grupo " & B29 & "'!B12"):INDIRECT("'Grupo " & B29 & "'!G15"),2,FALSE)} -> 4236 | F29: {=VLOOKUP(IF(INDIRECT("'Grupo " & B29 & "'!J18")=INDIRECT("'Grupo " & B29 & "'!C18"),INDIRECT("'Grupo " & B29 & "'!C19"),INDIRECT("'Grupo " & B29 & "'!C18")),INDIRECT("'Grupo " & B29 & "'!B12"):INDIRECT("'Grupo " & B29 & "'!G15"),2,FALSE)} -> 4236 | G29: {=VLOOKUP(INDIRECT("'Grupo " & B29 & "'!J18"),INDIRECT("'Grupo " & B29 & "'!B12"):INDIRECT("'Grupo " & B29 & "'!J15"),2,FALSE)} -> 3671
C30: {=VLOOKUP(INDIRECT("'Grupo " & B29 & "'!J20"),INDIRECT("'Grupo " & B29 & "'!B12"):INDIRECT("'Grupo " & B29 & "'!J15"),2,FALSE)} -> 3449 | D30: {=VLOOKUP(IF(INDIRECT("'Grupo " & B29 & "'!J20")=INDIRECT("'Grupo " & B29 & "'!C20"),INDIRECT("'Grupo " & B29 & "'!C21"),INDIRECT("'Grupo " & B29 & "'!C20")),INDIRECT("'Grupo " & B29 & "'!B12"):INDIRECT("'Grupo " & B29 & "'!G15"),2,FALSE)} -> 3671 | F30: {=VLOOKUP(IF(INDIRECT("'Grupo " & B29 & "'!J20")=INDIRECT("'Grupo " & B29 & "'!C20"),INDIRECT("'Grupo " & B29 & "'!C21"),INDIRECT("'Grupo " & B29 & "'!C20")),INDIRECT("'Grupo " & B29 & "'!B12"):INDIRECT("'Grupo " & B29 & "'!G15"),2,FALSE)} -> 3671 | G30: {=VLOOKUP(INDIRECT("'Grupo " & B29 & "'!J20"),INDIRECT("'Grupo " & B29 & "'!B12"):INDIRECT("'Grupo " & B29 & "'!J15"),2,FALSE)} -> 3449
C31: {=VLOOKUP(INDIRECT("'Grupo " & B29 & "'!J22"),INDIRECT("'Grupo " & B29 & "'!B12"):INDIRECT("'Grupo " & B29 & "'!J15"),2,FALSE)} -> 4236 | D31: {=VLOOKUP(IF(INDIRECT("'Grupo " & B29 & "'!J22")=INDIRECT("'Grupo " & B29 & "'!C22"),INDIRECT("'Grupo " & B29 & "'!C23"),INDIRECT("'Grupo " & B29 & "'!C22")),INDIRECT("'Grupo " & B29 & "'!B12"):INDIRECT("'Grupo " & B29 & "'!G15"),2,FALSE)} -> 3449 | F31: {=VLOOKUP(IF(INDIRECT("'Grupo " & B29 & "'!J22")=INDIRECT("'Grupo " & B29 & "'!C22"),INDIRECT("'Grupo " & B29 & "'!C23"),INDIRECT("'Grupo " & B29 & "'!C22")),INDIRECT("'Grupo " & B29 & "'!B12"):INDIRECT("'Grupo " & B29 & "'!G15"),2,FALSE)} -> 3449 | G31: {=VLOOKUP(INDIRECT("'Grupo " & B29 & "'!J22"),INDIRECT("'Grupo " & B29 & "'!B12"):INDIRECT("'Grupo " & B29 & "'!J15"),2,FALSE)} -> 4236
B32: =B29+1 -> 11 | C32: {=VLOOKUP(INDIRECT("'Grupo " & B32 & "'!J18"),INDIRECT("'Grupo " & B32 & "'!B12"):INDIRECT("'Grupo " & B32 & "'!J15"),2,FALSE)} -> 3499 | D32: {=VLOOKUP(IF(INDIRECT("'Grupo " & B32 & "'!J18")=INDIRECT("'Grupo " & B32 & "'!C18"),INDIRECT("'Grupo " & B32 & "'!C19"),INDIRECT("'Grupo " & B32 & "'!C18")),INDIRECT("'Grupo " & B32 & "'!B12"):INDIRECT("'Grupo " & B32 & "'!G15"),2,FALSE)} -> 4833 | F32: {=VLOOKUP(IF(INDIRECT("'Grupo " & B32 & "'!J18")=INDIRECT("'Grupo " & B32 & "'!C18"),INDIRECT("'Grupo " & B32 & "'!C19"),INDIRECT("'Grupo " & B32 & "'!C18")),INDIRECT("'Grupo " & B32 & "'!B12"):INDIRECT("'Grupo " & B32 & "'!G15"),2,FALSE)} -> 4833 | G32: {=VLOOKUP(INDIRECT("'Grupo " & B32 & "'!J18"),INDIRECT("'Grupo " & B32 & "'!B12"):INDIRECT("'Grupo " & B32 & "'!J15"),2,FALSE)} -> 3499
C33: {=VLOOKUP(INDIRECT("'Grupo " & B32 & "'!J20"),INDIRECT("'Grupo " & B32 & "'!B12"):INDIRECT("'Grupo " & B32 & "'!J15"),2,FALSE)} -> 3499 | D33: {=VLOOKUP(IF(INDIRECT("'Grupo " & B32 & "'!J20")=INDIRECT("'Grupo " & B32 & "'!C20"),INDIRECT("'Grupo " & B32 & "'!C21"),INDIRECT("'Grupo " & B32 & "'!C20")),INDIRECT("'Grupo " & B32 & "'!B12"):INDIRECT("'Grupo " & B32 & "'!G15"),2,FALSE)} -> 2801 | F33: {=VLOOKUP(IF(INDIRECT("'Grupo " & B32 & "'!J20")=INDIRECT("'Grupo " & B32 & "'!C20"),INDIRECT("'Grupo " & B32 & "'!C21"),INDIRECT("'Grupo " & B32 & "'!C20")),INDIRECT("'Grupo " & B32 & "'!B12"):INDIRECT("'Grupo " & B32 & "'!G15"),2,FALSE)} -> 2801 | G33: {=VLOOKUP(INDIRECT("'Grupo " & B32 & "'!J20"),INDIRECT("'Grupo " & B32 & "'!B12"):INDIRECT("'Grupo " & B32 & "'!J15"),2,FALSE)} -> 3499
C34: {=VLOOKUP(INDIRECT("'Grupo " & B32 & "'!J22"),INDIRECT("'Grupo " & B32 & "'!B12"):INDIRECT("'Grupo " & B32 & "'!J15"),2,FALSE)} -> 2801 | D34: {=VLOOKUP(IF(INDIRECT("'Grupo " & B32 & "'!J22")=INDIRECT("'Grupo " & B32 & "'!C22"),INDIRECT("'Grupo " & B32 & "'!C23"),INDIRECT("'Grupo " & B32 & "'!C22")),INDIRECT("'Grupo " & B32 & "'!B12"):INDIRECT("'Grupo " & B32 & "'!G15"),2,FALSE)} -> 4833 | F34: {=VLOOKUP(IF(INDIRECT("'Grupo " & B32 & "'!J22")=INDIRECT("'Grupo " & B32 & "'!C22"),INDIRECT("'Grupo " & B32 & "'!C23"),INDIRECT("'Grupo " & B32 & "'!C22")),INDIRECT("'Grupo " & B32 & "'!B12"):INDIRECT("'Grupo " & B32 & "'!G15"),2,FALSE)} -> 4833 | G34: {=VLOOKUP(INDIRECT("'Grupo " & B32 & "'!J22"),INDIRECT("'Grupo " & B32 & "'!B12"):INDIRECT("'Grupo " & B32 & "'!J15"),2,FALSE)} -> 2801
B35: =B32+1 -> 12 | C35: {=VLOOKUP(INDIRECT("'Grupo " & B35 & "'!J18"),INDIRECT("'Grupo " & B35 & "'!B12"):INDIRECT("'Grupo " & B35 & "'!J15"),2,FALSE)} -> 3696 | D35: {=VLOOKUP(IF(INDIRECT("'Grupo " & B35 & "'!J18")=INDIRECT("'Grupo " & B35 & "'!C18"),INDIRECT("'Grupo " & B35 & "'!C19"),INDIRECT("'Grupo " & B35 & "'!C18")),INDIRECT("'Grupo " & B35 & "'!B12"):INDIRECT("'Grupo " & B35 & "'!G15"),2,FALSE)} -> 4790 | F35: {=VLOOKUP(IF(INDIRECT("'Grupo " & B35 & "'!J18")=INDIRECT("'Grupo " & B35 & "'!C18"),INDIRECT("'Grupo " & B35 & "'!C19"),INDIRECT("'Grupo " & B35 & "'!C18")),INDIRECT("'Grupo " & B35 & "'!B12"):INDIRECT("'Grupo " & B35 & "'!G15"),2,FALSE)} -> 4790 | G35: {=VLOOKUP(INDIRECT("'Grupo " & B35 & "'!J18"),INDIRECT("'Grupo " & B35 & "'!B12"):INDIRECT("'Grupo " & B35 & "'!J15"),2,FALSE)} -> 3696
C36: {=VLOOKUP(INDIRECT("'Grupo " & B35 & "'!J20"),INDIRECT("'Grupo " & B35 & "'!B12"):INDIRECT("'Grupo " & B35 & "'!J15"),2,FALSE)} -> 3468 | D36: {=VLOOKUP(IF(INDIRECT("'Grupo " & B35 & "'!J20")=INDIRECT("'Grupo " & B35 & "'!C20"),INDIRECT("'Grupo " & B35 & "'!C21"),INDIRECT("'Grupo " & B35 & "'!C20")),INDIRECT("'Grupo " & B35 & "'!B12"):INDIRECT("'Grupo " & B35 & "'!G15"),2,FALSE)} -> 3696 | F36: {=VLOOKUP(IF(INDIRECT("'Grupo " & B35 & "'!J20")=INDIRECT("'Grupo " & B35 & "'!C20"),INDIRECT("'Grupo " & B35 & "'!C21"),INDIRECT("'Grupo " & B35 & "'!C20")),INDIRECT("'Grupo " & B35 & "'!B12"):INDIRECT("'Grupo " & B35 & "'!G15"),2,FALSE)} -> 3696 | G36: {=VLOOKUP(INDIRECT("'Grupo " & B35 & "'!J20"),INDIRECT("'Grupo " & B35 & "'!B12"):INDIRECT("'Grupo " & B35 & "'!J15"),2,FALSE)} -> 3468
C37: {=VLOOKUP(INDIRECT("'Grupo " & B35 & "'!J22"),INDIRECT("'Grupo " & B35 & "'!B12"):INDIRECT("'Grupo " & B35 & "'!J15"),2,FALSE)} -> 3468 | D37: {=VLOOKUP(IF(INDIRECT("'Grupo " & B35 & "'!J22")=INDIRECT("'Grupo " & B35 & "'!C22"),INDIRECT("'Grupo " & B35 & "'!C23"),INDIRECT("'Grupo " & B35 & "'!C22")),INDIRECT("'Grupo " & B35 & "'!B12"):INDIRECT("'Grupo " & B35 & "'!G15"),2,FALSE)} -> 4790 | F37: {=VLOOKUP(IF(INDIRECT("'Grupo " & B35 & "'!J22")=INDIRECT("'Grupo " & B35 & "'!C22"),INDIRECT("'Grupo " & B35 & "'!C23"),INDIRECT("'Grupo " & B35 & "'!C22")),INDIRECT("'Grupo " & B35 & "'!B12"):INDIRECT("'Grupo " & B35 & "'!G15"),2,FALSE)} -> 4790 | G37: {=VLOOKUP(INDIRECT("'Grupo " & B35 & "'!J22"),INDIRECT("'Grupo " & B35 & "'!B12"):INDIRECT("'Grupo " & B35 & "'!J15"),2,FALSE)} -> 3468
B38: =B35+1 -> 13 | C38: {=VLOOKUP(INDIRECT("'Grupo " & B38 & "'!J18"),INDIRECT("'Grupo " & B38 & "'!B12"):INDIRECT("'Grupo " & B38 & "'!J15"),2,FALSE)} -> 3309 | D38: {=VLOOKUP(IF(INDIRECT("'Grupo " & B38 & "'!J18")=INDIRECT("'Grupo " & B38 & "'!C18"),INDIRECT("'Grupo " & B38 & "'!C19"),INDIRECT("'Grupo " & B38 & "'!C18")),INDIRECT("'Grupo " & B38 & "'!B12"):INDIRECT("'Grupo " & B38 & "'!G15"),2,FALSE)} -> 4327 | F38: {=VLOOKUP(IF(INDIRECT("'Grupo " & B38 & "'!J18")=INDIRECT("'Grupo " & B38 & "'!C18"),INDIRECT("'Grupo " & B38 & "'!C19"),INDIRECT("'Grupo " & B38 & "'!C18")),INDIRECT("'Grupo " & B38 & "'!B12"):INDIRECT("'Grupo " & B38 & "'!G15"),2,FALSE)} -> 4327 | G38: {=VLOOKUP(INDIRECT("'Grupo " & B38 & "'!J18"),INDIRECT("'Grupo " & B38 & "'!B12"):INDIRECT("'Grupo " & B38 & "'!J15"),2,FALSE)} -> 3309
C39: {=VLOOKUP(INDIRECT("'Grupo " & B38 & "'!J20"),INDIRECT("'Grupo " & B38 & "'!B12"):INDIRECT("'Grupo " & B38 & "'!J15"),2,FALSE)} -> 3458 | D39: {=VLOOKUP(IF(INDIRECT("'Grupo " & B38 & "'!J20")=INDIRECT("'Grupo " & B38 & "'!C20"),INDIRECT("'Grupo " & B38 & "'!C21"),INDIRECT("'Grupo " & B38 & "'!C20")),INDIRECT("'Grupo " & B38 & "'!B12"):INDIRECT("'Grupo " & B38 & "'!G15"),2,FALSE)} -> 3309 | F39: {=VLOOKUP(IF(INDIRECT("'Grupo " & B38 & "'!J20")=INDIRECT("'Grupo " & B38 & "'!C20"),INDIRECT("'Grupo " & B38 & "'!C21"),INDIRECT("'Grupo " & B38 & "'!C20")),INDIRECT("'Grupo " & B38 & "'!B12"):INDIRECT("'Grupo " & B38 & "'!G15"),2,FALSE)} -> 3309 | G39: {=VLOOKUP(INDIRECT("'Grupo " & B38 & "'!J20"),INDIRECT("'Grupo " & B38 & "'!B12"):INDIRECT("'Grupo " & B38 & "'!J15"),2,FALSE)} -> 3458
C40: {=VLOOKUP(INDIRECT("'Grupo " & B38 & "'!J22"),INDIRECT("'Grupo " & B38 & "'!B12"):INDIRECT("'Grupo " & B38 & "'!J15"),2,FALSE)} -> 3458 | D40: {=VLOOKUP(IF(INDIRECT("'Grupo " & B38 & "'!J22")=INDIRECT("'Grupo " & B38 & "'!C22"),INDIRECT("'Grupo " & B38 & "'!C23"),INDIRECT("'Grupo " & B38 & "'!C22")),INDIRECT("'Grupo " & B38 & "'!B12"):INDIRECT("'Grupo " & B38 & "'!G15"),2,FALSE)} -> 4327 | F40: {=VLOOKUP(IF(INDIRECT("'Grupo " & B38 & "'!J22")=INDIRECT("'Grupo " & B38 & "'!C22"),INDIRECT("'Grupo " & B38 & "'!C23"),INDIRECT("'Grupo " & B38 & "'!C22")),INDIRECT("'Grupo " & B38 & "'!B12"):INDIRECT("'Grupo " & B38 & "'!G15"),2,FALSE)} -> 4327 | G40: {=VLOOKUP(INDIRECT("'Grupo " & B38 & "'!J22"),INDIRECT("'Grupo " & B38 & "'!B12"):INDIRECT("'Grupo " & B38 & "'!J15"),2,FALSE)} -> 3458
B41: =B38+1 -> 14 | C41: {=VLOOKUP(INDIRECT("'Grupo " & B41 & "'!J18"),INDIRECT("'Grupo " & B41 & "'!B12"):INDIRECT("'Grupo " & B41 & "'!J15"),2,FALSE)} -> 4363 | D41: {=VLOOKUP(IF(INDIRECT("'Grupo " & B41 & "'!J18")=INDIRECT("'Grupo " & B41 & "'!C18"),INDIRECT("'Grupo " & B41 & "'!C19"),INDIRECT("'Grupo " & B41 & "'!C18")),INDIRECT("'Grupo " & B41 & "'!B12"):INDIRECT("'Grupo " & B41 & "'!G15"),2,FALSE)} -> 4851 | F41: {=VLOOKUP(IF(INDIRECT("'Grupo " & B41 & "'!J18")=INDIRECT("'Grupo " & B41 & "'!C18"),INDIRECT("'Grupo " & B41 & "'!C19"),INDIRECT("'Grupo " & B41 & "'!C18")),INDIRECT("'Grupo " & B41 & "'!B12"):INDIRECT("'Grupo " & B41 & "'!G15"),2,FALSE)} -> 4851 | G41: {=VLOOKUP(INDIRECT("'Grupo " & B41 & "'!J18"),INDIRECT("'Grupo " & B41 & "'!B12"):INDIRECT("'Grupo " & B41 & "'!J15"),2,FALSE)} -> 4363
C42: {=VLOOKUP(INDIRECT("'Grupo " & B41 & "'!J20"),INDIRECT("'Grupo " & B41 & "'!B12"):INDIRECT("'Grupo " & B41 & "'!J15"),2,FALSE)} -> 4363 | D42: {=VLOOKUP(IF(INDIRECT("'Grupo " & B41 & "'!J20")=INDIRECT("'Grupo " & B41 & "'!C20"),INDIRECT("'Grupo " & B41 & "'!C21"),INDIRECT("'Grupo " & B41 & "'!C20")),INDIRECT("'Grupo " & B41 & "'!B12"):INDIRECT("'Grupo " & B41 & "'!G15"),2,FALSE)} -> 4056 | F42: {=VLOOKUP(IF(INDIRECT("'Grupo " & B41 & "'!J20")=INDIRECT("'Grupo " & B41 & "'!C20"),INDIRECT("'Grupo " & B41 & "'!C21"),INDIRECT("'Grupo " & B41 & "'!C20")),INDIRECT("'Grupo " & B41 & "'!B12"):INDIRECT("'Grupo " & B41 & "'!G15"),2,FALSE)} -> 4056 | G42: {=VLOOKUP(INDIRECT("'Grupo " & B41 & "'!J20"),INDIRECT("'Grupo " & B41 & "'!B12"):INDIRECT("'Grupo " & B41 & "'!J15"),2,FALSE)} -> 4363
C43: {=VLOOKUP(INDIRECT("'Grupo " & B41 & "'!J22"),INDIRECT("'Grupo " & B41 & "'!B12"):INDIRECT("'Grupo " & B41 & "'!J15"),2,FALSE)} -> 4056 | D43: {=VLOOKUP(IF(INDIRECT("'Grupo " & B41 & "'!J22")=INDIRECT("'Grupo " & B41 & "'!C22"),INDIRECT("'Grupo " & B41 & "'!C23"),INDIRECT("'Grupo " & B41 & "'!C22")),INDIRECT("'Grupo " & B41 & "'!B12"):INDIRECT("'Grupo " & B41 & "'!G15"),2,FALSE)} -> 4851 | F43: {=VLOOKUP(IF(INDIRECT("'Grupo " & B41 & "'!J22")=INDIRECT("'Grupo " & B41 & "'!C22"),INDIRECT("'Grupo " & B41 & "'!C23"),INDIRECT("'Grupo " & B41 & "'!C22")),INDIRECT("'Grupo " & B41 & "'!B12"):INDIRECT("'Grupo " & B41 & "'!G15"),2,FALSE)} -> 4851 | G43: {=VLOOKUP(INDIRECT("'Grupo " & B41 & "'!J22"),INDIRECT("'Grupo " & B41 & "'!B12"):INDIRECT("'Grupo " & B41 & "'!J15"),2,FALSE)} -> 4056
B44: 15 | C44: {=VLOOKUP(INDIRECT("'Grupo " & B44 & "'!J18"),INDIRECT("'Grupo " & B44 & "'!B12"):INDIRECT("'Grupo " & B44 & "'!J15"),2,FALSE)} -> 3719 | D44: {=VLOOKUP(IF(INDIRECT("'Grupo " & B44 & "'!J18")=INDIRECT("'Grupo " & B44 & "'!C18"),INDIRECT("'Grupo " & B44 & "'!C19"),INDIRECT("'Grupo " & B44 & "'!C18")),INDIRECT("'Grupo " & B44 & "'!B12"):INDIRECT("'Grupo " & B44 & "'!G15"),2,FALSE)} -> 4541 | F44: {=VLOOKUP(IF(INDIRECT("'Grupo " & B44 & "'!J18")=INDIRECT("'Grupo " & B44 & "'!C18"),INDIRECT("'Grupo " & B44 & "'!C19"),INDIRECT("'Grupo " & B44 & "'!C18")),INDIRECT("'Grupo " & B44 & "'!B12"):INDIRECT("'Grupo " & B44 & "'!G15"),2,FALSE)} -> 4541 | G44: {=VLOOKUP(INDIRECT("'Grupo " & B44 & "'!J18"),INDIRECT("'Grupo " & B44 & "'!B12"):INDIRECT("'Grupo " & B44 & "'!J15"),2,FALSE)} -> 3719
C45: {=VLOOKUP(INDIRECT("'Grupo " & B44 & "'!J20"),INDIRECT("'Grupo " & B44 & "'!B12"):INDIRECT("'Grupo " & B44 & "'!J15"),2,FALSE)} -> 2368 | D45: {=VLOOKUP(IF(INDIRECT("'Grupo " & B44 & "'!J20")=INDIRECT("'Grupo " & B44 & "'!C20"),INDIRECT("'Grupo " & B44 & "'!C21"),INDIRECT("'Grupo " & B44 & "'!C20")),INDIRECT("'Grupo " & B44 & "'!B12"):INDIRECT("'Grupo " & B44 & "'!G15"),2,FALSE)} -> 3792 | F45: {=VLOOKUP(IF(INDIRECT("'Grupo " & B44 & "'!J20")=INDIRECT("'Grupo " & B44 & "'!C20"),INDIRECT("'Grupo " & B44 & "'!C21"),INDIRECT("'Grupo " & B44 & "'!C20")),INDIRECT("'Grupo " & B44 & "'!B12"):INDIRECT("'Grupo " & B44 & "'!G15"),2,FALSE)} -> 3792 | G45: {=VLOOKUP(INDIRECT("'Grupo " & B44 & "'!J20"),INDIRECT("'Grupo " & B44 & "'!B12"):INDIRECT("'Grupo " & B44 & "'!J15"),2,FALSE)} -> 2368
C46: {=VLOOKUP(INDIRECT("'Grupo " & B44 & "'!J22"),INDIRECT("'Grupo " & B44 & "'!B12"):INDIRECT("'Grupo " & B44 & "'!J15"),2,FALSE)} -> 2368 | D46: {=VLOOKUP(IF(INDIRECT("'Grupo " & B44 & "'!J22")=INDIRECT("'Grupo " & B44 & "'!C22"),INDIRECT("'Grupo " & B44 & "'!C23"),INDIRECT("'Grupo " & B44 & "'!C22")),INDIRECT("'Grupo " & B44 & "'!B12"):INDIRECT("'Grupo " & B44 & "'!G15"),2,FALSE)} -> 3719 | F46: {=VLOOKUP(IF(INDIRECT("'Grupo " & B44 & "'!J22")=INDIRECT("'Grupo " & B44 & "'!C22"),INDIRECT("'Grupo " & B44 & "'!C23"),INDIRECT("'Grupo " & B44 & "'!C22")),INDIRECT("'Grupo " & B44 & "'!B12"):INDIRECT("'Grupo " & B44 & "'!G15"),2,FALSE)} -> 3719 | G46: {=VLOOKUP(INDIRECT("'Grupo " & B44 & "'!J22"),INDIRECT("'Grupo " & B44 & "'!B12"):INDIRECT("'Grupo " & B44 & "'!J15"),2,FALSE)} -> 2368
C47: {=VLOOKUP(INDIRECT("'Grupo " & B44 & "'!J24"),INDIRECT("'Grupo " & B44 & "'!B12"):INDIRECT("'Grupo " & B44 & "'!J15"),2,FALSE)} -> 3792 | D47: {=VLOOKUP(IF(INDIRECT("'Grupo " & B44 & "'!J24")=INDIRECT("'Grupo " & B44 & "'!C24"),INDIRECT("'Grupo " & B44 & "'!C25"),INDIRECT("'Grupo " & B44 & "'!C24")),INDIRECT("'Grupo " & B44 & "'!B12"):INDIRECT("'Grupo " & B44 & "'!G15"),2,FALSE)} -> 4541 | F47: {=VLOOKUP(IF(INDIRECT("'Grupo " & B44 & "'!J24")=INDIRECT("'Grupo " & B44 & "'!C24"),INDIRECT("'Grupo " & B44 & "'!C25"),INDIRECT("'Grupo " & B44 & "'!C24")),INDIRECT("'Grupo " & B44 & "'!B12"):INDIRECT("'Grupo " & B44 & "'!G15"),2,FALSE)} -> 4541 | G47: {=VLOOKUP(INDIRECT("'Grupo " & B44 & "'!J24"),INDIRECT("'Grupo " & B44 & "'!B12"):INDIRECT("'Grupo " & B44 & "'!J15"),2,FALSE)} -> 3792
C48: {=VLOOKUP(INDIRECT("'Grupo " & B44 & "'!J26"),INDIRECT("'Grupo " & B44 & "'!B12"):INDIRECT("'Grupo " & B44 & "'!J15"),2,FALSE)} -> 3719 | D48: {=VLOOKUP(IF(INDIRECT("'Grupo " & B44 & "'!J26")=INDIRECT("'Grupo " & B44 & "'!C26"),INDIRECT("'Grupo " & B44 & "'!C27"),INDIRECT("'Grupo " & B44 & "'!C26")),INDIRECT("'Grupo " & B44 & "'!B12"):INDIRECT("'Grupo " & B44 & "'!G15"),2,FALSE)} -> 3792 | F48: {=VLOOKUP(IF(INDIRECT("'Grupo " & B44 & "'!J26")=INDIRECT("'Grupo " & B44 & "'!C26"),INDIRECT("'Grupo " & B44 & "'!C27"),INDIRECT("'Grupo " & B44 & "'!C26")),INDIRECT("'Grupo " & B44 & "'!B12"):INDIRECT("'Grupo " & B44 & "'!G15"),2,FALSE)} -> 3792 | G48: {=VLOOKUP(INDIRECT("'Grupo " & B44 & "'!J26"),INDIRECT("'Grupo " & B44 & "'!B12"):INDIRECT("'Grupo " & B44 & "'!J15"),2,FALSE)} -> 3719
C49: {=VLOOKUP(INDIRECT("'Grupo " & B44 & "'!J28"),INDIRECT("'Grupo " & B44 & "'!B12"):INDIRECT("'Grupo " & B44 & "'!J15"),2,FALSE)} -> 2368 | D49: {=VLOOKUP(IF(INDIRECT("'Grupo " & B44 & "'!J28")=INDIRECT("'Grupo " & B44 & "'!C28"),INDIRECT("'Grupo " & B44 & "'!C29"),INDIRECT("'Grupo " & B44 & "'!C28")),INDIRECT("'Grupo " & B44 & "'!B12"):INDIRECT("'Grupo " & B44 & "'!G15"),2,FALSE)} -> 4541 | F49: {=VLOOKUP(IF(INDIRECT("'Grupo " & B44 & "'!J28")=INDIRECT("'Grupo " & B44 & "'!C28"),INDIRECT("'Grupo " & B44 & "'!C29"),INDIRECT("'Grupo " & B44 & "'!C28")),INDIRECT("'Grupo " & B44 & "'!B12"):INDIRECT("'Grupo " & B44 & "'!G15"),2,FALSE)} -> 4541 | G49: {=VLOOKUP(INDIRECT("'Grupo " & B44 & "'!J28"),INDIRECT("'Grupo " & B44 & "'!B12"):INDIRECT("'Grupo " & B44 & "'!J15"),2,FALSE)} -> 2368
B50: 16 | C50: {=VLOOKUP(INDIRECT("'Grupo " & B50 & "'!J18"),INDIRECT("'Grupo " & B50 & "'!B12"):INDIRECT("'Grupo " & B50 & "'!J15"),2,FALSE)} -> 4300 | D50: {=VLOOKUP(IF(INDIRECT("'Grupo " & B50 & "'!J18")=INDIRECT("'Grupo " & B50 & "'!C18"),INDIRECT("'Grupo " & B50 & "'!C19"),INDIRECT("'Grupo " & B50 & "'!C18")),INDIRECT("'Grupo " & B50 & "'!B12"):INDIRECT("'Grupo " & B50 & "'!G15"),2,FALSE)} -> 3160 | F50: {=VLOOKUP(IF(INDIRECT("'Grupo " & B50 & "'!J18")=INDIRECT("'Grupo " & B50 & "'!C18"),INDIRECT("'Grupo " & B50 & "'!C19"),INDIRECT("'Grupo " & B50 & "'!C18")),INDIRECT("'Grupo " & B50 & "'!B12"):INDIRECT("'Grupo " & B50 & "'!G15"),2,FALSE)} -> 3160 | G50: {=VLOOKUP(INDIRECT("'Grupo " & B50 & "'!J18"),INDIRECT("'Grupo " & B50 & "'!B12"):INDIRECT("'Grupo " & B50 & "'!J15"),2,FALSE)} -> 4300
C51: {=VLOOKUP(INDIRECT("'Grupo " & B50 & "'!J20"),INDIRECT("'Grupo " & B50 & "'!B12"):INDIRECT("'Grupo " & B50 & "'!J15"),2,FALSE)} -> 3747 | D51: {=VLOOKUP(IF(INDIRECT("'Grupo " & B50 & "'!J20")=INDIRECT("'Grupo " & B50 & "'!C20"),INDIRECT("'Grupo " & B50 & "'!C21"),INDIRECT("'Grupo " & B50 & "'!C20")),INDIRECT("'Grupo " & B50 & "'!B12"):INDIRECT("'Grupo " & B50 & "'!G15"),2,FALSE)} -> 4287 | F51: {=VLOOKUP(IF(INDIRECT("'Grupo " & B50 & "'!J20")=INDIRECT("'Grupo " & B50 & "'!C20"),INDIRECT("'Grupo " & B50 & "'!C21"),INDIRECT("'Grupo " & B50 & "'!C20")),INDIRECT("'Grupo " & B50 & "'!B12"):INDIRECT("'Grupo " & B50 & "'!G15"),2,FALSE)} -> 4287 | G51: {=VLOOKUP(INDIRECT("'Grupo " & B50 & "'!J20"),INDIRECT("'Grupo " & B50 & "'!B12"):INDIRECT("'Grupo " & B50 & "'!J15"),2,FALSE)} -> 3747
C52: {=VLOOKUP(INDIRECT("'Grupo " & B50 & "'!J22"),INDIRECT("'Grupo " & B50 & "'!B12"):INDIRECT("'Grupo " & B50 & "'!J15"),2,FALSE)} -> 3747 | D52: {=VLOOKUP(IF(INDIRECT("'Grupo " & B50 & "'!J22")=INDIRECT("'Grupo " & B50 & "'!C22"),INDIRECT("'Grupo " & B50 & "'!C23"),INDIRECT("'Grupo " & B50 & "'!C22")),INDIRECT("'Grupo " & B50 & "'!B12"):INDIRECT("'Grupo " & B50 & "'!G15"),2,FALSE)} -> 3160 | F52: {=VLOOKUP(IF(INDIRECT("'Grupo " & B50 & "'!J22")=INDIRECT("'Grupo " & B50 & "'!C22"),INDIRECT("'Grupo " & B50 & "'!C23"),INDIRECT("'Grupo " & B50 & "'!C22")),INDIRECT("'Grupo " & B50 & "'!B12"):INDIRECT("'Grupo " & B50 & "'!G15"),2,FALSE)} -> 3160 | G52: {=VLOOKUP(INDIRECT("'Grupo " & B50 & "'!J22"),INDIRECT("'Grupo " & B50 & "'!B12"):INDIRECT("'Grupo " & B50 & "'!J15"),2,FALSE)} -> 3747
C53: {=VLOOKUP(INDIRECT("'Grupo " & B50 & "'!J24"),INDIRECT("'Grupo " & B50 & "'!B12"):INDIRECT("'Grupo " & B50 & "'!J15"),2,FALSE)} -> 4287 | D53: {=VLOOKUP(IF(INDIRECT("'Grupo " & B50 & "'!J24")=INDIRECT("'Grupo " & B50 & "'!C24"),INDIRECT("'Grupo " & B50 & "'!C25"),INDIRECT("'Grupo " & B50 & "'!C24")),INDIRECT("'Grupo " & B50 & "'!B12"):INDIRECT("'Grupo " & B50 & "'!G15"),2,FALSE)} -> 4300 | F53: {=VLOOKUP(IF(INDIRECT("'Grupo " & B50 & "'!J24")=INDIRECT("'Grupo " & B50 & "'!C24"),INDIRECT("'Grupo " & B50 & "'!C25"),INDIRECT("'Grupo " & B50 & "'!C24")),INDIRECT("'Grupo " & B50 & "'!B12"):INDIRECT("'Grupo " & B50 & "'!G15"),2,FALSE)} -> 4300 | G53: {=VLOOKUP(INDIRECT("'Grupo " & B50 & "'!J24"),INDIRECT("'Grupo " & B50 & "'!B12"):INDIRECT("'Grupo " & B50 & "'!J15"),2,FALSE)} -> 4287
C54: {=VLOOKUP(INDIRECT("'Grupo " & B50 & "'!J26"),INDIRECT("'Grupo " & B50 & "'!B12"):INDIRECT("'Grupo " & B50 & "'!J15"),2,FALSE)} -> 4287 | D54: {=VLOOKUP(IF(INDIRECT("'Grupo " & B50 & "'!J26")=INDIRECT("'Grupo " & B50 & "'!C26"),INDIRECT("'Grupo " & B50 & "'!C27"),INDIRECT("'Grupo " & B50 & "'!C26")),INDIRECT("'Grupo " & B50 & "'!B12"):INDIRECT("'Grupo " & B50 & "'!G15"),2,FALSE)} -> 3160 | F54: {=VLOOKUP(IF(INDIRECT("'Grupo " & B50 & "'!J26")=INDIRECT("'Grupo " & B50 & "'!C26"),INDIRECT("'Grupo " & B50 & "'!C27"),INDIRECT("'Grupo " & B50 & "'!C26")),INDIRECT("'Grupo " & B50 & "'!B12"):INDIRECT("'Grupo " & B50 & "'!G15"),2,FALSE)} -> 3160 | G54: {=VLOOKUP(INDIRECT("'Grupo " & B50 & "'!J26"),INDIRECT("'Grupo " & B50 & "'!B12"):INDIRECT("'Grupo " & B50 & "'!J15"),2,FALSE)} -> 4287
C55: {=VLOOKUP(INDIRECT("'Grupo " & B50 & "'!J28"),INDIRECT("'Grupo " & B50 & "'!B12"):INDIRECT("'Grupo " & B50 & "'!J15"),2,FALSE)} -> 3747 | D55: {=VLOOKUP(IF(INDIRECT("'Grupo " & B50 & "'!J28")=INDIRECT("'Grupo " & B50 & "'!C28"),INDIRECT("'Grupo " & B50 & "'!C29"),INDIRECT("'Grupo " & B50 & "'!C28")),INDIRECT("'Grupo " & B50 & "'!B12"):INDIRECT("'Grupo " & B50 & "'!G15"),2,FALSE)} -> 4300 | F55: {=VLOOKUP(IF(INDIRECT("'Grupo " & B50 & "'!J28")=INDIRECT("'Grupo " & B50 & "'!C28"),INDIRECT("'Grupo " & B50 & "'!C29"),INDIRECT("'Grupo " & B50 & "'!C28")),INDIRECT("'Grupo " & B50 & "'!B12"):INDIRECT("'Grupo " & B50 & "'!G15"),2,FALSE)} -> 4300 | G55: {=VLOOKUP(INDIRECT("'Grupo " & B50 & "'!J28"),INDIRECT("'Grupo " & B50 & "'!B12"):INDIRECT("'Grupo " & B50 & "'!J15"),2,FALSE)} -> 3747

Sheet Ranking Final
A1: Ranking | B1: CARNE | C1: NOMBRE | D1: CLUB | E1: PUNTOS
A2: 1 | B2: 2515 | C2: GABRIEL CHAVEZ QUIROS | D2: SANTA ANA | E2: 729
A3: 2 | B3: 2582 | C3: ALEJANDRO MONTOYA MORERA | D3: ALAJUELA - UNA | E3: 682
A4: 3 | B4: 2623 | C4: MATEO MONGE ARROYO | D4: SANTA ANA | E4: 679
A5: 4 | B5: 2895 | C5: ANDRES JOSE VEGA VALERIO | D5: ALAJUELA - UCR | E5: 664
A6: 5 | B6: 3472 | C6: JAYDRICK SHAMALL BAKER CRAWFORD | D6: ASERRÍ - UCR | E6: 655
A7: 6 | B7: 4034 | C7: IAN DAVID GARRO ALONSO | D7: CCDR SAN JOSÉ | E7: 652
A8: 7 | B8: 3153 | C8: ARIEL IGNACIO BARTELS BARQUERO | D8: PÉREZ ZELEDÓN - UNA | E8: 608
A9: 8 | B9: 3671 | C9: NICOLAS OVARES CASTRO | D9: SANTA ANA | E9: 601
A10: 9 | B10: 3499 | C10: ESTEBAN MURILLO CHAVES | D10: UCR-PÉREZ ZELEDÓN | E10: 591
A11: 10 | B11: 3836 | C11: LUCIANO QUIROS AVILA | D11: ESCAZÚ | E11: 587
A12: 11 | B12: 3839 | C12: ALBERTO BLANCO LEDEZMA | D12: PÉREZ ZELEDÓN | E12: 584
A13: 12 | B13: 3747 | C13: LUIS ALONSO VILLALOBOS CAMPOS | D13: ESPARZA | E13: 567
... A748: 76 | B748: 4683 | C748: DANIEL BARBOZA FLORES | D748: PEREZ ZELEDÓN | E748: 420

Sheet Inscripciones
B1: Ranking Menor
B2: U19 MASCULINO
B4: CARNÉ | C4: NOMBRE | D4: CLUB | E4: RANKING | F4: PUNTOS | G4: Grupo
A5: =G5+0.1 -> 1.1 | B5: 2515 | C5: GABRIEL CHAVEZ QUIROS | D5: SANTA ANA | E5: 1 | F5: 716 | G5: 1
A6: =G6+0.2 -> 1.2 | B6: 4513 | C6: GABRIEL ANTONIO AMADOR GARITA | D6: CCDR SANTA CRUZ | E6: 37 | F6: 492 | G6: 1
A7: =G7+0.3 -> 1.3 | B7: 3670 | C7: KAY MATHIAS PERAZA MURILLO | D7: ASERRÍ | E7: 38 | F7: 492 | G7: 1
A8: =G8+0.1 -> 2.1 | B8: 2582 | C8: ALEJANDRO MONTOYA MORERA | D8: ALAJUELA - UNA | E8: 2 | F8: 698 | G8: 2
A9: =G9+0.2 -> 2.2 | B9: 2513 | C9: SEBASTIAN CHAVEZ QUIROS | D9: SANTA ANA | E9: 35 | F9: 493 | G9: 2
A10: =G10+0.3 -> 2.3 | B10: 4144 | C10: ANDRÉS PARRA CHACÓN | D10: SANTO DOMINGO | E10: 40 | F10: 485 | G10: 2
A11: =G11+0.1 -> 3.1 | B11: 4034 | C11: IAN DAVID GARRO ALONSO | D11: CCDR SAN JOSÉ | E11: 3 | F11: 645 | G11: 3
A12: =G12+0.2 -> 3.2 | B12: 2847 | C12: LUIS GAEL SILES LOBO | D12: ESPARZA | E12: 34 | F12: 493 | G12: 3
A13: =G13+0.3 -> 3.3 | B13: 4415 | C13: ALEJANDRO CRUZ BONILLA | D13: ALAJUELA | E13: 45 | F13: 482 | G13: 3
A14: =G14+0.1 -> 4.1 | B14: 3472 | C14: JAYDRICK SHAMALL BAKER CRAWFORD | D14: ASERRÍ - UCR | E14: 4 | F14: 626 | G14: 4
A15: =G15+0.2 -> 4.2 | B15: 4248 | C15: ALEJANDRO COTO RAMIREZ | D15: GUARCO | E15: 33 | F15: 493 | G15: 4
A16: =G16+0.3 -> 4.3 | B16: 4464 | C16: ISAAC GAMBOA MORERA | D16: ESPARZA | E16: 42 | F16: 483 | G16: 4
A17: =G17+0.1 -> 5.1 | B17: 2895 | C17: ANDRES JOSE VEGA VALERIO | D17: ALAJUELA - UCR | E17: 5 | F17: 613 | G17: 5
A18: =G18+0.2 -> 5.2 | B18: 3898 | C18: JOSUE CALVO CRUZ | D18: CCDR SAN JOSÉ | E18: 32 | F18: 493 | G18: 5
A19: =G19+0.3 -> 5.3 | B19: 3450 | C19: OSWALDO IGNACIO SILVA NOVOA | D19: SANTA ANA | E19: 49 | F19: 473 | G19: 5
A20: =G20+0.1 -> 6.1 | B20: 2623 | C20: MATEO MONGE ARROYO | D20: SANTA ANA | E20: 6 | F20: 611 | G20: 6
A21: =G21+0.2 -> 6.2 | B21: 4463 | C21: ISAAC ANDRÉS LEAL CHACÓN | D21: ESPARZA | E21: 30 | F21: 499 | G21: 6
A22: =G22+0.3 -> 6.3 | B22: 4528 | C22: BRAD GÓMEZ CASTILLO | D22: ESCAZÚ | E22: 48 | F22: 474 | G22: 6
A23: =G23+0.1 -> 7.1 | B23: 3153 | C23: ARIEL IGNACIO BARTELS BARQUERO | D23: PÉREZ ZELEDÓN - UNA | E23: 7 | F23: 597 | G23: 7
A24: =G24+0.2 -> 7.2 | B24: 4677 | C24: SANTIAGO GUARDADO ROJAS | D24: SAN CARLOS | E24: 28 | F24: 501 | G24: 7
A25: =G25+0.3 -> 7.3 | B25: 4284 | C25: IAN SOLÍS CARRANZA | D25: SANTO DOMINGO | E25: 50 | F25: 472 | G25: 7
A26: =G26+0.1 -> 8.1 | B26: 3839 | C26: ALBERTO BLANCO LEDEZMA | D26: PÉREZ ZELEDÓN | E26: 8 | F26: 588 | G26: 8
A27: =G27+0.2 -> 8.2 | B27: 4002 | C27: ISMAEL CÁRDENAS ACOSTA | D27: CCDR SAN JOSÉ | E27: 27 | F27: 502 | G27: 8
A28: =G28+0.3 -> 8.3 | B28: 4641 | C28: JOSEPH BRENES QUESADA | D28: GUARCO | E28: 51 | F28: 472 | G28: 8
A29: =G29+0.1 -> 9.1 | B29: 3836 | C29: LUCIANO QUIROS AVILA | D29: ESCAZÚ | E29: 9 | F29: 578 | G29: 9
A30: =G30+0.2 -> 9.2 | B30: 3234 | C30: LUKAS CECILIANO ESQUIVEL | D30: PÉREZ ZELEDÓN | E30: 28 | F30: 501 | G30: 9
A31: =G31+0.3 -> 9.3 | B31: 4115 | C31: JOSEPH ANGEL LOPEZ ARAUZ | D31: ATM SANTA CRUZ | E31: 53 | F31: 471 | G31: 9
A32: =G32+0.1 -> 10.1 | B32: 3671 | C32: NICOLAS OVARES CASTRO | D32: SANTA ANA | E32: 10 | F32: 575 | G32: 10
A33: =G33+0.2 -> 10.2 | B33: 3449 | C33: REINEL ANTONIO VANEGAS LACAYO | D33: ALAJUELA | E33: 26 | F33: 505 | G33: 10
A34: =G34+0.3 -> 10.3 | B34: 4236 | C34: SANTIAGO BRENES HERRERA | D34: CURRIDABAT | E34: 58 | F34: 462 | G34: 10
A35: =G35+0.1 -> 11.1 | B35: 3499 | C35: ESTEBAN MURILLO CHAVES | D35: UCR-PÉREZ ZELEDÓN | E35: 11 | F35: 569 | G35: 11
A36: =G36+0.2 -> 11.2 | B36: 2801 | C36: IAN VARGAS JIMENEZ | D36: CCDR SAN JOSÉ | E36: 25 | F36: 507 | G36: 11
A37: =G37+0.3 -> 11.3 | B37: 4833 | C37: JESÚS ADRIÁN VÁSQUEZ TURCIOS | D37: ASERRÍ | E37: 59 | F37: 462 | G37: 11
A38: =G38+0.1 -> 12.1 | B38: 3696 | C38: NICOLAS CECILIANO ESQUIVEL | D38: PÉREZ ZELEDÓN | E38: 12 | F38: 565 | G38: 12
A39: =G39+0.2 -> 12.2 | B39: 3468 | C39: DANIEL DAVID ALPIZAR VILLALOBOS | D39: ASERRÍ | E39: 24 | F39: 508 | G39: 12
A40: =G40+0.3 -> 12.3 | B40: 4790 | C40: JOSEMARIO ARREDONDO CORDERO | D40: CCDR SAN JOSÉ | E40: 62 | F40: 461 | G40: 12
A41: =G41+0.1 -> 13.1 | B41: 3309 | C41: SEBASTIAN MASIS MURILLO | D41: GUARCO | E41: 13 | F41: 558 | G41: 13
A42: =G42+0.2 -> 13.2 | B42: 3458 | C42: SANTIAGO ALVAREZ LONGHI | D42: SANTO DOMINGO | E42: 20 | F42: 531 | G42: 13
A43: =G43+0.3 -> 13.3 | B43: 4327 | C43: SANTIAGO HERNANDEZ CHAVEZ | D43: ASERRÍ | E43: 61 | F43: 461 | G43: 13
A44: =G44+0.1 -> 14.1 | B44: 4363 | C44: CESAR DAM BLANCO | D44: CCDR ALAJUELA | E44: 14 | F44: 549 | G44: 14
A45: =G45+0.2 -> 14.2 | B45: 4056 | C45: JOSEF ARIAS BRAVO | D45: ESPARZA | E45: 19 | F45: 536 | G45: 14
A46: =G46+0.3 -> 14.3 | B46: 4851 | C46: DAVID GABRIEL NORORI VINDAS | D46: MONTES DE OCA | E46: 64 | F46: 460 | G46: 14
A47: =G47+0.1 -> 15.1 | B47: 3719 | C47: MARCELO MASIS RODRÍGUEZ | D47: SANTA ANA | E47: 15 | F47: 543 | G47: 15
A48: =G48+0.2 -> 15.2 | B48: 2368 | C48: EMANUEL RIVERA TORRES | D48: ASERRÍ | E48: 18 | F48: 540 | G48: 15
A49: =G49+0.3 -> 15.3 | B49: 4541 | C49: SANTIAGO FAIT BARRIOS | D49: ESPARZA | E49: 74 | F49: 440 | G49: 15
A50: =G50+0.4 -> 15.4 | B50: 3792 | C50: NICOLAS ESPINOZA ALFARO | D50: SAN CARLOS | E50: 76 | F50: 440 | G50: 15
A51: =G51+0.1 -> 16.1 | B51: 3160 | C51: SEBASTIAN MORA FUENTES | D51: SANTA ANA | E51: 16 | F51: 543 | G51: 16
A52: =G52+0.2 -> 16.2 | B52: 3747 | C52: LUIS ALONSO VILLALOBOS CAMPOS | D52: ESPARZA | E52: 17 | F52: 542 | G52: 16
A53: =G53+0.3 -> 16.3 | B53: 4300 | C53: DERECK JAIR BOLAÑOS GUTIÉRREZ | D53: CCDR SANTA CRUZ | E53: 72 | F53: 447 | G53: 16
A54: =G54+0.4 -> 16.4 | B54: 4287 | C54: MATÍAS RAMÍREZ MARÍN | D54: ESCAZÚ | E54: 75 | F54: 440 | G54: 16
A55: =G55+0.3 -> 0.3
A56: =G56+0.1 -> 0.1
A57: =G57+0.2 -> 0.2
A58: =G58+0.3 -> 0.3
A59: =G59+0.1 -> 0.1
A60: =G60+0.2 -> 0.2
A61: =G61+0.3 -> 0.3
A62: =G62+0.1 -> 0.1
A63: =G63+0.2 -> 0.2
A64: =G64+0.3 -> 0.3
A65: =G65+0.1 -> 0.1
A66: =G66+0.2 -> 0.2
A67: =G67+0.3 -> 0.3
A68: =G68+0.1 -> 0.1
A69: =G69+0.2 -> 0.2
A70: =G70+0.3 -> 0.3
A71: =G71+0.1 -> 0.1
A72: =G72+0.2 -> 0.2
A73: =G73+0.3 -> 0.3
A74: =G74+0.1 -> 0.1
A75: =G75+0.2 -> 0.2
A76: =G76+0.3 -> 0.3
A77: =G77+0.1 -> 0.1
A78: =G78+0.2 -> 0.2
A79: =G79+0.3 -> 0.3
A80: =G80+0.1 -> 0.1
A81: =G81+0.2 -> 0.2
A82: =G82+0.3 -> 0.3
A83: =G83+0.1 -> 0.1
A84: =G84+0.2 -> 0.2
A85: =G85+0.3 -> 0.3
A86: =G86+0.1 -> 0.1
A87: =G87+0.2 -> 0.2
A88: =G88+0.3 -> 0.3
A89: =G89+0.1 -> 0.1
A90: =G90+0.2 -> 0.2
A91: =G91+0.3 -> 0.3
A92: =G92+0.4 -> 0.4
A93: =G93+0.1 -> 0.1
A94: =G94+0.2 -> 0.2
A95: =G95+0.3 -> 0.3
A96: =G96+0.4 -> 0.4
A97: =G97+0.3 -> 0.3 | B97: X | C97: BYE | D97: BYE
A98: =G98+0.1 -> 0.1
A99: =G99+0.2 -> 0.2
A100: =G100+0.3 -> 0.3
A101: =G101+0.1 -> 0.1
...

Sheet Grupo 1
B2: #VALUE!
L5: En Caso de ocupar 3 de 5, mostrar columnas H - I En caso de 2 de 2, ocultarlas.
G7: Fecha: | J7: =TODAY() -> 46288
B9: Categoría | D9: =Inscripciones!B2 -> U19 MASCULINO | E9: Grupo nº | F9: 1 | G9: Mesa nº
B11: Orden | C11: Carné | D11: Jugadores | E11: Lugar | F11: Ranking | G11: Puntos
A12: =F9+0.1 -> 1.1 | B12: 1 | C12: =VLOOKUP(A12,Inscripciones!A5:G167,2,FALSE) -> 2515 | D12: =IF(ISBLANK(C12),"",VLOOKUP(C12,Inscripciones!$B$5:$F$200,2,FALSE)) -> GABRIEL CHAVEZ QUIROS | E12: =IF(ISBLANK(C12),"",VLOOKUP(C12,Inscripciones!$B$5:$F$200,3,FALSE)) -> SANTA ANA | F12: =IF(ISBLANK(C12),"",VLOOKUP(C12,Inscripciones!$B$5:$F$200,4,FALSE)) -> 1 | G12: =IF(ISBLANK(C12),"",VLOOKUP(C12,Inscripciones!$B$5:$F$200,5,FALSE)) -> 716 | J12: =IF(ISBLANK(J11)," ",(E18+F18+G18+E20+F20+G20+H18+I18+H20+I20)/(E19+F19+G19+E21+F21+G21+H19+I19+H21+I21))
A13: =F9+0.2 -> 1.2 | B13: 2 | C13: =VLOOKUP(A13,Inscripciones!A5:G168,2,FALSE) -> 4513 | D13: =IF(ISBLANK(C13),"",VLOOKUP(C13,Inscripciones!$B$5:$F$200,2,FALSE)) -> GABRIEL ANTONIO AMADOR GARITA | E13: =IF(ISBLANK(C13),"",VLOOKUP(C13,Inscripciones!$B$5:$F$200,3,FALSE)) -> CCDR SANTA CRUZ | F13: =IF(ISBLANK(C13),"",VLOOKUP(C13,Inscripciones!$B$5:$F$200,4,FALSE)) -> 37 | G13: =IF(ISBLANK(C13),"",VLOOKUP(C13,Inscripciones!$B$5:$F$200,5,FALSE)) -> 492 | J13: =IF(ISBLANK(J11)," ",(E21+F21+G21+E22+F22+G22+H21+I21+H22+I22)/(E20+F20+G20+E23+F23+G23+H20+I20+H23+I23))
A14: =+F9+0.3 -> 1.3 | B14: 3 | C14: =VLOOKUP(A14,Inscripciones!A6:G169,2,FALSE) -> 3670 | D14: =IF(ISBLANK(C14),"",VLOOKUP(C14,Inscripciones!$B$7:$F$200,2,FALSE)) -> KAY MATHIAS PERAZA MURILLO | E14: =IF(ISBLANK(C14),"",VLOOKUP(C14,Inscripciones!$B$7:$F$200,3,FALSE)) -> ASERRÍ | F14: =IF(ISBLANK(C14),"",VLOOKUP(C14,Inscripciones!$B$7:$F$200,4,FALSE)) -> 38 | G14: =IF(ISBLANK(C14),"",VLOOKUP(C14,Inscripciones!$B$7:$F$200,5,FALSE)) -> 492 | J14: =IF(ISBLANK(J11)," ",(E19+F19+G19+E23+F23+G23+H19+I19+H23+I23)/(E18+F18+G18+E22+F22+G22+H18+I18+H22+I22))
B17: Partida | D17: JUGADOR | E17: 1º set | F17: 2º set | G17: 3º set | H17: 4º set | I17: 5º set | J17: Ganador
B18: 1 | C18: 1 | D18: =D12 -> GABRIEL CHAVEZ QUIROS | E18: 11 | F18: 11 | J18: {=IF(AND(TRIM(E18)="WO",TRIM(E19)="WO"),"",IF(TRIM(E19)="WO",C18,IF(TRIM(E18)="WO",C19,IF(SUMPRODUCT(--(E18:I18>E19:I19))>SUMPRODUCT(--(E19:I19>E18:I18)),C18,IF(SUMPRODUCT(--(E19:I19>E18:I18))>SUMPRODUCT(--(E18:I18>E19:I19)),C19,"")))))} -> 1
C19: 3 | D19: =D14 -> KAY MATHIAS PERAZA MURILLO | E19: 0 | F19: 3
B20: 2 | C20: 1 | D20: =D12 -> GABRIEL CHAVEZ QUIROS | E20: 11 | F20: 11 | J20: {=IF(AND(TRIM(E20)="WO",TRIM(E21)="WO"),"",IF(TRIM(E21)="WO",C20,IF(TRIM(E20)="WO",C21,IF(SUMPRODUCT(--(E20:I20>E21:I21))>SUMPRODUCT(--(E21:I21>E20:I20)),C20,IF(SUMPRODUCT(--(E21:I21>E20:I20))>SUMPRODUCT(--(E20:I20>E21:I21)),C21,"")))))} -> 1
C21: 2 | D21: =D13 -> GABRIEL ANTONIO AMADOR GARITA | E21: 2 | F21: 7
B22: 3 | C22: 2 | D22: =D13 -> GABRIEL ANTONIO AMADOR GARITA | E22: 11 | F22: 12 | J22: {=IF(AND(TRIM(E22)="WO",TRIM(E23)="WO"),"",IF(TRIM(E23)="WO",C22,IF(TRIM(E22)="WO",C23,IF(SUMPRODUCT(--(E22:I22>E23:I23))>SUMPRODUCT(--(E23:I23>E22:I22)),C22,IF(SUMPRODUCT(--(E23:I23>E22:I22))>SUMPRODUCT(--(E22:I22>E23:I23)),C23,"")))))} -> 2
C23: 3 | D23: =D14 -> KAY MATHIAS PERAZA MURILLO | E23: 3 | F23: 10
C32: Clasificados (# de carne) | F32: Revisión de Camisas y Raquetas
C33: Carnet | D33: Nombre | F33: Revisión de nombres y resultados
C34: 2515 | D34: =IF(ISBLANK(C34),"",VLOOKUP(C34,Inscripciones!$B$5:$F$200,2,FALSE)) -> GABRIEL CHAVEZ QUIROS | F34: Árbitro
C35: 4513 | D35: =IF(ISBLANK(C35),"",VLOOKUP(C35,Inscripciones!$B$5:$F$200,2,FALSE)) -> GABRIEL ANTONIO AMADOR GARITA | F35: Marque si hay informe

Sheet Grupo 2
B2: #VALUE!
L5: En Caso de ocupar 3 de 5, mostrar columnas H - I En caso de 2 de 2, ocultarlas.
G7: Fecha: | J7: =TODAY() -> 46288
B9: Categoría | D9: =Inscripciones!B2 -> U19 MASCULINO | E9: Grupo nº | F9: 2 | G9: Mesa nº
B11: Orden | C11: Carné | D11: Jugadores | E11: Lugar | F11: Ranking | G11: Puntos
A12: =F9+0.1 -> 2.1 | B12: 1 | C12: =VLOOKUP(A12,Inscripciones!A5:G167,2,FALSE) -> 2582 | D12: =IF(ISBLANK(C12),"",VLOOKUP(C12,Inscripciones!$B$5:$F$200,2,FALSE)) -> ALEJANDRO MONTOYA MORERA | E12: =IF(ISBLANK(C12),"",VLOOKUP(C12,Inscripciones!$B$5:$F$200,3,FALSE)) -> ALAJUELA - UNA | F12: =IF(ISBLANK(C12),"",VLOOKUP(C12,Inscripciones!$B$5:$F$200,4,FALSE)) -> 2 | G12: =IF(ISBLANK(C12),"",VLOOKUP(C12,Inscripciones!$B$5:$F$200,5,FALSE)) -> 698 | J12: =IF(ISBLANK(J11)," ",(E18+F18+G18+E20+F20+G20+H18+I18+H20+I20)/(E19+F19+G19+E21+F21+G21+H19+I19+H21+I21))
A13: =F9+0.2 -> 2.2 | B13: 2 | C13: =VLOOKUP(A13,Inscripciones!A5:G168,2,FALSE) -> 2513 | D13: =IF(ISBLANK(C13),"",VLOOKUP(C13,Inscripciones!$B$5:$F$200,2,FALSE)) -> SEBASTIAN CHAVEZ QUIROS | E13: =IF(ISBLANK(C13),"",VLOOKUP(C13,Inscripciones!$B$5:$F$200,3,FALSE)) -> SANTA ANA | F13: =IF(ISBLANK(C13),"",VLOOKUP(C13,Inscripciones!$B$5:$F$200,4,FALSE)) -> 35 | G13: =IF(ISBLANK(C13),"",VLOOKUP(C13,Inscripciones!$B$5:$F$200,5,FALSE)) -> 493 | J13: =IF(ISBLANK(J11)," ",(E21+F21+G21+E22+F22+G22+H21+I21+H22+I22)/(E20+F20+G20+E23+F23+G23+H20+I20+H23+I23))
A14: =+F9+0.3 -> 2.3 | B14: 3 | C14: =VLOOKUP(A14,Inscripciones!A6:G169,2,FALSE) -> 4144 | D14: =IF(ISBLANK(C14),"",VLOOKUP(C14,Inscripciones!$B$7:$F$200,2,FALSE)) -> ANDRÉS PARRA CHACÓN | E14: =IF(ISBLANK(C14),"",VLOOKUP(C14,Inscripciones!$B$7:$F$200,3,FALSE)) -> SANTO DOMINGO | F14: =IF(ISBLANK(C14),"",VLOOKUP(C14,Inscripciones!$B$7:$F$200,4,FALSE)) -> 40 | G14: =IF(ISBLANK(C14),"",VLOOKUP(C14,Inscripciones!$B$7:$F$200,5,FALSE)) -> 485 | J14: =IF(ISBLANK(J11)," ",(E19+F19+G19+E23+F23+G23+H19+I19+H23+I23)/(E18+F18+G18+E22+F22+G22+H18+I18+H22+I22))
B17: Partida | D17: JUGADOR | E17: 1º set | F17: 2º set | G17: 3º set | H17: 4º set | I17: 5º set | J17: Ganador
B18: 1 | C18: 1 | D18: =D12 -> ALEJANDRO MONTOYA MORERA | E18: wo | F18: wo | J18: {=IF(AND(TRIM(E18)="WO",TRIM(E19)="WO"),"",IF(TRIM(E19)="WO",C18,IF(TRIM(E18)="WO",C19,IF(SUMPRODUCT(--(E18:I18>E19:I19))>SUMPRODUCT(--(E19:I19>E18:I18)),C18,IF(SUMPRODUCT(--(E19:I19>E18:I18))>SUMPRODUCT(--(E18:I18>E19:I19)),C19,"")))))} -> 3
C19: 3 | D19: =D14 -> ANDRÉS PARRA CHACÓN | E19: 11 | F19: 11
B20: 2 | C20: 1 | D20: =D12 -> ALEJANDRO MONTOYA MORERA | E20: wo | F20: wo | J20: {=IF(AND(TRIM(E20)="WO",TRIM(E21)="WO"),"",IF(TRIM(E21)="WO",C20,IF(TRIM(E20)="WO",C21,IF(SUMPRODUCT(--(E20:I20>E21:I21))>SUMPRODUCT(--(E21:I21>E20:I20)),C20,IF(SUMPRODUCT(--(E21:I21>E20:I20))>SUMPRODUCT(--(E20:I20>E21:I21)),C21,"")))))} -> 2
C21: 2 | D21: =D13 -> SEBASTIAN CHAVEZ QUIROS | E21: 11 | F21: 11
B22: 3 | C22: 2 | D22: =D13 -> SEBASTIAN CHAVEZ QUIROS | E22: 11 | F22: 9 | J22: {=IF(AND(TRIM(E22)="WO",TRIM(E23)="WO"),"",IF(TRIM(E23)="WO",C22,IF(TRIM(E22)="WO",C23,IF(SUMPRODUCT(--(E22:I22>E23:I23))>SUMPRODUCT(--(E23:I23>E22:I22)),C22,IF(SUMPRODUCT(--(E23:I23>E22:I22))>SUMPRODUCT(--(E22:I22>E23:I23)),C23,"")))))} -> 3
C23: 3 | D23: =D14 -> ANDRÉS PARRA CHACÓN | E23: 13 | F23: 11
C32: Clasificados (# de carne) | F32: Revisión de Camisas y Raquetas
C33: Carnet | D33: Nombre | F33: Revisión de nombres y resultados
C34: 4144 | D34: =IF(ISBLANK(C34),"",VLOOKUP(C34,Inscripciones!$B$5:$F$200,2,FALSE)) -> ANDRÉS PARRA CHACÓN | F34: Árbitro
C35: 2513 | D35: =IF(ISBLANK(C35),"",VLOOKUP(C35,Inscripciones!$B$5:$F$200,2,FALSE)) -> SEBASTIAN CHAVEZ QUIROS | F35: Marque si hay informe

Sheet Grupo 3
B2: #VALUE!
L5: En Caso de ocupar 3 de 5, mostrar columnas H - I En caso de 2 de 2, ocultarlas.
G7: Fecha: | J7: =TODAY() -> 46288
B9: Categoría | D9: =Inscripciones!B2 -> U19 MASCULINO | E9: Grupo nº | F9: 3 | G9: Mesa nº
B11: Orden | C11: Carné | D11: Jugadores | E11: Lugar | F11: Ranking | G11: Puntos
A12: =F9+0.1 -> 3.1 | B12: 1 | C12: =VLOOKUP(A12,Inscripciones!A5:G167,2,FALSE) -> 4034 | D12: =IF(ISBLANK(C12),"",VLOOKUP(C12,Inscripciones!$B$5:$F$200,2,FALSE)) -> IAN DAVID GARRO ALONSO | E12: =IF(ISBLANK(C12),"",VLOOKUP(C12,Inscripciones!$B$5:$F$200,3,FALSE)) -> CCDR SAN JOSÉ | F12: =IF(ISBLANK(C12),"",VLOOKUP(C12,Inscripciones!$B$5:$F$200,4,FALSE)) -> 3 | G12: =IF(ISBLANK(C12),"",VLOOKUP(C12,Inscripciones!$B$5:$F$200,5,FALSE)) -> 645 | J12: =IF(ISBLANK(J11)," ",(E18+F18+G18+E20+F20+G20+H18+I18+H20+I20)/(E19+F19+G19+E21+F21+G21+H19+I19+H21+I21))
A13: =F9+0.2 -> 3.2 | B13: 2 | C13: =VLOOKUP(A13,Inscripciones!A5:G168,2,FALSE) -> 2847 | D13: =IF(ISBLANK(C13),"",VLOOKUP(C13,Inscripciones!$B$5:$F$200,2,FALSE)) -> LUIS GAEL SILES LOBO | E13: =IF(ISBLANK(C13),"",VLOOKUP(C13,Inscripciones!$B$5:$F$200,3,FALSE)) -> ESPARZA | F13: =IF(ISBLANK(C13),"",VLOOKUP(C13,Inscripciones!$B$5:$F$200,4,FALSE)) -> 34 | G13: =IF(ISBLANK(C13),"",VLOOKUP(C13,Inscripciones!$B$5:$F$200,5,FALSE)) -> 493 | J13: =IF(ISBLANK(J11)," ",(E21+F21+G21+E22+F22+G22+H21+I21+H22+I22)/(E20+F20+G20+E23+F23+G23+H20+I20+H23+I23))
A14: =+F9+0.3 -> 3.3 | B14: 3 | C14: =VLOOKUP(A14,Inscripciones!A6:G169,2,FALSE) -> 4415 | D14: =IF(ISBLANK(C14),"",VLOOKUP(C14,Inscripciones!$B$7:$F$200,2,FALSE)) -> ALEJANDRO CRUZ BONILLA | E14: =IF(ISBLANK(C14),"",VLOOKUP(C14,Inscripciones!$B$7:$F$200,3,FALSE)) -> ALAJUELA | F14: =IF(ISBLANK(C14),"",VLOOKUP(C14,Inscripciones!$B$7:$F$200,4,FALSE)) -> 45 | G14: =IF(ISBLANK(C14),"",VLOOKUP(C14,Inscripciones!$B$7:$F$200,5,FALSE)) -> 482 | J14: =IF(ISBLANK(J11)," ",(E19+F19+G19+E23+F23+G23+H19+I19+H23+I23)/(E18+F18+G18+E22+F22+G22+H18+I18+H22+I22))
B17: Partida | D17: JUGADOR | E17: 1º set | F17: 2º set | G17: 3º set | H17: 4º set | I17: 5º set | J17: Ganador
B18: 1 | C18: 1 | D18: =D12 -> IAN DAVID GARRO ALONSO | E18: 11 | F18: 11 | J18: {=IF(AND(TRIM(E18)="WO",TRIM(E19)="WO"),"",IF(TRIM(E19)="WO",C18,IF(TRIM(E18)="WO",C19,IF(SUMPRODUCT(--(E18:I18>E19:I19))>SUMPRODUCT(--(E19:I19>E18:I18)),C18,IF(SUMPRODUCT(--(E19:I19>E18:I18))>SUMPRODUCT(--(E18:I18>E19:I19)),C19,"")))))} -> 1
C19: 3 | D19: =D14 -> ALEJANDRO CRUZ BONILLA | E19: 0 | F19: 5
B20: 2 | C20: 1 | D20: =D12 -> IAN DAVID GARRO ALONSO | E20: 11 | F20: 11 | J20: {=IF(AND(TRIM(E20)="WO",TRIM(E21)="WO"),"",IF(TRIM(E21)="WO",C20,IF(TRIM(E20)="WO",C21,IF(SUMPRODUCT(--(E20:I20>E21:I21))>SUMPRODUCT(--(E21:I21>E20:I20)),C20,IF(SUMPRODUCT(--(E21:I21>E20:I20))>SUMPRODUCT(--(E20:I20>E21:I21)),C21,"")))))} -> 1
C21: 2 | D21: =D13 -> LUIS GAEL SILES LOBO | E21: 3 | F21: 6
B22: 3 | C22: 2 | D22: =D13 -> LUIS GAEL SILES LOBO | E22: 12 | F22: 11 | J22: {=IF(AND(TRIM(E22)="WO",TRIM(E23)="WO"),"",IF(TRIM(E23)="WO",C22,IF(TRIM(E22)="WO",C23,IF(SUMPRODUCT(--(E22:I22>E23:I23))>SUMPRODUCT(--(E23:I23>E22:I22)),C22,IF(SUMPRODUCT(--(E23:I23>E22:I22))>SUMPRODUCT(--(E22:I22>E23:I23)),C23,"")))))} -> 2
C23: 3 | D23: =D14 -> ALEJANDRO CRUZ BONILLA | E23: 10 | F23: 4
C32: Clasificados (# de carne) | F32: Revisión de Camisas y Raquetas
C33: Carnet | D33: Nombre | F33: Revisión de nombres y resultados
C34: 4034 | D34: =IF(ISBLANK(C34),"",VLOOKUP(C34,Inscripciones!$B$5:$F$200,2,FALSE)) -> IAN DAVID GARRO ALONSO | F34: Árbitro
C35: 2847 | D35: =IF(ISBLANK(C35),"",VLOOKUP(C35,Inscripciones!$B$5:$F$200,2,FALSE)) -> LUIS GAEL SILES LOBO | F35: Marque si hay informe

Sheet Grupo 4
B2: #VALUE!
L5: En Caso de ocupar 3 de 5, mostrar columnas H - I En caso de 2 de 2, ocultarlas.
G7: Fecha: | J7: =TODAY() -> 46288
B9: Categoría | D9: =Inscripciones!B2 -> U19 MASCULINO | E9: Grupo nº | F9: 4 | G9: Mesa nº
B11: Orden | C11: Carné | D11: Jugadores | E11: Lugar | F11: Ranking | G11: Puntos
A12: =F9+0.1 -> 4.1 | B12: 1 | C12: =VLOOKUP(A12,Inscripciones!A5:G167,2,FALSE) -> 3472 | D12: =IF(ISBLANK(C12),"",VLOOKUP(C12,Inscripciones!$B$5:$F$200,2,FALSE)) -> JAYDRICK SHAMALL BAKER CRAWFORD | E12: =IF(ISBLANK(C12),"",VLOOKUP(C12,Inscripciones!$B$5:$F$200,3,FALSE)) -> ASERRÍ - UCR | F12: =IF(ISBLANK(C12),"",VLOOKUP(C12,Inscripciones!$B$5:$F$200,4,FALSE)) -> 4 | G12: =IF(ISBLANK(C12),"",VLOOKUP(C12,Inscripciones!$B$5:$F$200,5,FALSE)) -> 626 | J12: =IF(ISBLANK(J11)," ",(E18+F18+G18+E20+F20+G20+H18+I18+H20+I20)/(E19+F19+G19+E21+F21+G21+H19+I19+H21+I21))
A13: =F9+0.2 -> 4.2 | B13: 2 | C13: =VLOOKUP(A13,Inscripciones!A5:G168,2,FALSE) -> 4248 | D13: =IF(ISBLANK(C13),"",VLOOKUP(C13,Inscripciones!$B$5:$F$200,2,FALSE)) -> ALEJANDRO COTO RAMIREZ | E13: =IF(ISBLANK(C13),"",VLOOKUP(C13,Inscripciones!$B$5:$F$200,3,FALSE)) -> GUARCO | F13: =IF(ISBLANK(C13),"",VLOOKUP(C13,Inscripciones!$B$5:$F$200,4,FALSE)) -> 33 | G13: =IF(ISBLANK(C13),"",VLOOKUP(C13,Inscripciones!$B$5:$F$200,5,FALSE)) -> 493 | J13: =IF(ISBLANK(J11)," ",(E21+F21+G21+E22+F22+G22+H21+I21+H22+I22)/(E20+F20+G20+E23+F23+G23+H20+I20+H23+I23))
A14: =+F9+0.3 -> 4.3 | B14: 3 | C14: =VLOOKUP(A14,Inscripciones!A6:G169,2,FALSE) -> 4464 | D14: =IF(ISBLANK(C14),"",VLOOKUP(C14,Inscripciones!$B$7:$F$200,2,FALSE)) -> ISAAC GAMBOA MORERA | E14: =IF(ISBLANK(C14),"",VLOOKUP(C14,Inscripciones!$B$7:$F$200,3,FALSE)) -> ESPARZA | F14: =IF(ISBLANK(C14),"",VLOOKUP(C14,Inscripciones!$B$7:$F$200,4,FALSE)) -> 42 | G14: =IF(ISBLANK(C14),"",VLOOKUP(C14,Inscripciones!$B$7:$F$200,5,FALSE)) -> 483 | J14: =IF(ISBLANK(J11)," ",(E19+F19+G19+E23+F23+G23+H19+I19+H23+I23)/(E18+F18+G18+E22+F22+G22+H18+I18+H22+I22))
B17: Partida | D17: JUGADOR | E17: 1º set | F17: 2º set | G17: 3º set | H17: 4º set | I17: 5º set | J17: Ganador
B18: 1 | C18: 1 | D18: =D12 -> JAYDRICK SHAMALL BAKER CRAWFORD | E18: 11 | F18: 14 | J18: {=IF(AND(TRIM(E18)="WO",TRIM(E19)="WO"),"",IF(TRIM(E19)="WO",C18,IF(TRIM(E18)="WO",C19,IF(SUMPRODUCT(--(E18:I18>E19:I19))>SUMPRODUCT(--(E19:I19>E18:I18)),C18,IF(SUMPRODUCT(--(E19:I19>E18:I18))>SUMPRODUCT(--(E18:I18>E19:I19)),C19,"")))))} -> 1
C19: 3 | D19: =D14 -> ISAAC GAMBOA MORERA | E19: 5 | F19: 12
B20: 2 | C20: 1 | D20: =D12 -> JAYDRICK SHAMALL BAKER CRAWFORD | E20: 11 | F20: 11 | J20: {=IF(AND(TRIM(E20)="WO",TRIM(E21)="WO"),"",IF(TRIM(E21)="WO",C20,IF(TRIM(E20)="WO",C21,IF(SUMPRODUCT(--(E20:I20>E21:I21))>SUMPRODUCT(--(E21:I21>E20:I20)),C20,IF(SUMPRODUCT(--(E21:I21>E20:I20))>SUMPRODUCT(--(E20:I20>E21:I21)),C21,"")))))} -> 1
C21: 2 | D21: =D13 -> ALEJANDRO COTO RAMIREZ | E21: 3 | F21: 4
B22: 3 | C22: 2 | D22: =D13 -> ALEJANDRO COTO RAMIREZ | E22: 9 | F22: 12 | G22: 8 | J22: {=IF(AND(TRIM(E22)="WO",TRIM(E23)="WO"),"",IF(TRIM(E23)="WO",C22,IF(TRIM(E22)="WO",C23,IF(SUMPRODUCT(--(E22:I22>E23:I23))>SUMPRODUCT(--(E23:I23>E22:I22)),C22,IF(SUMPRODUCT(--(E23:I23>E22:I22))>SUMPRODUCT(--(E22:I22>E23:I23)),C23,"")))))} -> 3
C23: 3 | D23: =D14 -> ISAAC GAMBOA MORERA | E23: 11 | F23: 10 | G23: 11
C32: Clasificados (# de carne) | F32: Revisión de Camisas y Raquetas
C33: Carnet | D33: Nombre | F33: Revisión de nombres y resultados
C34: 3472 | D34: =IF(ISBLANK(C34),"",VLOOKUP(C34,Inscripciones!$B$5:$F$200,2,FALSE)) -> JAYDRICK SHAMALL BAKER CRAWFORD | F34: Árbitro
C35: 4464 | D35: =IF(ISBLANK(C35),"",VLOOKUP(C35,Inscripciones!$B$5:$F$200,2,FALSE)) -> ISAAC GAMBOA MORERA | F35: Marque si hay informe

Sheet Grupo 5
B2: #VALUE!
L5: En Caso de ocupar 3 de 5, mostrar columnas H - I En caso de 2 de 2, ocultarlas.
G7: Fecha: | J7: =TODAY() -> 46288
B9: Categoría | D9: =Inscripciones!B2 -> U19 MASCULINO | E9: Grupo nº | F9: 5 | G9: Mesa nº
B11: Orden | C11: Carné | D11: Jugadores | E11: Lugar | F11: Ranking | G11: Puntos
A12: =F9+0.1 -> 5.1 | B12: 1 | C12: =VLOOKUP(A12,Inscripciones!A5:G167,2,FALSE) -> 2895 | D12: =IF(ISBLANK(C12),"",VLOOKUP(C12,Inscripciones!$B$5:$F$200,2,FALSE)) -> ANDRES JOSE VEGA VALERIO | E12: =IF(ISBLANK(C12),"",VLOOKUP(C12,Inscripciones!$B$5:$F$200,3,FALSE)) -> ALAJUELA - UCR | F12: =IF(ISBLANK(C12),"",VLOOKUP(C12,Inscripciones!$B$5:$F$200,4,FALSE)) -> 5 | G12: =IF(ISBLANK(C12),"",VLOOKUP(C12,Inscripciones!$B$5:$F$200,5,FALSE)) -> 613 | J12: =IF(ISBLANK(J11)," ",(E18+F18+G18+E20+F20+G20+H18+I18+H20+I20)/(E19+F19+G19+E21+F21+G21+H19+I19+H21+I21))
A13: =F9+0.2 -> 5.2 | B13: 2 | C13: =VLOOKUP(A13,Inscripciones!A5:G168,2,FALSE) -> 3898 | D13: =IF(ISBLANK(C13),"",VLOOKUP(C13,Inscripciones!$B$5:$F$200,2,FALSE)) -> JOSUE CALVO CRUZ | E13: =IF(ISBLANK(C13),"",VLOOKUP(C13,Inscripciones!$B$5:$F$200,3,FALSE)) -> CCDR SAN JOSÉ | F13: =IF(ISBLANK(C13),"",VLOOKUP(C13,Inscripciones!$B$5:$F$200,4,FALSE)) -> 32 | G13: =IF(ISBLANK(C13),"",VLOOKUP(C13,Inscripciones!$B$5:$F$200,5,FALSE)) -> 493 | J13: =IF(ISBLANK(J11)," ",(E21+F21+G21+E22+F22+G22+H21+I21+H22+I22)/(E20+F20+G20+E23+F23+G23+H20+I20+H23+I23))
A14: =+F9+0.3 -> 5.3 | B14: 3 | C14: =VLOOKUP(A14,Inscripciones!A6:G169,2,FALSE) -> 3450 | D14: =IF(ISBLANK(C14),"",VLOOKUP(C14,Inscripciones!$B$7:$F$200,2,FALSE)) -> OSWALDO IGNACIO SILVA NOVOA | E14: =IF(ISBLANK(C14),"",VLOOKUP(C14,Inscripciones!$B$7:$F$200,3,FALSE)) -> SANTA ANA | F14: =IF(ISBLANK(C14),"",VLOOKUP(C14,Inscripciones!$B$7:$F$200,4,FALSE)) -> 49 | G14: =IF(ISBLANK(C14),"",VLOOKUP(C14,Inscripciones!$B$7:$F$200,5,FALSE)) -> 473 | J14: =IF(ISBLANK(J11)," ",(E19+F19+G19+E23+F23+G23+H19+I19+H23+I23)/(E18+F18+G18+E22+F22+G22+H18+I18+H22+I22))
B17: Partida | D17: JUGADOR | E17: 1º set | F17: 2º set | G17: 3º set | H17: 4º set | I17: 5º set | J17: Ganador
B18: 1 | C18: 1 | D18: =D12 -> ANDRES JOSE VEGA VALERIO | E18: 11 | F18: 11 | G18: 11 | J18: {=IF(AND(TRIM(E18)="WO",TRIM(E19)="WO"),"",IF(TRIM(E19)="WO",C18,IF(TRIM(E18)="WO",C19,IF(SUMPRODUCT(--(E18:I18>E19:I19))>SUMPRODUCT(--(E19:I19>E18:I18)),C18,IF(SUMPRODUCT(--(E19:I19>E18:I18))>SUMPRODUCT(--(E18:I18>E19:I19)),C19,"")))))} -> 1
C19: 3 | D19: =D14 -> OSWALDO IGNACIO SILVA NOVOA | E19: 5 | F19: 13 | G19: 8
B20: 2 | C20: 1 | D20: =D12 -> ANDRES JOSE VEGA VALERIO | E20: 11 | F20: 11 | J20: {=IF(AND(TRIM(E20)="WO",TRIM(E21)="WO"),"",IF(TRIM(E21)="WO",C20,IF(TRIM(E20)="WO",C21,IF(SUMPRODUCT(--(E20:I20>E21:I21))>SUMPRODUCT(--(E21:I21>E20:I20)),C20,IF(SUMPRODUCT(--(E21:I21>E20:I20))>SUMPRODUCT(--(E20:I20>E21:I21)),C21,"")))))} -> 1
C21: 2 | D21: =D13 -> JOSUE CALVO CRUZ | E21: 6 | F21: 5
B22: 3 | C22: 2 | D22: =D13 -> JOSUE CALVO CRUZ | E22: 5 | F22: 7 | J22: {=IF(AND(TRIM(E22)="WO",TRIM(E23)="WO"),"",IF(TRIM(E23)="WO",C22,IF(TRIM(E22)="WO",C23,IF(SUMPRODUCT(--(E22:I22>E23:I23))>SUMPRODUCT(--(E23:I23>E22:I22)),C22,IF(SUMPRODUCT(--(E23:I23>E22:I22))>SUMPRODUCT(--(E22:I22>E23:I23)),C23,"")))))} -> 3
C23: 3 | D23: =D14 -> OSWALDO IGNACIO SILVA NOVOA | E23: 11 | F23: 11
C32: Clasificados (# de carne) | F32: Revisión de Camisas y Raquetas
C33: Carnet | D33: Nombre | F33: Revisión de nombres y resultados
C34: 2895 | D34: =IF(ISBLANK(C34),"",VLOOKUP(C34,Inscripciones!$B$5:$F$200,2,FALSE)) -> ANDRES JOSE VEGA VALERIO | F34: Árbitro
C35: 3450 | D35: =IF(ISBLANK(C35),"",VLOOKUP(C35,Inscripciones!$B$5:$F$200,2,FALSE)) -> OSWALDO IGNACIO SILVA NOVOA | F35: Marque si hay informe

Sheet Grupo 6
B2: #VALUE!
L5: En Caso de ocupar 3 de 5, mostrar columnas H - I En caso de 2 de 2, ocultarlas.
G7: Fecha: | J7: =TODAY() -> 46288
B9: Categoría | D9: =Inscripciones!B2 -> U19 MASCULINO | E9: Grupo nº | F9: 6 | G9: Mesa nº
B11: Orden | C11: Carné | D11: Jugadores | E11: Lugar | F11: Ranking | G11: Puntos
A12: =F9+0.1 -> 6.1 | B12: 1 | C12: =VLOOKUP(A12,Inscripciones!A5:G167,2,FALSE) -> 2623 | D12: =IF(ISBLANK(C12),"",VLOOKUP(C12,Inscripciones!$B$5:$F$200,2,FALSE)) -> MATEO MONGE ARROYO | E12: =IF(ISBLANK(C12),"",VLOOKUP(C12,Inscripciones!$B$5:$F$200,3,FALSE)) -> SANTA ANA | F12: =IF(ISBLANK(C12),"",VLOOKUP(C12,Inscripciones!$B$5:$F$200,4,FALSE)) -> 6 | G12: =IF(ISBLANK(C12),"",VLOOKUP(C12,Inscripciones!$B$5:$F$200,5,FALSE)) -> 611 | J12: =IF(ISBLANK(J11)," ",(E18+F18+G18+E20+F20+G20+H18+I18+H20+I20)/(E19+F19+G19+E21+F21+G21+H19+I19+H21+I21))
A13: =F9+0.2 -> 6.2 | B13: 2 | C13: =VLOOKUP(A13,Inscripciones!A5:G168,2,FALSE) -> 4463 | D13: =IF(ISBLANK(C13),"",VLOOKUP(C13,Inscripciones!$B$5:$F$200,2,FALSE)) -> ISAAC ANDRÉS LEAL CHACÓN | E13: =IF(ISBLANK(C13),"",VLOOKUP(C13,Inscripciones!$B$5:$F$200,3,FALSE)) -> ESPARZA | F13: =IF(ISBLANK(C13),"",VLOOKUP(C13,Inscripciones!$B$5:$F$200,4,FALSE)) -> 30 | G13: =IF(ISBLANK(C13),"",VLOOKUP(C13,Inscripciones!$B$5:$F$200,5,FALSE)) -> 499 | J13: =IF(ISBLANK(J11)," ",(E21+F21+G21+E22+F22+G22+H21+I21+H22+I22)/(E20+F20+G20+E23+F23+G23+H20+I20+H23+I23))
A14: =+F9+0.3 -> 6.3 | B14: 3 | C14: =VLOOKUP(A14,Inscripciones!A6:G169,2,FALSE) -> 4528 | D14: =IF(ISBLANK(C14),"",VLOOKUP(C14,Inscripciones!$B$7:$F$200,2,FALSE)) -> BRAD GÓMEZ CASTILLO | E14: =IF(ISBLANK(C14),"",VLOOKUP(C14,Inscripciones!$B$7:$F$200,3,FALSE)) -> ESCAZÚ | F14: =IF(ISBLANK(C14),"",VLOOKUP(C14,Inscripciones!$B$7:$F$200,4,FALSE)) -> 48 | G14: =IF(ISBLANK(C14),"",VLOOKUP(C14,Inscripciones!$B$7:$F$200,5,FALSE)) -> 474 | J14: =IF(ISBLANK(J11)," ",(E19+F19+G19+E23+F23+G23+H19+I19+H23+I23)/(E18+F18+G18+E22+F22+G22+H18+I18+H22+I22))
B17: Partida | D17: JUGADOR | E17: 1º set | F17: 2º set | G17: 3º set | H17: 4º set | I17: 5º set | J17: Ganador
B18: 1 | C18: 1 | D18: =D12 -> MATEO MONGE ARROYO | E18: 11 | F18: 11 | J18: {=IF(AND(TRIM(E18)="WO",TRIM(E19)="WO"),"",IF(TRIM(E19)="WO",C18,IF(TRIM(E18)="WO",C19,IF(SUMPRODUCT(--(E18:I18>E19:I19))>SUMPRODUCT(--(E19:I19>E18:I18)),C18,IF(SUMPRODUCT(--(E19:I19>E18:I18))>SUMPRODUCT(--(E18:I18>E19:I19)),C19,"")))))} -> 1
C19: 3 | D19: =D14 -> BRAD GÓMEZ CASTILLO | E19: 4 | F19: 6
B20: 2 | C20: 1 | D20: =D12 -> MATEO MONGE ARROYO | E20: 11 | F20: 11 | J20: {=IF(AND(TRIM(E20)="WO",TRIM(E21)="WO"),"",IF(TRIM(E21)="WO",C20,IF(TRIM(E20)="WO",C21,IF(SUMPRODUCT(--(E20:I20>E21:I21))>SUMPRODUCT(--(E21:I21>E20:I20)),C20,IF(SUMPRODUCT(--(E21:I21>E20:I20))>SUMPRODUCT(--(E20:I20>E21:I21)),C21,"")))))} -> 1
C21: 2 | D21: =D13 -> ISAAC ANDRÉS LEAL CHACÓN | E21: 2 | F21: 6
B22: 3 | C22: 2 | D22: =D13 -> ISAAC ANDRÉS LEAL CHACÓN | E22: 11 | F22: 11 | J22: {=IF(AND(TRIM(E22)="WO",TRIM(E23)="WO"),"",IF(TRIM(E23)="WO",C22,IF(TRIM(E22)="WO",C23,IF(SUMPRODUCT(--(E22:I22>E23:I23))>SUMPRODUCT(--(E23:I23>E22:I22)),C22,IF(SUMPRODUCT(--(E23:I23>E22:I22))>SUMPRODUCT(--(E22:I22>E23:I23)),C23,"")))))} -> 2
C23: 3 | D23: =D14 -> BRAD GÓMEZ CASTILLO | E23: 2 | F23: 6
C32: Clasificados (# de carne) | F32: Revisión de Camisas y Raquetas
C33: Carnet | D33: Nombre | F33: Revisión de nombres y resultados
C34: 2623 | D34: =IF(ISBLANK(C34),"",VLOOKUP(C34,Inscripciones!$B$5:$F$200,2,FALSE)) -> MATEO MONGE ARROYO | F34: Árbitro
C35: 4463 | D35: =IF(ISBLANK(C35),"",VLOOKUP(C35,Inscripciones!$B$5:$F$200,2,FALSE)) -> ISAAC ANDRÉS LEAL CHACÓN | F35: Marque si hay informe

Sheet Grupo 7
B2: #VALUE!
L5: En Caso de ocupar 3 de 5, mostrar columnas H - I En caso de 2 de 2, ocultarlas.
G7: Fecha: | J7: =TODAY() -> 46288
B9: Categoría | D9: =Inscripciones!B2 -> U19 MASCULINO | E9: Grupo nº | F9: 7 | G9: Mesa nº
B11: Orden | C11: Carné | D11: Jugadores | E11: Lugar | F11: Ranking | G11: Puntos
A12: =F9+0.1 -> 7.1 | B12: 1 | C12: =VLOOKUP(A12,Inscripciones!A5:G167,2,FALSE) -> 3153 | D12: =IF(ISBLANK(C12),"",VLOOKUP(C12,Inscripciones!$B$5:$F$200,2,FALSE)) -> ARIEL IGNACIO BARTELS BARQUERO | E12: =IF(ISBLANK(C12),"",VLOOKUP(C12,Inscripciones!$B$5:$F$200,3,FALSE)) -> PÉREZ ZELEDÓN - UNA | F12: =IF(ISBLANK(C12),"",VLOOKUP(C12,Inscripciones!$B$5:$F$200,4,FALSE)) -> 7 | G12: =IF(ISBLANK(C12),"",VLOOKUP(C12,Inscripciones!$B$5:$F$200,5,FALSE)) -> 597 | J12: =IF(ISBLANK(J11)," ",(E18+F18+G18+E20+F20+G20+H18+I18+H20+I20)/(E19+F19+G19+E21+F21+G21+H19+I19+H21+I21))
A13: =F9+0.2 -> 7.2 | B13: 2 | C13: =VLOOKUP(A13,Inscripciones!A5:G168,2,FALSE) -> 4677 | D13: =IF(ISBLANK(C13),"",VLOOKUP(C13,Inscripciones!$B$5:$F$200,2,FALSE)) -> SANTIAGO GUARDADO ROJAS | E13: =IF(ISBLANK(C13),"",VLOOKUP(C13,Inscripciones!$B$5:$F$200,3,FALSE)) -> SAN CARLOS | F13: =IF(ISBLANK(C13),"",VLOOKUP(C13,Inscripciones!$B$5:$F$200,4,FALSE)) -> 28 | G13: =IF(ISBLANK(C13),"",VLOOKUP(C13,Inscripciones!$B$5:$F$200,5,FALSE)) -> 501 | J13: =IF(ISBLANK(J11)," ",(E21+F21+G21+E22+F22+G22+H21+I21+H22+I22)/(E20+F20+G20+E23+F23+G23+H20+I20+H23+I23))
A14: =+F9+0.3 -> 7.3 | B14: 3 | C14: =VLOOKUP(A14,Inscripciones!A6:G169,2,FALSE) -> 4284 | D14: =IF(ISBLANK(C14),"",VLOOKUP(C14,Inscripciones!$B$7:$F$200,2,FALSE)) -> IAN SOLÍS CARRANZA | E14: =IF(ISBLANK(C14),"",VLOOKUP(C14,Inscripciones!$B$7:$F$200,3,FALSE)) -> SANTO DOMINGO | F14: =IF(ISBLANK(C14),"",VLOOKUP(C14,Inscripciones!$B$7:$F$200,4,FALSE)) -> 50 | G14: =IF(ISBLANK(C14),"",VLOOKUP(C14,Inscripciones!$B$7:$F$200,5,FALSE)) -> 472 | J14: =IF(ISBLANK(J11)," ",(E19+F19+G19+E23+F23+G23+H19+I19+H23+I23)/(E18+F18+G18+E22+F22+G22+H18+I18+H22+I22))
B17: Partida | D17: JUGADOR | E17: 1º set | F17: 2º set | G17: 3º set | H17: 4º set | I17: 5º set | J17: Ganador
B18: 1 | C18: 1 | D18: =D12 -> ARIEL IGNACIO BARTELS BARQUERO | E18: 11 | F18: 11 | J18: {=IF(AND(TRIM(E18)="WO",TRIM(E19)="WO"),"",IF(TRIM(E19)="WO",C18,IF(TRIM(E18)="WO",C19,IF(SUMPRODUCT(--(E18:I18>E19:I19))>SUMPRODUCT(--(E19:I19>E18:I18)),C18,IF(SUMPRODUCT(--(E19:I19>E18:I18))>SUMPRODUCT(--(E18:I18>E19:I19)),C19,"")))))} -> 1
C19: 3 | D19: =D14 -> IAN SOLÍS CARRANZA | E19: 5 | F19: 5
B20: 2 | C20: 1 | D20: =D12 -> ARIEL IGNACIO BARTELS BARQUERO | E20: 11 | F20: 11 | J20: {=IF(AND(TRIM(E20)="WO",TRIM(E21)="WO"),"",IF(TRIM(E21)="WO",C20,IF(TRIM(E20)="WO",C21,IF(SUMPRODUCT(--(E20:I20>E21:I21))>SUMPRODUCT(--(E21:I21>E20:I20)),C20,IF(SUMPRODUCT(--(E21:I21>E20:I20))>SUMPRODUCT(--(E20:I20>E21:I21)),C21,"")))))} -> 1
C21: 2 | D21: =D13 -> SANTIAGO GUARDADO ROJAS | E21: 5 | F21: 6
B22: 3 | C22: 2 | D22: =D13 -> SANTIAGO GUARDADO ROJAS | E22: 5 | F22: 11 | G22: 6 | J22: {=IF(AND(TRIM(E22)="WO",TRIM(E23)="WO"),"",IF(TRIM(E23)="WO",C22,IF(TRIM(E22)="WO",C23,IF(SUMPRODUCT(--(E22:I22>E23:I23))>SUMPRODUCT(--(E23:I23>E22:I22)),C22,IF(SUMPRODUCT(--(E23:I23>E22:I22))>SUMPRODUCT(--(E22:I22>E23:I23)),C23,"")))))} -> 3
C23: 3 | D23: =D14 -> IAN SOLÍS CARRANZA | E23: 11 | F23: 7 | G23: 11
C32: Clasificados (# de carne) | F32: Revisión de Camisas y Raquetas
C33: Carnet | D33: Nombre | F33: Revisión de nombres y resultados
C34: 3153 | D34: =IF(ISBLANK(C34),"",VLOOKUP(C34,Inscripciones!$B$5:$F$200,2,FALSE)) -> ARIEL IGNACIO BARTELS BARQUERO | F34: Árbitro
C35: 4284 | D35: =IF(ISBLANK(C35),"",VLOOKUP(C35,Inscripciones!$B$5:$F$200,2,FALSE)) -> IAN SOLÍS CARRANZA | F35: Marque si hay informe

Sheet Grupo 8
B2: #VALUE!
L5: En Caso de ocupar 3 de 5, mostrar columnas H - I En caso de 2 de 2, ocultarlas.
G7: Fecha: | J7: =TODAY() -> 46288
B9: Categoría | D9: =Inscripciones!B2 -> U19 MASCULINO | E9: Grupo nº | F9: 8 | G9: Mesa nº
B11: Orden | C11: Carné | D11: Jugadores | E11: Lugar | F11: Ranking | G11: Puntos
A12: =F9+0.1 -> 8.1 | B12: 1 | C12: =VLOOKUP(A12,Inscripciones!A5:G167,2,FALSE) -> 3839 | D12: =IF(ISBLANK(C12),"",VLOOKUP(C12,Inscripciones!$B$5:$F$200,2,FALSE)) -> ALBERTO BLANCO LEDEZMA | E12: =IF(ISBLANK(C12),"",VLOOKUP(C12,Inscripciones!$B$5:$F$200,3,FALSE)) -> PÉREZ ZELEDÓN | F12: =IF(ISBLANK(C12),"",VLOOKUP(C12,Inscripciones!$B$5:$F$200,4,FALSE)) -> 8 | G12: =IF(ISBLANK(C12),"",VLOOKUP(C12,Inscripciones!$B$5:$F$200,5,FALSE)) -> 588 | J12: =IF(ISBLANK(J11)," ",(E18+F18+G18+E20+F20+G20+H18+I18+H20+I20)/(E19+F19+G19+E21+F21+G21+H19+I19+H21+I21))
A13: =F9+0.2 -> 8.2 | B13: 2 | C13: =VLOOKUP(A13,Inscripciones!A5:G168,2,FALSE) -> 4002 | D13: =IF(ISBLANK(C13),"",VLOOKUP(C13,Inscripciones!$B$5:$F$200,2,FALSE)) -> ISMAEL CÁRDENAS ACOSTA | E13: =IF(ISBLANK(C13),"",VLOOKUP(C13,Inscripciones!$B$5:$F$200,3,FALSE)) -> CCDR SAN JOSÉ | F13: =IF(ISBLANK(C13),"",VLOOKUP(C13,Inscripciones!$B$5:$F$200,4,FALSE)) -> 27 | G13: =IF(ISBLANK(C13),"",VLOOKUP(C13,Inscripciones!$B$5:$F$200,5,FALSE)) -> 502 | J13: =IF(ISBLANK(J11)," ",(E21+F21+G21+E22+F22+G22+H21+I21+H22+I22)/(E20+F20+G20+E23+F23+G23+H20+I20+H23+I23))
A14: =+F9+0.3 -> 8.3 | B14: 3 | C14: =VLOOKUP(A14,Inscripciones!A6:G169,2,FALSE) -> 4641 | D14: =IF(ISBLANK(C14),"",VLOOKUP(C14,Inscripciones!$B$7:$F$200,2,FALSE)) -> JOSEPH BRENES QUESADA | E14: =IF(ISBLANK(C14),"",VLOOKUP(C14,Inscripciones!$B$7:$F$200,3,FALSE)) -> GUARCO | F14: =IF(ISBLANK(C14),"",VLOOKUP(C14,Inscripciones!$B$7:$F$200,4,FALSE)) -> 51 | G14: =IF(ISBLANK(C14),"",VLOOKUP(C14,Inscripciones!$B$7:$F$200,5,FALSE)) -> 472 | J14: =IF(ISBLANK(J11)," ",(E19+F19+G19+E23+F23+G23+H19+I19+H23+I23)/(E18+F18+G18+E22+F22+G22+H18+I18+H22+I22))
B17: Partida | D17: JUGADOR | E17: 1º set | F17: 2º set | G17: 3º set | H17: 4º set | I17: 5º set | J17: Ganador
B18: 1 | C18: 1 | D18: =D12 -> ALBERTO BLANCO LEDEZMA | E18: 9 | F18: 11 | G18: 11 | J18: {=IF(AND(TRIM(E18)="WO",TRIM(E19)="WO"),"",IF(TRIM(E19)="WO",C18,IF(TRIM(E18)="WO",C19,IF(SUMPRODUCT(--(E18:I18>E19:I19))>SUMPRODUCT(--(E19:I19>E18:I18)),C18,IF(SUMPRODUCT(--(E19:I19>E18:I18))>SUMPRODUCT(--(E18:I18>E19:I19)),C19,"")))))} -> 1
C19: 3 | D19: =D14 -> JOSEPH BRENES QUESADA | E19: 11 | F19: 6 | G19: 8
B20: 2 | C20: 1 | D20: =D12 -> ALBERTO BLANCO LEDEZMA | E20: 10 | F20: 5 | J20: {=IF(AND(TRIM(E20)="WO",TRIM(E21)="WO"),"",IF(TRIM(E21)="WO",C20,IF(TRIM(E20)="WO",C21,IF(SUMPRODUCT(--(E20:I20>E21:I21))>SUMPRODUCT(--(E21:I21>E20:I20)),C20,IF(SUMPRODUCT(--(E21:I21>E20:I20))>SUMPRODUCT(--(E20:I20>E21:I21)),C21,"")))))} -> 2
C21: 2 | D21: =D13 -> ISMAEL CÁRDENAS ACOSTA | E21: 12 | F21: 11
B22: 3 | C22: 2 | D22: =D13 -> ISMAEL CÁRDENAS ACOSTA | E22: 12 | F22: 11 | J22: {=IF(AND(TRIM(E22)="WO",TRIM(E23)="WO"),"",IF(TRIM(E23)="WO",C22,IF(TRIM(E22)="WO",C23,IF(SUMPRODUCT(--(E22:I22>E23:I23))>SUMPRODUCT(--(E23:I23>E22:I22)),C22,IF(SUMPRODUCT(--(E23:I23>E22:I22))>SUMPRODUCT(--(E22:I22>E23:I23)),C23,"")))))} -> 2
C23: 3 | D23: =D14 -> JOSEPH BRENES QUESADA | E23: 10 | F23: 8
C32: Clasificados (# de carne) | F32: Revisión de Camisas y Raquetas
C33: Carnet | D33: Nombre | F33: Revisión de nombres y resultados
C34: 4002 | D34: =IF(ISBLANK(C34),"",VLOOKUP(C34,Inscripciones!$B$5:$F$200,2,FALSE)) -> ISMAEL CÁRDENAS ACOSTA | F34: Árbitro
C35: 3839 | D35: =IF(ISBLANK(C35),"",VLOOKUP(C35,Inscripciones!$B$5:$F$200,2,FALSE)) -> ALBERTO BLANCO LEDEZMA | F35: Marque si hay informe

Sheet Grupo 9
B2: #VALUE!
L5: En Caso de ocupar 3 de 5, mostrar columnas H - I En caso de 2 de 2, ocultarlas.
G7: Fecha: | J7: =TODAY() -> 46288
B9: Categoría | D9: =Inscripciones!B2 -> U19 MASCULINO | E9: Grupo nº | F9: 9 | G9: Mesa nº
B11: Orden | C11: Carné | D11: Jugadores | E11: Lugar | F11: Ranking | G11: Puntos
A12: =F9+0.1 -> 9.1 | B12: 1 | C12: =VLOOKUP(A12,Inscripciones!A5:G167,2,FALSE) -> 3836 | D12: =IF(ISBLANK(C12),"",VLOOKUP(C12,Inscripciones!$B$5:$F$200,2,FALSE)) -> LUCIANO QUIROS AVILA | E12: =IF(ISBLANK(C12),"",VLOOKUP(C12,Inscripciones!$B$5:$F$200,3,FALSE)) -> ESCAZÚ | F12: =IF(ISBLANK(C12),"",VLOOKUP(C12,Inscripciones!$B$5:$F$200,4,FALSE)) -> 9 | G12: =IF(ISBLANK(C12),"",VLOOKUP(C12,Inscripciones!$B$5:$F$200,5,FALSE)) -> 578 | J12: =IF(ISBLANK(J11)," ",(E18+F18+G18+E20+F20+G20+H18+I18+H20+I20)/(E19+F19+G19+E21+F21+G21+H19+I19+H21+I21))
A13: =F9+0.2 -> 9.2 | B13: 2 | C13: =VLOOKUP(A13,Inscripciones!A5:G168,2,FALSE) -> 3234 | D13: =IF(ISBLANK(C13),"",VLOOKUP(C13,Inscripciones!$B$5:$F$200,2,FALSE)) -> LUKAS CECILIANO ESQUIVEL | E13: =IF(ISBLANK(C13),"",VLOOKUP(C13,Inscripciones!$B$5:$F$200,3,FALSE)) -> PÉREZ ZELEDÓN | F13: =IF(ISBLANK(C13),"",VLOOKUP(C13,Inscripciones!$B$5:$F$200,4,FALSE)) -> 28 | G13: =IF(ISBLANK(C13),"",VLOOKUP(C13,Inscripciones!$B$5:$F$200,5,FALSE)) -> 501 | J13: =IF(ISBLANK(J11)," ",(E21+F21+G21+E22+F22+G22+H21+I21+H22+I22)/(E20+F20+G20+E23+F23+G23+H20+I20+H23+I23))
A14: =+F9+0.3 -> 9.3 | B14: 3 | C14: =VLOOKUP(A14,Inscripciones!A6:G169,2,FALSE) -> 4115 | D14: =IF(ISBLANK(C14),"",VLOOKUP(C14,Inscripciones!$B$7:$F$200,2,FALSE)) -> JOSEPH ANGEL LOPEZ ARAUZ | E14: =IF(ISBLANK(C14),"",VLOOKUP(C14,Inscripciones!$B$7:$F$200,3,FALSE)) -> ATM SANTA CRUZ | F14: =IF(ISBLANK(C14),"",VLOOKUP(C14,Inscripciones!$B$7:$F$200,4,FALSE)) -> 53 | G14: =IF(ISBLANK(C14),"",VLOOKUP(C14,Inscripciones!$B$7:$F$200,5,FALSE)) -> 471 | J14: =IF(ISBLANK(J11)," ",(E19+F19+G19+E23+F23+G23+H19+I19+H23+I23)/(E18+F18+G18+E22+F22+G22+H18+I18+H22+I22))
B17: Partida | D17: JUGADOR | E17: 1º set | F17: 2º set | G17: 3º set | H17: 4º set | I17: 5º set | J17: Ganador
B18: 1 | C18: 1 | D18: =D12 -> LUCIANO QUIROS AVILA | E18: 11 | F18: 11 | J18: {=IF(AND(TRIM(E18)="WO",TRIM(E19)="WO"),"",IF(TRIM(E19)="WO",C18,IF(TRIM(E18)="WO",C19,IF(SUMPRODUCT(--(E18:I18>E19:I19))>SUMPRODUCT(--(E19:I19>E18:I18)),C18,IF(SUMPRODUCT(--(E19:I19>E18:I18))>SUMPRODUCT(--(E18:I18>E19:I19)),C19,"")))))} -> 1
C19: 3 | D19: =D14 -> JOSEPH ANGEL LOPEZ ARAUZ | E19: 8 | F19: 7
B20: 2 | C20: 1 | D20: =D12 -> LUCIANO QUIROS AVILA | E20: 11 | F20: 11 | J20: {=IF(AND(TRIM(E20)="WO",TRIM(E21)="WO"),"",IF(TRIM(E21)="WO",C20,IF(TRIM(E20)="WO",C21,IF(SUMPRODUCT(--(E20:I20>E21:I21))>SUMPRODUCT(--(E21:I21>E20:I20)),C20,IF(SUMPRODUCT(--(E21:I21>E20:I20))>SUMPRODUCT(--(E20:I20>E21:I21)),C21,"")))))} -> 1
C21: 2 | D21: =D13 -> LUKAS CECILIANO ESQUIVEL | E21: 5 | F21: 5
B22: 3 | C22: 2 | D22: =D13 -> LUKAS CECILIANO ESQUIVEL | E22: 7 | F22: 4 | J22: {=IF(AND(TRIM(E22)="WO",TRIM(E23)="WO"),"",IF(TRIM(E23)="WO",C22,IF(TRIM(E22)="WO",C23,IF(SUMPRODUCT(--(E22:I22>E23:I23))>SUMPRODUCT(--(E23:I23>E22:I22)),C22,IF(SUMPRODUCT(--(E23:I23>E22:I22))>SUMPRODUCT(--(E22:I22>E23:I23)),C23,"")))))} -> 3
C23: 3 | D23: =D14 -> JOSEPH ANGEL LOPEZ ARAUZ | E23: 11 | F23: 11
C32: Clasificados (# de carne) | F32: Revisión de Camisas y Raquetas
C33: Carnet | D33: Nombre | F33: Revisión de nombres y resultados
C34: 3836 | D34: =IF(ISBLANK(C34),"",VLOOKUP(C34,Inscripciones!$B$5:$F$200,2,FALSE)) -> LUCIANO QUIROS AVILA | F34: Árbitro
C35: 4115 | D35: =IF(ISBLANK(C35),"",VLOOKUP(C35,Inscripciones!$B$5:$F$200,2,FALSE)) -> JOSEPH ANGEL LOPEZ ARAUZ | F35: Marque si hay informe

Sheet Grupo 10
B2: #VALUE!
L5: En Caso de ocupar 3 de 5, mostrar columnas H - I En caso de 2 de 2, ocultarlas.
G7: Fecha: | J7: =TODAY() -> 46288
B9: Categoría | D9: =Inscripciones!B2 -> U19 MASCULINO | E9: Grupo nº | F9: 10 | G9: Mesa nº
B11: Orden | C11: Carné | D11: Jugadores | E11: Lugar | F11: Ranking | G11: Puntos
A12: =F9+0.1 -> 10.1 | B12: 1 | C12: =VLOOKUP(A12,Inscripciones!A5:G167,2,FALSE) -> 3671 | D12: =IF(ISBLANK(C12),"",VLOOKUP(C12,Inscripciones!$B$5:$F$200,2,FALSE)) -> NICOLAS OVARES CASTRO | E12: =IF(ISBLANK(C12),"",VLOOKUP(C12,Inscripciones!$B$5:$F$200,3,FALSE)) -> SANTA ANA | F12: =IF(ISBLANK(C12),"",VLOOKUP(C12,Inscripciones!$B$5:$F$200,4,FALSE)) -> 10 | G12: =IF(ISBLANK(C12),"",VLOOKUP(C12,Inscripciones!$B$5:$F$200,5,FALSE)) -> 575 | J12: =IF(ISBLANK(J11)," ",(E18+F18+G18+E20+F20+G20+H18+I18+H20+I20)/(E19+F19+G19+E21+F21+G21+H19+I19+H21+I21))
A13: =F9+0.2 -> 10.2 | B13: 2 | C13: =VLOOKUP(A13,Inscripciones!A5:G168,2,FALSE) -> 3449 | D13: =IF(ISBLANK(C13),"",VLOOKUP(C13,Inscripciones!$B$5:$F$200,2,FALSE)) -> REINEL ANTONIO VANEGAS LACAYO | E13: =IF(ISBLANK(C13),"",VLOOKUP(C13,Inscripciones!$B$5:$F$200,3,FALSE)) -> ALAJUELA | F13: =IF(ISBLANK(C13),"",VLOOKUP(C13,Inscripciones!$B$5:$F$200,4,FALSE)) -> 26 | G13: =IF(ISBLANK(C13),"",VLOOKUP(C13,Inscripciones!$B$5:$F$200,5,FALSE)) -> 505 | J13: =IF(ISBLANK(J11)," ",(E21+F21+G21+E22+F22+G22+H21+I21+H22+I22)/(E20+F20+G20+E23+F23+G23+H20+I20+H23+I23))
A14: =+F9+0.3 -> 10.3 | B14: 3 | C14: =VLOOKUP(A14,Inscripciones!A6:G169,2,FALSE) -> 4236 | D14: =IF(ISBLANK(C14),"",VLOOKUP(C14,Inscripciones!$B$7:$F$200,2,FALSE)) -> SANTIAGO BRENES HERRERA | E14: =IF(ISBLANK(C14),"",VLOOKUP(C14,Inscripciones!$B$7:$F$200,3,FALSE)) -> CURRIDABAT | F14: =IF(ISBLANK(C14),"",VLOOKUP(C14,Inscripciones!$B$7:$F$200,4,FALSE)) -> 58 | G14: =IF(ISBLANK(C14),"",VLOOKUP(C14,Inscripciones!$B$7:$F$200,5,FALSE)) -> 462 | J14: =IF(ISBLANK(J11)," ",(E19+F19+G19+E23+F23+G23+H19+I19+H23+I23)/(E18+F18+G18+E22+F22+G22+H18+I18+H22+I22))
B17: Partida | D17: JUGADOR | E17: 1º set | F17: 2º set | G17: 3º set | H17: 4º set | I17: 5º set | J17: Ganador
B18: 1 | C18: 1 | D18: =D12 -> NICOLAS OVARES CASTRO | E18: 11 | F18: 11 | J18: {=IF(AND(TRIM(E18)="WO",TRIM(E19)="WO"),"",IF(TRIM(E19)="WO",C18,IF(TRIM(E18)="WO",C19,IF(SUMPRODUCT(--(E18:I18>E19:I19))>SUMPRODUCT(--(E19:I19>E18:I18)),C18,IF(SUMPRODUCT(--(E19:I19>E18:I18))>SUMPRODUCT(--(E18:I18>E19:I19)),C19,"")))))} -> 1
C19: 3 | D19: =D14 -> SANTIAGO BRENES HERRERA | E19: 4 | F19: 9
B20: 2 | C20: 1 | D20: =D12 -> NICOLAS OVARES CASTRO | E20: 12 | F20: 9 | G20: 9 | J20: {=IF(AND(TRIM(E20)="WO",TRIM(E21)="WO"),"",IF(TRIM(E21)="WO",C20,IF(TRIM(E20)="WO",C21,IF(SUMPRODUCT(--(E20:I20>E21:I21))>SUMPRODUCT(--(E21:I21>E20:I20)),C20,IF(SUMPRODUCT(--(E21:I21>E20:I20))>SUMPRODUCT(--(E20:I20>E21:I21)),C21,"")))))} -> 2
C21: 2 | D21: =D13 -> REINEL ANTONIO VANEGAS LACAYO | E21: 10 | F21: 11 | G21: 11
B22: 3 | C22: 2 | D22: =D13 -> REINEL ANTONIO VANEGAS LACAYO | E22: 8 | F22: 11 | G22: 10 | J22: {=IF(AND(TRIM(E22)="WO",TRIM(E23)="WO"),"",IF(TRIM(E23)="WO",C22,IF(TRIM(E22)="WO",C23,IF(SUMPRODUCT(--(E22:I22>E23:I23))>SUMPRODUCT(--(E23:I23>E22:I22)),C22,IF(SUMPRODUCT(--(E23:I23>E22:I22))>SUMPRODUCT(--(E22:I22>E23:I23)),C23,"")))))} -> 3
C23: 3 | D23: =D14 -> SANTIAGO BRENES HERRERA | E23: 11 | F23: 6 | G23: 12
C32: Clasificados (# de carne) | F32: Revisión de Camisas y Raquetas
C33: Carnet | D33: Nombre | F33: Revisión de nombres y resultados
C34: 3671 | D34: =IF(ISBLANK(C34),"",VLOOKUP(C34,Inscripciones!$B$5:$F$200,2,FALSE)) -> NICOLAS OVARES CASTRO | F34: Árbitro
C35: 3449 | D35: =IF(ISBLANK(C35),"",VLOOKUP(C35,Inscripciones!$B$5:$F$200,2,FALSE)) -> REINEL ANTONIO VANEGAS LACAYO | F35: Marque si hay informe

Sheet Grupo 11
B2: #VALUE!
L5: En Caso de ocupar 3 de 5, mostrar columnas H - I En caso de 2 de 2, ocultarlas.
G7: Fecha: | J7: =TODAY() -> 46288
B9: Categoría | D9: =Inscripciones!B2 -> U19 MASCULINO | E9: Grupo nº | F9: 11 | G9: Mesa nº
B11: Orden | C11: Carné | D11: Jugadores | E11: Lugar | F11: Ranking | G11: Puntos
A12: =F9+0.1 -> 11.1 | B12: 1 | C12: =VLOOKUP(A12,Inscripciones!A5:G167,2,FALSE) -> 3499 | D12: =IF(ISBLANK(C12),"",VLOOKUP(C12,Inscripciones!$B$5:$F$200,2,FALSE)) -> ESTEBAN MURILLO CHAVES | E12: =IF(ISBLANK(C12),"",VLOOKUP(C12,Inscripciones!$B$5:$F$200,3,FALSE)) -> UCR-PÉREZ ZELEDÓN | F12: =IF(ISBLANK(C12),"",VLOOKUP(C12,Inscripciones!$B$5:$F$200,4,FALSE)) -> 11 | G12: =IF(ISBLANK(C12),"",VLOOKUP(C12,Inscripciones!$B$5:$F$200,5,FALSE)) -> 569 | J12: =IF(ISBLANK(J11)," ",(E18+F18+G18+E20+F20+G20+H18+I18+H20+I20)/(E19+F19+G19+E21+F21+G21+H19+I19+H21+I21))
A13: =F9+0.2 -> 11.2 | B13: 2 | C13: =VLOOKUP(A13,Inscripciones!A5:G168,2,FALSE) -> 2801 | D13: =IF(ISBLANK(C13),"",VLOOKUP(C13,Inscripciones!$B$5:$F$200,2,FALSE)) -> IAN VARGAS JIMENEZ | E13: =IF(ISBLANK(C13),"",VLOOKUP(C13,Inscripciones!$B$5:$F$200,3,FALSE)) -> CCDR SAN JOSÉ | F13: =IF(ISBLANK(C13),"",VLOOKUP(C13,Inscripciones!$B$5:$F$200,4,FALSE)) -> 25 | G13: =IF(ISBLANK(C13),"",VLOOKUP(C13,Inscripciones!$B$5:$F$200,5,FALSE)) -> 507 | J13: =IF(ISBLANK(J11)," ",(E21+F21+G21+E22+F22+G22+H21+I21+H22+I22)/(E20+F20+G20+E23+F23+G23+H20+I20+H23+I23))
A14: =+F9+0.3 -> 11.3 | B14: 3 | C14: =VLOOKUP(A14,Inscripciones!A6:G169,2,FALSE) -> 4833 | D14: =IF(ISBLANK(C14),"",VLOOKUP(C14,Inscripciones!$B$7:$F$200,2,FALSE)) -> JESÚS ADRIÁN VÁSQUEZ TURCIOS | E14: =IF(ISBLANK(C14),"",VLOOKUP(C14,Inscripciones!$B$7:$F$200,3,FALSE)) -> ASERRÍ | F14: =IF(ISBLANK(C14),"",VLOOKUP(C14,Inscripciones!$B$7:$F$200,4,FALSE)) -> 59 | G14: =IF(ISBLANK(C14),"",VLOOKUP(C14,Inscripciones!$B$7:$F$200,5,FALSE)) -> 462 | J14: =IF(ISBLANK(J11)," ",(E19+F19+G19+E23+F23+G23+H19+I19+H23+I23)/(E18+F18+G18+E22+F22+G22+H18+I18+H22+I22))
B17: Partida | D17: JUGADOR | E17: 1º set | F17: 2º set | G17: 3º set | H17: 4º set | I17: 5º set | J17: Ganador
B18: 1 | C18: 1 | D18: =D12 -> ESTEBAN MURILLO CHAVES | E18: 11 | F18: 11 | J18: {=IF(AND(TRIM(E18)="WO",TRIM(E19)="WO"),"",IF(TRIM(E19)="WO",C18,IF(TRIM(E18)="WO",C19,IF(SUMPRODUCT(--(E18:I18>E19:I19))>SUMPRODUCT(--(E19:I19>E18:I18)),C18,IF(SUMPRODUCT(--(E19:I19>E18:I18))>SUMPRODUCT(--(E18:I18>E19:I19)),C19,"")))))} -> 1
C19: 3 | D19: =D14 -> JESÚS ADRIÁN VÁSQUEZ TURCIOS | E19: 2 | F19: 1
B20: 2 | C20: 1 | D20: =D12 -> ESTEBAN MURILLO CHAVES | E20: 11 | F20: 11 | J20: {=IF(AND(TRIM(E20)="WO",TRIM(E21)="WO"),"",IF(TRIM(E21)="WO",C20,IF(TRIM(E20)="WO",C21,IF(SUMPRODUCT(--(E20:I20>E21:I21))>SUMPRODUCT(--(E21:I21>E20:I20)),C20,IF(SUMPRODUCT(--(E21:I21>E20:I20))>SUMPRODUCT(--(E20:I20>E21:I21)),C21,"")))))} -> 1
C21: 2 | D21: =D13 -> IAN VARGAS JIMENEZ | E21: 3 | F21: 9
B22: 3 | C22: 2 | D22: =D13 -> IAN VARGAS JIMENEZ | E22: 11 | F22: 11 | J22: {=IF(AND(TRIM(E22)="WO",TRIM(E23)="WO"),"",IF(TRIM(E23)="WO",C22,IF(TRIM(E22)="WO",C23,IF(SUMPRODUCT(--(E22:I22>E23:I23))>SUMPRODUCT(--(E23:I23>E22:I22)),C22,IF(SUMPRODUCT(--(E23:I23>E22:I22))>SUMPRODUCT(--(E22:I22>E23:I23)),C23,"")))))} -> 2
C23: 3 | D23: =D14 -> JESÚS ADRIÁN VÁSQUEZ TURCIOS | E23: 3 | F23: 7
C32: Clasificados (# de carne) | F32: Revisión de Camisas y Raquetas
C33: Carnet | D33: Nombre | F33: Revisión de nombres y resultados
C34: 3499 | D34: =IF(ISBLANK(C34),"",VLOOKUP(C34,Inscripciones!$B$5:$F$200,2,FALSE)) -> ESTEBAN MURILLO CHAVES | F34: Árbitro
C35: 2801 | D35: =IF(ISBLANK(C35),"",VLOOKUP(C35,Inscripciones!$B$5:$F$200,2,FALSE)) -> IAN VARGAS JIMENEZ | F35: Marque si hay informe

Sheet Grupo 12
B2: #VALUE!
L5: En Caso de ocupar 3 de 5, mostrar columnas H - I En caso de 2 de 2, ocultarlas.
G7: Fecha: | J7: =TODAY() -> 46288
B9: Categoría | D9: =Inscripciones!B2 -> U19 MASCULINO | E9: Grupo nº | F9: 12 | G9: Mesa nº
B11: Orden | C11: Carné | D11: Jugadores | E11: Lugar | F11: Ranking | G11: Puntos
A12: =F9+0.1 -> 12.1 | B12: 1 | C12: =VLOOKUP(A12,Inscripciones!A5:G167,2,FALSE) -> 3696 | D12: =IF(ISBLANK(C12),"",VLOOKUP(C12,Inscripciones!$B$5:$F$200,2,FALSE)) -> NICOLAS CECILIANO ESQUIVEL | E12: =IF(ISBLANK(C12),"",VLOOKUP(C12,Inscripciones!$B$5:$F$200,3,FALSE)) -> PÉREZ ZELEDÓN | F12: =IF(ISBLANK(C12),"",VLOOKUP(C12,Inscripciones!$B$5:$F$200,4,FALSE)) -> 12 | G12: =IF(ISBLANK(C12),"",VLOOKUP(C12,Inscripciones!$B$5:$F$200,5,FALSE)) -> 565 | J12: =IF(ISBLANK(J11)," ",(E18+F18+G18+E20+F20+G20+H18+I18+H20+I20)/(E19+F19+G19+E21+F21+G21+H19+I19+H21+I21))
A13: =F9+0.2 -> 12.2 | B13: 2 | C13: =VLOOKUP(A13,Inscripciones!A5:G168,2,FALSE) -> 3468 | D13: =IF(ISBLANK(C13),"",VLOOKUP(C13,Inscripciones!$B$5:$F$200,2,FALSE)) -> DANIEL DAVID ALPIZAR VILLALOBOS | E13: =IF(ISBLANK(C13),"",VLOOKUP(C13,Inscripciones!$B$5:$F$200,3,FALSE)) -> ASERRÍ | F13: =IF(ISBLANK(C13),"",VLOOKUP(C13,Inscripciones!$B$5:$F$200,4,FALSE)) -> 24 | G13: =IF(ISBLANK(C13),"",VLOOKUP(C13,Inscripciones!$B$5:$F$200,5,FALSE)) -> 508 | J13: =IF(ISBLANK(J11)," ",(E21+F21+G21+E22+F22+G22+H21+I21+H22+I22)/(E20+F20+G20+E23+F23+G23+H20+I20+H23+I23))
A14: =+F9+0.3 -> 12.3 | B14: 3 | C14: =VLOOKUP(A14,Inscripciones!A6:G169,2,FALSE) -> 4790 | D14: =IF(ISBLANK(C14),"",VLOOKUP(C14,Inscripciones!$B$7:$F$200,2,FALSE)) -> JOSEMARIO ARREDONDO CORDERO | E14: =IF(ISBLANK(C14),"",VLOOKUP(C14,Inscripciones!$B$7:$F$200,3,FALSE)) -> CCDR SAN JOSÉ | F14: =IF(ISBLANK(C14),"",VLOOKUP(C14,Inscripciones!$B$7:$F$200,4,FALSE)) -> 62 | G14: =IF(ISBLANK(C14),"",VLOOKUP(C14,Inscripciones!$B$7:$F$200,5,FALSE)) -> 461 | J14: =IF(ISBLANK(J11)," ",(E19+F19+G19+E23+F23+G23+H19+I19+H23+I23)/(E18+F18+G18+E22+F22+G22+H18+I18+H22+I22))
B17: Partida | D17: JUGADOR | E17: 1º set | F17: 2º set | G17: 3º set | H17: 4º set | I17: 5º set | J17: Ganador
B18: 1 | C18: 1 | D18: =D12 -> NICOLAS CECILIANO ESQUIVEL | E18: 11 | F18: 11 | J18: {=IF(AND(TRIM(E18)="WO",TRIM(E19)="WO"),"",IF(TRIM(E19)="WO",C18,IF(TRIM(E18)="WO",C19,IF(SUMPRODUCT(--(E18:I18>E19:I19))>SUMPRODUCT(--(E19:I19>E18:I18)),C18,IF(SUMPRODUCT(--(E19:I19>E18:I18))>SUMPRODUCT(--(E18:I18>E19:I19)),C19,"")))))} -> 1
C19: 3 | D19: =D14 -> JOSEMARIO ARREDONDO CORDERO | E19: 4 | F19: 4
B20: 2 | C20: 1 | D20: =D12 -> NICOLAS CECILIANO ESQUIVEL | E20: 9 | F20: 11 | G20: 4 | J20: {=IF(AND(TRIM(E20)="WO",TRIM(E21)="WO"),"",IF(TRIM(E21)="WO",C20,IF(TRIM(E20)="WO",C21,IF(SUMPRODUCT(--(E20:I20>E21:I21))>SUMPRODUCT(--(E21:I21>E20:I20)),C20,IF(SUMPRODUCT(--(E21:I21>E20:I20))>SUMPRODUCT(--(E20:I20>E21:I21)),C21,"")))))} -> 2
C21: 2 | D21: =D13 -> DANIEL DAVID ALPIZAR VILLALOBOS | E21: 11 | F21: 5 | G21: 11
B22: 3 | C22: 2 | D22: =D13 -> DANIEL DAVID ALPIZAR VILLALOBOS | E22: 11 | F22: 11 | J22: {=IF(AND(TRIM(E22)="WO",TRIM(E23)="WO"),"",IF(TRIM(E23)="WO",C22,IF(TRIM(E22)="WO",C23,IF(SUMPRODUCT(--(E22:I22>E23:I23))>SUMPRODUCT(--(E23:I23>E22:I22)),C22,IF(SUMPRODUCT(--(E23:I23>E22:I22))>SUMPRODUCT(--(E22:I22>E23:I23)),C23,"")))))} -> 2
C23: 3 | D23: =D14 -> JOSEMARIO ARREDONDO CORDERO | E23: 6 | F23: 8
C32: Clasificados (# de carne) | F32: Revisión de Camisas y Raquetas
C33: Carnet | D33: Nombre | F33: Revisión de nombres y resultados
C34: 3468 | D34: =IF(ISBLANK(C34),"",VLOOKUP(C34,Inscripciones!$B$5:$F$200,2,FALSE)) -> DANIEL DAVID ALPIZAR VILLALOBOS | F34: Árbitro
C35: 3696 | D35: =IF(ISBLANK(C35),"",VLOOKUP(C35,Inscripciones!$B$5:$F$200,2,FALSE)) -> NICOLAS CECILIANO ESQUIVEL | F35: Marque si hay informe

Sheet Grupo 13
B2: #VALUE!
L5: En Caso de ocupar 3 de 5, mostrar columnas H - I En caso de 2 de 2, ocultarlas.
G7: Fecha: | J7: =TODAY() -> 46288
B9: Categoría | D9: =Inscripciones!B2 -> U19 MASCULINO | E9: Grupo nº | F9: 13 | G9: Mesa nº
B11: Orden | C11: Carné | D11: Jugadores | E11: Lugar | F11: Ranking | G11: Puntos
A12: =F9+0.1 -> 13.1 | B12: 1 | C12: =VLOOKUP(A12,Inscripciones!A5:G167,2,FALSE) -> 3309 | D12: =IF(ISBLANK(C12),"",VLOOKUP(C12,Inscripciones!$B$5:$F$200,2,FALSE)) -> SEBASTIAN MASIS MURILLO | E12: =IF(ISBLANK(C12),"",VLOOKUP(C12,Inscripciones!$B$5:$F$200,3,FALSE)) -> GUARCO | F12: =IF(ISBLANK(C12),"",VLOOKUP(C12,Inscripciones!$B$5:$F$200,4,FALSE)) -> 13 | G12: =IF(ISBLANK(C12),"",VLOOKUP(C12,Inscripciones!$B$5:$F$200,5,FALSE)) -> 558 | J12: =IF(ISBLANK(J11)," ",(E18+F18+G18+E20+F20+G20+H18+I18+H20+I20)/(E19+F19+G19+E21+F21+G21+H19+I19+H21+I21))
A13: =F9+0.2 -> 13.2 | B13: 2 | C13: =VLOOKUP(A13,Inscripciones!A5:G168,2,FALSE) -> 3458 | D13: =IF(ISBLANK(C13),"",VLOOKUP(C13,Inscripciones!$B$5:$F$200,2,FALSE)) -> SANTIAGO ALVAREZ LONGHI | E13: =IF(ISBLANK(C13),"",VLOOKUP(C13,Inscripciones!$B$5:$F$200,3,FALSE)) -> SANTO DOMINGO | F13: =IF(ISBLANK(C13),"",VLOOKUP(C13,Inscripciones!$B$5:$F$200,4,FALSE)) -> 20 | G13: =IF(ISBLANK(C13),"",VLOOKUP(C13,Inscripciones!$B$5:$F$200,5,FALSE)) -> 531 | J13: =IF(ISBLANK(J11)," ",(E21+F21+G21+E22+F22+G22+H21+I21+H22+I22)/(E20+F20+G20+E23+F23+G23+H20+I20+H23+I23))
A14: =+F9+0.3 -> 13.3 | B14: 3 | C14: =VLOOKUP(A14,Inscripciones!A6:G169,2,FALSE) -> 4327 | D14: =IF(ISBLANK(C14),"",VLOOKUP(C14,Inscripciones!$B$7:$F$200,2,FALSE)) -> SANTIAGO HERNANDEZ CHAVEZ | E14: =IF(ISBLANK(C14),"",VLOOKUP(C14,Inscripciones!$B$7:$F$200,3,FALSE)) -> ASERRÍ | F14: =IF(ISBLANK(C14),"",VLOOKUP(C14,Inscripciones!$B$7:$F$200,4,FALSE)) -> 61 | G14: =IF(ISBLANK(C14),"",VLOOKUP(C14,Inscripciones!$B$7:$F$200,5,FALSE)) -> 461 | J14: =IF(ISBLANK(J11)," ",(E19+F19+G19+E23+F23+G23+H19+I19+H23+I23)/(E18+F18+G18+E22+F22+G22+H18+I18+H22+I22))
B17: Partida | D17: JUGADOR | E17: 1º set | F17: 2º set | G17: 3º set | H17: 4º set | I17: 5º set | J17: Ganador
B18: 1 | C18: 1 | D18: =D12 -> SEBASTIAN MASIS MURILLO | E18: 11 | F18: 11 | J18: {=IF(AND(TRIM(E18)="WO",TRIM(E19)="WO"),"",IF(TRIM(E19)="WO",C18,IF(TRIM(E18)="WO",C19,IF(SUMPRODUCT(--(E18:I18>E19:I19))>SUMPRODUCT(--(E19:I19>E18:I18)),C18,IF(SUMPRODUCT(--(E19:I19>E18:I18))>SUMPRODUCT(--(E18:I18>E19:I19)),C19,"")))))} -> 1
C19: 3 | D19: =D14 -> SANTIAGO HERNANDEZ CHAVEZ | E19: 3 | F19: 2
B20: 2 | C20: 1 | D20: =D12 -> SEBASTIAN MASIS MURILLO | E20: 7 | F20: 6 | J20: {=IF(AND(TRIM(E20)="WO",TRIM(E21)="WO"),"",IF(TRIM(E21)="WO",C20,IF(TRIM(E20)="WO",C21,IF(SUMPRODUCT(--(E20:I20>E21:I21))>SUMPRODUCT(--(E21:I21>E20:I20)),C20,IF(SUMPRODUCT(--(E21:I21>E20:I20))>SUMPRODUCT(--(E20:I20>E21:I21)),C21,"")))))} -> 2
C21: 2 | D21: =D13 -> SANTIAGO ALVAREZ LONGHI | E21: 11 | F21: 11
B22: 3 | C22: 2 | D22: =D13 -> SANTIAGO ALVAREZ LONGHI | E22: 11 | F22: 11 | J22: {=IF(AND(TRIM(E22)="WO",TRIM(E23)="WO"),"",IF(TRIM(E23)="WO",C22,IF(TRIM(E22)="WO",C23,IF(SUMPRODUCT(--(E22:I22>E23:I23))>SUMPRODUCT(--(E23:I23>E22:I22)),C22,IF(SUMPRODUCT(--(E23:I23>E22:I22))>SUMPRODUCT(--(E22:I22>E23:I23)),C23,"")))))} -> 2
C23: 3 | D23: =D14 -> SANTIAGO HERNANDEZ CHAVEZ | E23: 1 | F23: 5
C32: Clasificados (# de carne) | F32: Revisión de Camisas y Raquetas
C33: Carnet | D33: Nombre | F33: Revisión de nombres y resultados
C34: 3458 | D34: =IF(ISBLANK(C34),"",VLOOKUP(C34,Inscripciones!$B$5:$F$200,2,FALSE)) -> SANTIAGO ALVAREZ LONGHI | F34: Árbitro
C35: 3309 | D35: =IF(ISBLANK(C35),"",VLOOKUP(C35,Inscripciones!$B$5:$F$200,2,FALSE)) -> SEBASTIAN MASIS MURILLO | F35: Marque si hay informe

Sheet Grupo 14
B2: #VALUE!
L5: En Caso de ocupar 3 de 5, mostrar columnas H - I En caso de 2 de 2, ocultarlas.
G7: Fecha: | J7: =TODAY() -> 46288
B9: Categoría | D9: =Inscripciones!B2 -> U19 MASCULINO | E9: Grupo nº | F9: 14 | G9: Mesa nº
B11: Orden | C11: Carné | D11: Jugadores | E11: Lugar | F11: Ranking | G11: Puntos
A12: =F9+0.1 -> 14.1 | B12: 1 | C12: =VLOOKUP(A12,Inscripciones!A5:G167,2,FALSE) -> 4363 | D12: =IF(ISBLANK(C12),"",VLOOKUP(C12,Inscripciones!$B$5:$F$200,2,FALSE)) -> CESAR DAM BLANCO | E12: =IF(ISBLANK(C12),"",VLOOKUP(C12,Inscripciones!$B$5:$F$200,3,FALSE)) -> CCDR ALAJUELA | F12: =IF(ISBLANK(C12),"",VLOOKUP(C12,Inscripciones!$B$5:$F$200,4,FALSE)) -> 14 | G12: =IF(ISBLANK(C12),"",VLOOKUP(C12,Inscripciones!$B$5:$F$200,5,FALSE)) -> 549 | J12: =IF(ISBLANK(J11)," ",(E18+F18+G18+E20+F20+G20+H18+I18+H20+I20)/(E19+F19+G19+E21+F21+G21+H19+I19+H21+I21))
A13: =F9+0.2 -> 14.2 | B13: 2 | C13: =VLOOKUP(A13,Inscripciones!A5:G168,2,FALSE) -> 4056 | D13: =IF(ISBLANK(C13),"",VLOOKUP(C13,Inscripciones!$B$5:$F$200,2,FALSE)) -> JOSEF ARIAS BRAVO | E13: =IF(ISBLANK(C13),"",VLOOKUP(C13,Inscripciones!$B$5:$F$200,3,FALSE)) -> ESPARZA | F13: =IF(ISBLANK(C13),"",VLOOKUP(C13,Inscripciones!$B$5:$F$200,4,FALSE)) -> 19 | G13: =IF(ISBLANK(C13),"",VLOOKUP(C13,Inscripciones!$B$5:$F$200,5,FALSE)) -> 536 | J13: =IF(ISBLANK(J11)," ",(E21+F21+G21+E22+F22+G22+H21+I21+H22+I22)/(E20+F20+G20+E23+F23+G23+H20+I20+H23+I23))
A14: =+F9+0.3 -> 14.3 | B14: 3 | C14: =VLOOKUP(A14,Inscripciones!A6:G169,2,FALSE) -> 4851 | D14: =IF(ISBLANK(C14),"",VLOOKUP(C14,Inscripciones!$B$7:$F$200,2,FALSE)) -> DAVID GABRIEL NORORI VINDAS | E14: =IF(ISBLANK(C14),"",VLOOKUP(C14,Inscripciones!$B$7:$F$200,3,FALSE)) -> MONTES DE OCA | F14: =IF(ISBLANK(C14),"",VLOOKUP(C14,Inscripciones!$B$7:$F$200,4,FALSE)) -> 64 | G14: =IF(ISBLANK(C14),"",VLOOKUP(C14,Inscripciones!$B$7:$F$200,5,FALSE)) -> 460 | J14: =IF(ISBLANK(J11)," ",(E19+F19+G19+E23+F23+G23+H19+I19+H23+I23)/(E18+F18+G18+E22+F22+G22+H18+I18+H22+I22))
B17: Partida | D17: JUGADOR | E17: 1º set | F17: 2º set | G17: 3º set | H17: 4º set | I17: 5º set | J17: Ganador
B18: 1 | C18: 1 | D18: =D12 -> CESAR DAM BLANCO | E18: 11 | F18: 11 | J18: {=IF(AND(TRIM(E18)="WO",TRIM(E19)="WO"),"",IF(TRIM(E19)="WO",C18,IF(TRIM(E18)="WO",C19,IF(SUMPRODUCT(--(E18:I18>E19:I19))>SUMPRODUCT(--(E19:I19>E18:I18)),C18,IF(SUMPRODUCT(--(E19:I19>E18:I18))>SUMPRODUCT(--(E18:I18>E19:I19)),C19,"")))))} -> 1
C19: 3 | D19: =D14 -> DAVID GABRIEL NORORI VINDAS | E19: 4 | F19: 6
B20: 2 | C20: 1 | D20: =D12 -> CESAR DAM BLANCO | E20: 11 | F20: 11 | J20: {=IF(AND(TRIM(E20)="WO",TRIM(E21)="WO"),"",IF(TRIM(E21)="WO",C20,IF(TRIM(E20)="WO",C21,IF(SUMPRODUCT(--(E20:I20>E21:I21))>SUMPRODUCT(--(E21:I21>E20:I20)),C20,IF(SUMPRODUCT(--(E21:I21>E20:I20))>SUMPRODUCT(--(E20:I20>E21:I21)),C21,"")))))} -> 1
C21: 2 | D21: =D13 -> JOSEF ARIAS BRAVO | E21: 6 | F21: 6
B22: 3 | C22: 2 | D22: =D13 -> JOSEF ARIAS BRAVO | E22: 11 | F22: 11 | J22: {=IF(AND(TRIM(E22)="WO",TRIM(E23)="WO"),"",IF(TRIM(E23)="WO",C22,IF(TRIM(E22)="WO",C23,IF(SUMPRODUCT(--(E22:I22>E23:I23))>SUMPRODUCT(--(E23:I23>E22:I22)),C22,IF(SUMPRODUCT(--(E23:I23>E22:I22))>SUMPRODUCT(--(E22:I22>E23:I23)),C23,"")))))} -> 2
C23: 3 | D23: =D14 -> DAVID GABRIEL NORORI VINDAS | E23: 9 | F23: 9
C32: Clasificados (# de carne) | F32: Revisión de Camisas y Raquetas
C33: Carnet | D33: Nombre | F33: Revisión de nombres y resultados
C34: 4363 | D34: =IF(ISBLANK(C34),"",VLOOKUP(C34,Inscripciones!$B$5:$F$200,2,FALSE)) -> CESAR DAM BLANCO | F34: Árbitro
C35: 4056 | D35: =IF(ISBLANK(C35),"",VLOOKUP(C35,Inscripciones!$B$5:$F$200,2,FALSE)) -> JOSEF ARIAS BRAVO | F35: Marque si hay informe

Sheet Grupo 15
B2: #VALUE!
L5: En Caso de ocupar 3 de 5, mostrar columnas H - I En caso de 2 de 2, ocultarlas. | O5: Todo | P5: Imprimir
O6: Par | P6: Todo
G7: Fecha: | J7: =TODAY() -> 46288 | O7: Impar
B9: Categoría: | D9: =Inscripciones!B2 -> U19 MASCULINO | E9: Grupo nº | F9: 15 | G9: Mesa nº
B11: Orden | C11: Carné | D11: Jugadores | E11: Lugar | F11: Ranking | G11: Puntos
A12: =$F$9+0.1 -> 15.1 | B12: 1 | C12: =VLOOKUP(A12,Inscripciones!$A$5:$G$167,2,FALSE) -> 3719 | D12: =IF(ISBLANK(C12),"",VLOOKUP(C12,Inscripciones!$B$7:$F$200,2,FALSE)) -> MARCELO MASIS RODRÍGUEZ | E12: =IF(ISBLANK(C12),"",VLOOKUP(C12,Inscripciones!$B$7:$F$200,3,FALSE)) -> SANTA ANA | F12: =IF(ISBLANK(C12),"",VLOOKUP(C12,Inscripciones!$B$7:$F$200,4,FALSE)) -> 15 | G12: =IF(ISBLANK(C12),"",VLOOKUP(C12,Inscripciones!$B$7:$F$200,5,FALSE)) -> 543
A13: =$F$9+0.2 -> 15.2 | B13: 2 | C13: =VLOOKUP(A13,Inscripciones!$A$5:$G$167,2,FALSE) -> 2368 | D13: =IF(ISBLANK(C13),"",VLOOKUP(C13,Inscripciones!$B$7:$F$200,2,FALSE)) -> EMANUEL RIVERA TORRES | E13: =IF(ISBLANK(C13),"",VLOOKUP(C13,Inscripciones!$B$7:$F$200,3,FALSE)) -> ASERRÍ | F13: =IF(ISBLANK(C13),"",VLOOKUP(C13,Inscripciones!$B$7:$F$200,4,FALSE)) -> 18 | G13: =IF(ISBLANK(C13),"",VLOOKUP(C13,Inscripciones!$B$7:$F$200,5,FALSE)) -> 540
A14: =$F$9+0.3 -> 15.3 | B14: 3 | C14: =VLOOKUP(A14,Inscripciones!$A$5:$G$167,2,FALSE) -> 4541 | D14: =IF(ISBLANK(C14),"",VLOOKUP(C14,Inscripciones!$B$7:$F$200,2,FALSE)) -> SANTIAGO FAIT BARRIOS | E14: =IF(ISBLANK(C14),"",VLOOKUP(C14,Inscripciones!$B$7:$F$200,3,FALSE)) -> ESPARZA | F14: =IF(ISBLANK(C14),"",VLOOKUP(C14,Inscripciones!$B$7:$F$200,4,FALSE)) -> 74 | G14: =IF(ISBLANK(C14),"",VLOOKUP(C14,Inscripciones!$B$7:$F$200,5,FALSE)) -> 440
A15: =$F$9+0.4 -> 15.4 | B15: 4 | C15: =VLOOKUP(A15,Inscripciones!$A$5:$G$167,2,FALSE) -> 3792 | D15: =IF(ISBLANK(C15),"",VLOOKUP(C15,Inscripciones!$B$7:$F$200,2,FALSE)) -> NICOLAS ESPINOZA ALFARO | E15: =IF(ISBLANK(C15),"",VLOOKUP(C15,Inscripciones!$B$7:$F$200,3,FALSE)) -> SAN CARLOS | F15: =IF(ISBLANK(C15),"",VLOOKUP(C15,Inscripciones!$B$7:$F$200,4,FALSE)) -> 76 | G15: =IF(ISBLANK(C15),"",VLOOKUP(C15,Inscripciones!$B$7:$F$200,5,FALSE)) -> 440
B17: Partida | C17: Nº | D17: JUGADOR | E17: 1º set | F17: 2º set | G17: 3º set | H17: 4º set | I17: 5º set | J17: Ganador
B18: 1 | C18: 1 | D18: =D12 -> MARCELO MASIS RODRÍGUEZ | E18: 11 | F18: 11 | J18: {=IF(AND(TRIM(E18)="WO",TRIM(E19)="WO"),"",IF(TRIM(E19)="WO",C18,IF(TRIM(E18)="WO",C19,IF(SUMPRODUCT(--(E18:I18>E19:I19))>SUMPRODUCT(--(E19:I19>E18:I18)),C18,IF(SUMPRODUCT(--(E19:I19>E18:I18))>SUMPRODUCT(--(E18:I18>E19:I19)),C19,"")))))} -> 1
C19: 3 | D19: =D14 -> SANTIAGO FAIT BARRIOS | E19: 8 | F19: 6
B20: 2 | C20: 4 | D20: =D15 -> NICOLAS ESPINOZA ALFARO | E20: 9 | F20: 11 | J20: {=IF(AND(TRIM(E20)="WO",TRIM(E21)="WO"),"",IF(TRIM(E21)="WO",C20,IF(TRIM(E20)="WO",C21,IF(SUMPRODUCT(--(E20:I20>E21:I21))>SUMPRODUCT(--(E21:I21>E20:I20)),C20,IF(SUMPRODUCT(--(E21:I21>E20:I20))>SUMPRODUCT(--(E20:I20>E21:I21)),C21,"")))))} -> 2
C21: 2 | D21: =D13 -> EMANUEL RIVERA TORRES | E21: 11 | F21: 11
B22: 3 | C22: 1 | D22: =D12 -> MARCELO MASIS RODRÍGUEZ | E22: 11 | F22: 6 | J22: {=IF(AND(TRIM(E22)="WO",TRIM(E23)="WO"),"",IF(TRIM(E23)="WO",C22,IF(TRIM(E22)="WO",C23,IF(SUMPRODUCT(--(E22:I22>E23:I23))>SUMPRODUCT(--(E23:I23>E22:I22)),C22,IF(SUMPRODUCT(--(E23:I23>E22:I22))>SUMPRODUCT(--(E22:I22>E23:I23)),C23,"")))))} -> 2
C23: 2 | D23: =D13 -> EMANUEL RIVERA TORRES | E23: 13 | F23: 11
B24: 4 | C24: 3 | D24: =D19 -> SANTIAGO FAIT BARRIOS | E24: 4 | F24: 9 | J24: {=IF(AND(TRIM(E24)="WO",TRIM(E25)="WO"),"",IF(TRIM(E25)="WO",C24,IF(TRIM(E24)="WO",C25,IF(SUMPRODUCT(--(E24:I24>E25:I25))>SUMPRODUCT(--(E25:I25>E24:I24)),C24,IF(SUMPRODUCT(--(E25:I25>E24:I24))>SUMPRODUCT(--(E24:I24>E25:I25)),C25,"")))))} -> 4
C25: 4 | D25: =D20 -> NICOLAS ESPINOZA ALFARO | E25: 11 | F25: 11
B26: 5 | C26: 1 | D26: =D12 -> MARCELO MASIS RODRÍGUEZ | E26: 11 | F26: 11 | J26: {=IF(AND(TRIM(E26)="WO",TRIM(E27)="WO"),"",IF(TRIM(E27)="WO",C26,IF(TRIM(E26)="WO",C27,IF(SUMPRODUCT(--(E26:I26>E27:I27))>SUMPRODUCT(--(E27:I27>E26:I26)),C26,IF(SUMPRODUCT(--(E27:I27>E26:I26))>SUMPRODUCT(--(E26:I26>E27:I27)),C27,"")))))} -> 1
C27: 4 | D27: =D15 -> NICOLAS ESPINOZA ALFARO | E27: 8 | F27: 7
B28: 6 | C28: 2 | D28: =D13 -> EMANUEL RIVERA TORRES | E28: 11 | F28: 11 | J28: {=IF(AND(TRIM(E28)="WO",TRIM(E29)="WO"),"",IF(TRIM(E29)="WO",C28,IF(TRIM(E28)="WO",C29,IF(SUMPRODUCT(--(E28:I28>E29:I29))>SUMPRODUCT(--(E29:I29>E28:I28)),C28,IF(SUMPRODUCT(--(E29:I29>E28:I28))>SUMPRODUCT(--(E28:I28>E29:I29)),C29,"")))))} -> 2
C29: 3 | D29: =D24 -> SANTIAGO FAIT BARRIOS | E29: 4 | F29: 5
C32: Clasificados (# de carne) | F32: Revisión de Camisas y Raquetas
C33: Carnet | D33: Nombre | F33: Revisión de nombres y resultados
C34: 2368 | D34: =IF(ISBLANK(C34),"",VLOOKUP(C34,Inscripciones!$B$5:$F$200,2,FALSE)) -> EMANUEL RIVERA TORRES | F34: Árbitro
C35: 3719 | D35: =IF(ISBLANK(C35),"",VLOOKUP(C35,Inscripciones!$B$5:$F$200,2,FALSE)) -> MARCELO MASIS RODRÍGUEZ | F35: Marque si hay informe

Sheet Grupo 16
B2: #VALUE!
L5: En Caso de ocupar 3 de 5, mostrar columnas H - I En caso de 2 de 2, ocultarlas. | O5: Todo | P5: Imprimir
O6: Par | P6: Todo
G7: Fecha: | J7: =TODAY() -> 46288 | O7: Impar
B9: Categoría: | D9: =Inscripciones!B2 -> U19 MASCULINO | E9: Grupo nº | F9: 16 | G9: Mesa nº
B11: Orden | C11: Carné | D11: Jugadores | E11: Lugar | F11: Ranking | G11: Puntos
A12: =$F$9+0.1 -> 16.1 | B12: 1 | C12: =VLOOKUP(A12,Inscripciones!$A$5:$G$167,2,FALSE) -> 3160 | D12: =IF(ISBLANK(C12),"",VLOOKUP(C12,Inscripciones!$B$7:$F$200,2,FALSE)) -> SEBASTIAN MORA FUENTES | E12: =IF(ISBLANK(C12),"",VLOOKUP(C12,Inscripciones!$B$7:$F$200,3,FALSE)) -> SANTA ANA | F12: =IF(ISBLANK(C12),"",VLOOKUP(C12,Inscripciones!$B$7:$F$200,4,FALSE)) -> 16 | G12: =IF(ISBLANK(C12),"",VLOOKUP(C12,Inscripciones!$B$7:$F$200,5,FALSE)) -> 543
A13: =$F$9+0.2 -> 16.2 | B13: 2 | C13: =VLOOKUP(A13,Inscripciones!$A$5:$G$167,2,FALSE) -> 3747 | D13: =IF(ISBLANK(C13),"",VLOOKUP(C13,Inscripciones!$B$7:$F$200,2,FALSE)) -> LUIS ALONSO VILLALOBOS CAMPOS | E13: =IF(ISBLANK(C13),"",VLOOKUP(C13,Inscripciones!$B$7:$F$200,3,FALSE)) -> ESPARZA | F13: =IF(ISBLANK(C13),"",VLOOKUP(C13,Inscripciones!$B$7:$F$200,4,FALSE)) -> 17 | G13: =IF(ISBLANK(C13),"",VLOOKUP(C13,Inscripciones!$B$7:$F$200,5,FALSE)) -> 542
A14: =$F$9+0.3 -> 16.3 | B14: 3 | C14: =VLOOKUP(A14,Inscripciones!$A$5:$G$167,2,FALSE) -> 4300 | D14: =IF(ISBLANK(C14),"",VLOOKUP(C14,Inscripciones!$B$7:$F$200,2,FALSE)) -> DERECK JAIR BOLAÑOS GUTIÉRREZ | E14: =IF(ISBLANK(C14),"",VLOOKUP(C14,Inscripciones!$B$7:$F$200,3,FALSE)) -> CCDR SANTA CRUZ | F14: =IF(ISBLANK(C14),"",VLOOKUP(C14,Inscripciones!$B$7:$F$200,4,FALSE)) -> 72 | G14: =IF(ISBLANK(C14),"",VLOOKUP(C14,Inscripciones!$B$7:$F$200,5,FALSE)) -> 447
A15: =$F$9+0.4 -> 16.4 | B15: 4 | C15: =VLOOKUP(A15,Inscripciones!$A$5:$G$167,2,FALSE) -> 4287 | D15: =IF(ISBLANK(C15),"",VLOOKUP(C15,Inscripciones!$B$7:$F$200,2,FALSE)) -> MATÍAS RAMÍREZ MARÍN | E15: =IF(ISBLANK(C15),"",VLOOKUP(C15,Inscripciones!$B$7:$F$200,3,FALSE)) -> ESCAZÚ | F15: =IF(ISBLANK(C15),"",VLOOKUP(C15,Inscripciones!$B$7:$F$200,4,FALSE)) -> 75 | G15: =IF(ISBLANK(C15),"",VLOOKUP(C15,Inscripciones!$B$7:$F$200,5,FALSE)) -> 440
B17: Partida | C17: Nº | D17: JUGADOR | E17: 1º set | F17: 2º set | G17: 3º set | H17: 4º set | I17: 5º set | J17: Ganador
B18: 1 | C18: 1 | D18: =D12 -> SEBASTIAN MORA FUENTES | E18: 2 | F18: 2 | J18: {=IF(AND(TRIM(E18)="WO",TRIM(E19)="WO"),"",IF(TRIM(E19)="WO",C18,IF(TRIM(E18)="WO",C19,IF(SUMPRODUCT(--(E18:I18>E19:I19))>SUMPRODUCT(--(E19:I19>E18:I18)),C18,IF(SUMPRODUCT(--(E19:I19>E18:I18))>SUMPRODUCT(--(E18:I18>E19:I19)),C19,"")))))} -> 3
C19: 3 | D19: =D14 -> DERECK JAIR BOLAÑOS GUTIÉRREZ | E19: 11 | F19: 11
B20: 2 | C20: 4 | D20: =D15 -> MATÍAS RAMÍREZ MARÍN | E20: 15 | F20: 9 | J20: {=IF(AND(TRIM(E20)="WO",TRIM(E21)="WO"),"",IF(TRIM(E21)="WO",C20,IF(TRIM(E20)="WO",C21,IF(SUMPRODUCT(--(E20:I20>E21:I21))>SUMPRODUCT(--(E21:I21>E20:I20)),C20,IF(SUMPRODUCT(--(E21:I21>E20:I20))>SUMPRODUCT(--(E20:I20>E21:I21)),C21,"")))))} -> 2
C21: 2 | D21: =D13 -> LUIS ALONSO VILLALOBOS CAMPOS | E21: 17 | F21: 11
B22: 3 | C22: 1 | D22: =D12 -> SEBASTIAN MORA FUENTES | E22: 7 | F22: 4 | J22: {=IF(AND(TRIM(E22)="WO",TRIM(E23)="WO"),"",IF(TRIM(E23)="WO",C22,IF(TRIM(E22)="WO",C23,IF(SUMPRODUCT(--(E22:I22>E23:I23))>SUMPRODUCT(--(E23:I23>E22:I22)),C22,IF(SUMPRODUCT(--(E23:I23>E22:I22))>SUMPRODUCT(--(E22:I22>E23:I23)),C23,"")))))} -> 2
C23: 2 | D23: =D13 -> LUIS ALONSO VILLALOBOS CAMPOS | E23: 11 | F23: 11
B24: 4 | C24: 3 | D24: =D19 -> DERECK JAIR BOLAÑOS GUTIÉRREZ | E24: 5 | F24: 7 | J24: {=IF(AND(TRIM(E24)="WO",TRIM(E25)="WO"),"",IF(TRIM(E25)="WO",C24,IF(TRIM(E24)="WO",C25,IF(SUMPRODUCT(--(E24:I24>E25:I25))>SUMPRODUCT(--(E25:I25>E24:I24)),C24,IF(SUMPRODUCT(--(E25:I25>E24:I24))>SUMPRODUCT(--(E24:I24>E25:I25)),C25,"")))))} -> 4
C25: 4 | D25: =D20 -> MATÍAS RAMÍREZ MARÍN | E25: 11 | F25: 11
B26: 5 | C26: 1 | D26: =D12 -> SEBASTIAN MORA FUENTES | E26: 2 | F26: 11 | G26: 2 | J26: {=IF(AND(TRIM(E26)="WO",TRIM(E27)="WO"),"",IF(TRIM(E27)="WO",C26,IF(TRIM(E26)="WO",C27,IF(SUMPRODUCT(--(E26:I26>E27:I27))>SUMPRODUCT(--(E27:I27>E26:I26)),C26,IF(SUMPRODUCT(--(E27:I27>E26:I26))>SUMPRODUCT(--(E26:I26>E27:I27)),C27,"")))))} -> 4
C27: 4 | D27: =D15 -> MATÍAS RAMÍREZ MARÍN | E27: 11 | F27: 2 | G27: 11
B28: 6 | C28: 2 | D28: =D13 -> LUIS ALONSO VILLALOBOS CAMPOS | E28: 11 | F28: 8 | G28: 11 | J28: {=IF(AND(TRIM(E28)="WO",TRIM(E29)="WO"),"",IF(TRIM(E29)="WO",C28,IF(TRIM(E28)="WO",C29,IF(SUMPRODUCT(--(E28:I28>E29:I29))>SUMPRODUCT(--(E29:I29>E28:I28)),C28,IF(SUMPRODUCT(--(E29:I29>E28:I28))>SUMPRODUCT(--(E28:I28>E29:I29)),C29,"")))))} -> 2
C29: 3 | D29: =D24 -> DERECK JAIR BOLAÑOS GUTIÉRREZ | E29: 9 | F29: 11 | G29: 7
C32: Clasificados (# de carne) | F32: Revisión de Camisas y Raquetas
C33: Carnet | D33: Nombre | F33: Revisión de nombres y resultados
C34: 3747 | D34: =IF(ISBLANK(C34),"",VLOOKUP(C34,Inscripciones!$B$5:$F$200,2,FALSE)) -> LUIS ALONSO VILLALOBOS CAMPOS | F34: Árbitro
C35: 4287 | D35: =IF(ISBLANK(C35),"",VLOOKUP(C35,Inscripciones!$B$5:$F$200,2,FALSE)) -> MATÍAS RAMÍREZ MARÍN | F35: Marque si hay informe

Sheet SORTEO 32
B2: #VALUE!
B6: SORTEO LLAVE U-19 Masculino
R8: PRIMEROS DE GRUPO
B9: 1ro G1 | C9: 1 | D9: =VLOOKUP(C9,$U$8:$W$313,2,FALSE) -> 2515 | E9: =IF(D9=0,0,VLOOKUP(D9,Inscripciones!$B$1:$K$159,2,FALSE)) -> GABRIEL CHAVEZ QUIROS | F9: =IF(D9=0,0,VLOOKUP(D9,Inscripciones!$B$1:$K$159,3,FALSE)) -> SANTA ANA | P9: Gr | Q9: 1 | R9: {=INDIRECT("'Grupo " & Q9 & "'!C34")} -> 2515 | S9: =IF(ISBLANK(R9),"",VLOOKUP(R9,Inscripciones!$B$1:$K$159,2,FALSE)) -> GABRIEL CHAVEZ QUIROS | T9: =IF(ISBLANK(R9),"",VLOOKUP(R9,Inscripciones!$B$1:$K$159,3,FALSE)) -> SANTA ANA | U9: 1 | V9: =R9 -> 2515 | W9: =IF(U9=0,0,IF(U9<17,"UP","DO")) -> UP
B10: 2do | C10: 2 | D10: =VLOOKUP(C10,$U$8:$W$313,2,FALSE) -> 3839 | E10: =IF(D10=0,0,VLOOKUP(D10,Inscripciones!$B$1:$K$159,2,FALSE)) -> ALBERTO BLANCO LEDEZMA | F10: =IF(D10=0,0,VLOOKUP(D10,Inscripciones!$B$1:$K$159,3,FALSE)) -> PÉREZ ZELEDÓN | P10: Gr | Q10: 2 | R10: {=INDIRECT("'Grupo " & Q10 & "'!C34")} -> 4144 | S10: =IF(ISBLANK(R10),"",VLOOKUP(R10,Inscripciones!$B$1:$K$159,2,FALSE)) -> ANDRÉS PARRA CHACÓN | T10: =IF(ISBLANK(R10),"",VLOOKUP(R10,Inscripciones!$B$1:$K$159,3,FALSE)) -> SANTO DOMINGO | U10: 32 | V10: =R10 -> 4144 | W10: =IF(U10=0,0,IF(U10<17,"UP","DO")) -> DO
B11: 2do | C11: 3 | D11: =VLOOKUP(C11,$U$8:$W$313,2,FALSE) -> 2513 | E11: =IF(D11=0,0,VLOOKUP(D11,Inscripciones!$B$1:$K$159,2,FALSE)) -> SEBASTIAN CHAVEZ QUIROS | F11: =IF(D11=0,0,VLOOKUP(D11,Inscripciones!$B$1:$K$159,3,FALSE)) -> SANTA ANA | P11: Gr | Q11: 3 | R11: {=INDIRECT("'Grupo " & Q11 & "'!C34")} -> 4034 | S11: =IF(ISBLANK(R11),"",VLOOKUP(R11,Inscripciones!$B$1:$K$159,2,FALSE)) -> IAN DAVID GARRO ALONSO | T11: =IF(ISBLANK(R11),"",VLOOKUP(R11,Inscripciones!$B$1:$K$159,3,FALSE)) -> CCDR SAN JOSÉ | U11: 16 | V11: =R11 -> 4034 | W11: =IF(U11=0,0,IF(U11<17,"UP","DO")) -> UP
B12: 1ro G9-16 | C12: 4 | D12: =VLOOKUP(C12,$U$8:$W$313,2,FALSE) -> 3747 | E12: =IF(D12=0,0,VLOOKUP(D12,Inscripciones!$B$1:$K$159,2,FALSE)) -> LUIS ALONSO VILLALOBOS CAMPOS | F12: =IF(D12=0,0,VLOOKUP(D12,Inscripciones!$B$1:$K$159,3,FALSE)) -> ESPARZA | P12: Gr | Q12: 4 | R12: {=INDIRECT("'Grupo " & Q12 & "'!C34")} -> 3472 | S12: =IF(ISBLANK(R12),"",VLOOKUP(R12,Inscripciones!$B$1:$K$159,2,FALSE)) -> JAYDRICK SHAMALL BAKER CRAWFORD | T12: =IF(ISBLANK(R12),"",VLOOKUP(R12,Inscripciones!$B$1:$K$159,3,FALSE)) -> ASERRÍ - UCR | U12: 17 | V12: =R12 -> 3472 | W12: =IF(U12=0,0,IF(U12<17,"UP","DO")) -> DO
B13: 1ro G9-16 | C13: 5 | D13: =VLOOKUP(C13,$U$8:$W$313,2,FALSE) -> 3468 | E13: =IF(D13=0,0,VLOOKUP(D13,Inscripciones!$B$1:$K$159,2,FALSE)) -> DANIEL DAVID ALPIZAR VILLALOBOS | F13: =IF(D13=0,0,VLOOKUP(D13,Inscripciones!$B$1:$K$159,3,FALSE)) -> ASERRÍ | P13: Gr | Q13: 5 | R13: {=INDIRECT("'Grupo " & Q13 & "'!C34")} -> 2895 | S13: =IF(ISBLANK(R13),"",VLOOKUP(R13,Inscripciones!$B$1:$K$159,2,FALSE)) -> ANDRES JOSE VEGA VALERIO | T13: =IF(ISBLANK(R13),"",VLOOKUP(R13,Inscripciones!$B$1:$K$159,3,FALSE)) -> ALAJUELA - UCR | U13: 8 | V13: =R13 -> 2895 | W13: =IF(U13=0,0,IF(U13<17,"UP","DO")) -> UP
B14: 2do | C14: 6 | D14: =VLOOKUP(C14,$U$8:$W$313,2,FALSE) -> 4056 | E14: =IF(D14=0,0,VLOOKUP(D14,Inscripciones!$B$1:$K$159,2,FALSE)) -> JOSEF ARIAS BRAVO | F14: =IF(D14=0,0,VLOOKUP(D14,Inscripciones!$B$1:$K$159,3,FALSE)) -> ESPARZA | P14: Gr | Q14: 6 | R14: {=INDIRECT("'Grupo " & Q14 & "'!C34")} -> 2623 | S14: =IF(ISBLANK(R14),"",VLOOKUP(R14,Inscripciones!$B$1:$K$159,2,FALSE)) -> MATEO MONGE ARROYO | T14: =IF(ISBLANK(R14),"",VLOOKUP(R14,Inscripciones!$B$1:$K$159,3,FALSE)) -> SANTA ANA | U14: 25 | V14: =R14 -> 2623 | W14: =IF(U14=0,0,IF(U14<17,"UP","DO")) -> DO
B15: 2do | C15: 7 | D15: =VLOOKUP(C15,$U$8:$W$313,2,FALSE) -> 2801 | E15: =IF(D15=0,0,VLOOKUP(D15,Inscripciones!$B$1:$K$159,2,FALSE)) -> IAN VARGAS JIMENEZ | F15: =IF(D15=0,0,VLOOKUP(D15,Inscripciones!$B$1:$K$159,3,FALSE)) -> CCDR SAN JOSÉ | P15: Gr | Q15: 7 | R15: {=INDIRECT("'Grupo " & Q15 & "'!C34")} -> 3153 | S15: =IF(ISBLANK(R15),"",VLOOKUP(R15,Inscripciones!$B$1:$K$159,2,FALSE)) -> ARIEL IGNACIO BARTELS BARQUERO | T15: =IF(ISBLANK(R15),"",VLOOKUP(R15,Inscripciones!$B$1:$K$159,3,FALSE)) -> PÉREZ ZELEDÓN - UNA | U15: 9 | V15: =R15 -> 3153 | W15: =IF(U15=0,0,IF(U15<17,"UP","DO")) -> UP
B16: 1ro G5-8 | C16: 8 | D16: =VLOOKUP(C16,$U$8:$W$313,2,FALSE) -> 2895 | E16: =IF(D16=0,0,VLOOKUP(D16,Inscripciones!$B$1:$K$159,2,FALSE)) -> ANDRES JOSE VEGA VALERIO | F16: =IF(D16=0,0,VLOOKUP(D16,Inscripciones!$B$1:$K$159,3,FALSE)) -> ALAJUELA - UCR | P16: Gr | Q16: 8 | R16: {=INDIRECT("'Grupo " & Q16 & "'!C34")} -> 4002 | S16: =IF(ISBLANK(R16),"",VLOOKUP(R16,Inscripciones!$B$1:$K$159,2,FALSE)) -> ISMAEL CÁRDENAS ACOSTA | T16: =IF(ISBLANK(R16),"",VLOOKUP(R16,Inscripciones!$B$1:$K$159,3,FALSE)) -> CCDR SAN JOSÉ | U16: 24 | V16: =R16 -> 4002 | W16: =IF(U16=0,0,IF(U16<17,"UP","DO")) -> DO
B17: 1ro G5-8 | C17: 9 | D17: =VLOOKUP(C17,$U$8:$W$313,2,FALSE) -> 3153 | E17: =IF(D17=0,0,VLOOKUP(D17,Inscripciones!$B$1:$K$159,2,FALSE)) -> ARIEL IGNACIO BARTELS BARQUERO | F17: =IF(D17=0,0,VLOOKUP(D17,Inscripciones!$B$1:$K$159,3,FALSE)) -> PÉREZ ZELEDÓN - UNA | P17: Gr | Q17: 9 | R17: {=INDIRECT("'Grupo " & Q17 & "'!C34")} -> 3836 | S17: =IF(ISBLANK(R17),"",VLOOKUP(R17,Inscripciones!$B$1:$K$159,2,FALSE)) -> LUCIANO QUIROS AVILA | T17: =IF(ISBLANK(R17),"",VLOOKUP(R17,Inscripciones!$B$1:$K$159,3,FALSE)) -> ESCAZÚ | U17: 28 | V17: =R17 -> 3836 | W17: =IF(U17=0,0,IF(U17<17,"UP","DO")) -> DO
B18: 2do | C18: 10 | D18: =VLOOKUP(C18,$U$8:$W$313,2,FALSE) -> 4463 | E18: =IF(D18=0,0,VLOOKUP(D18,Inscripciones!$B$1:$K$159,2,FALSE)) -> ISAAC ANDRÉS LEAL CHACÓN | F18: =IF(D18=0,0,VLOOKUP(D18,Inscripciones!$B$1:$K$159,3,FALSE)) -> ESPARZA | P18: Gr | Q18: 10 | R18: {=INDIRECT("'Grupo " & Q18 & "'!C34")} -> 3671 | S18: =IF(ISBLANK(R18),"",VLOOKUP(R18,Inscripciones!$B$1:$K$159,2,FALSE)) -> NICOLAS OVARES CASTRO | T18: =IF(ISBLANK(R18),"",VLOOKUP(R18,Inscripciones!$B$1:$K$159,3,FALSE)) -> SANTA ANA | U18: 13 | V18: =R18 -> 3671 | W18: =IF(U18=0,0,IF(U18<17,"UP","DO")) -> UP
B19: 2do | C19: 11 | D19: =VLOOKUP(C19,$U$8:$W$313,2,FALSE) -> 4464 | E19: =IF(D19=0,0,VLOOKUP(D19,Inscripciones!$B$1:$K$159,2,FALSE)) -> ISAAC GAMBOA MORERA | F19: =IF(D19=0,0,VLOOKUP(D19,Inscripciones!$B$1:$K$159,3,FALSE)) -> ESPARZA | P19: Gr | Q19: 11 | R19: {=INDIRECT("'Grupo " & Q19 & "'!C34")} -> 3499 | S19: =IF(ISBLANK(R19),"",VLOOKUP(R19,Inscripciones!$B$1:$K$159,2,FALSE)) -> ESTEBAN MURILLO CHAVES | T19: =IF(ISBLANK(R19),"",VLOOKUP(R19,Inscripciones!$B$1:$K$159,3,FALSE)) -> UCR-PÉREZ ZELEDÓN | U19: 29 | V19: =R19 -> 3499 | W19: =IF(U19=0,0,IF(U19<17,"UP","DO")) -> DO
B20: 1ro G9-16 | C20: 12 | D20: =VLOOKUP(C20,$U$8:$W$313,2,FALSE) -> 3458 | E20: =IF(D20=0,0,VLOOKUP(D20,Inscripciones!$B$1:$K$159,2,FALSE)) -> SANTIAGO ALVAREZ LONGHI | F20: =IF(D20=0,0,VLOOKUP(D20,Inscripciones!$B$1:$K$159,3,FALSE)) -> SANTO DOMINGO | P20: Gr | Q20: 12 | R20: {=INDIRECT("'Grupo " & Q20 & "'!C34")} -> 3468 | S20: =IF(ISBLANK(R20),"",VLOOKUP(R20,Inscripciones!$B$1:$K$159,2,FALSE)) -> DANIEL DAVID ALPIZAR VILLALOBOS | T20: =IF(ISBLANK(R20),"",VLOOKUP(R20,Inscripciones!$B$1:$K$159,3,FALSE)) -> ASERRÍ | U20: 5 | V20: =R20 -> 3468 | W20: =IF(U20=0,0,IF(U20<17,"UP","DO")) -> UP
... B24: 1ro G3-4 | C24: 16 | D24: =VLOOKUP(C24,$U$8:$W$313,2,FALSE) -> 4034 | E24: =IF(D24=0,0,VLOOKUP(D24,Inscripciones!$B$1:$K$159,2,FALSE)) -> IAN DAVID GARRO ALONSO | F24: =IF(D24=0,0,VLOOKUP(D24,Inscripciones!$B$1:$K$159,3,FALSE)) -> CCDR SAN JOSÉ | P24: Gr | Q24: 16 | R24: {=INDIRECT("'Grupo " & Q24 & "'!C34")} -> 3747 | S24: =IF(ISBLANK(R24),"",VLOOKUP(R24,Inscripciones!$B$1:$K$159,2,FALSE)) -> LUIS ALONSO VILLALOBOS CAMPOS | T24: =IF(ISBLANK(R24),"",VLOOKUP(R24,Inscripciones!$B$1:$K$159,3,FALSE)) -> ESPARZA | U24: 4 | V24: =R24 -> 3747 | W24: =IF(U24=0,0,IF(U24<17,"UP","DO")) -> UP
B25: 1ro G3-4 | C25: 17 | D25: =VLOOKUP(C25,$U$8:$W$313,2,FALSE) -> 3472 | E25: =IF(D25=0,0,VLOOKUP(D25,Inscripciones!$B$1:$K$159,2,FALSE)) -> JAYDRICK SHAMALL BAKER CRAWFORD | F25: =IF(D25=0,0,VLOOKUP(D25,Inscripciones!$B$1:$K$159,3,FALSE)) -> ASERRÍ - UCR | R25: SEGUNDOS DE GRUPO
B26: 2do | C26: 18 | D26: =VLOOKUP(C26,$U$8:$W$313,2,FALSE) -> 3696 | E26: =IF(D26=0,0,VLOOKUP(D26,Inscripciones!$B$1:$K$159,2,FALSE)) -> NICOLAS CECILIANO ESQUIVEL | F26: =IF(D26=0,0,VLOOKUP(D26,Inscripciones!$B$1:$K$159,3,FALSE)) -> PÉREZ ZELEDÓN | P26: Gr | Q26: 1 | R26: {=INDIRECT("'Grupo " & Q9 & "'!C35")} -> 4513 | S26: =IF(ISBLANK(R26),"",VLOOKUP(R26,Inscripciones!$B$1:$K$159,2,FALSE)) -> GABRIEL ANTONIO AMADOR GARITA | T26: =IF(ISBLANK(R26),"",VLOOKUP(R26,Inscripciones!$B$1:$K$159,3,FALSE)) -> CCDR SANTA CRUZ | U26: 23 | V26: =R26 -> 4513 | W26: =IF(W9="","",IF(W9="UP","DO",IF(W9="DO","UP",""))) -> DO
B27: 2do | C27: 19 | D27: =VLOOKUP(C27,$U$8:$W$313,2,FALSE) -> 2847 | E27: =IF(D27=0,0,VLOOKUP(D27,Inscripciones!$B$1:$K$159,2,FALSE)) -> LUIS GAEL SILES LOBO | F27: =IF(D27=0,0,VLOOKUP(D27,Inscripciones!$B$1:$K$159,3,FALSE)) -> ESPARZA | P27: Gr | Q27: 2 | R27: {=INDIRECT("'Grupo " & Q10 & "'!C35")} -> 2513 | S27: =IF(ISBLANK(R27),"",VLOOKUP(R27,Inscripciones!$B$1:$K$159,2,FALSE)) -> SEBASTIAN CHAVEZ QUIROS | T27: =IF(ISBLANK(R27),"",VLOOKUP(R27,Inscripciones!$B$1:$K$159,3,FALSE)) -> SANTA ANA | U27: 3 | V27: =R27 -> 2513 | W27: =IF(W10="","",IF(W10="UP","DO",IF(W10="DO","UP",""))) -> UP
B28: 1ro G9-16 | C28: 20 | D28: =VLOOKUP(C28,$U$8:$W$313,2,FALSE) -> 4363 | E28: =IF(D28=0,0,VLOOKUP(D28,Inscripciones!$B$1:$K$159,2,FALSE)) -> CESAR DAM BLANCO | F28: =IF(D28=0,0,VLOOKUP(D28,Inscripciones!$B$1:$K$159,3,FALSE)) -> CCDR ALAJUELA | P28: Gr | Q28: 3 | R28: {=INDIRECT("'Grupo " & Q11 & "'!C35")} -> 2847 | S28: =IF(ISBLANK(R28),"",VLOOKUP(R28,Inscripciones!$B$1:$K$159,2,FALSE)) -> LUIS GAEL SILES LOBO | T28: =IF(ISBLANK(R28),"",VLOOKUP(R28,Inscripciones!$B$1:$K$159,3,FALSE)) -> ESPARZA | U28: 19 | V28: =R28 -> 2847 | W28: =IF(W11="","",IF(W11="UP","DO",IF(W11="DO","UP",""))) -> DO
B29: 1ro G9-16 | C29: 21 | D29: =VLOOKUP(C29,$U$8:$W$313,2,FALSE) -> 2368 | E29: =IF(D29=0,0,VLOOKUP(D29,Inscripciones!$B$1:$K$159,2,FALSE)) -> EMANUEL RIVERA TORRES | F29: =IF(D29=0,0,VLOOKUP(D29,Inscripciones!$B$1:$K$159,3,FALSE)) -> ASERRÍ | P29: Gr | Q29: 4 | R29: {=INDIRECT("'Grupo " & Q12 & "'!C35")} -> 4464 | S29: =IF(ISBLANK(R29),"",VLOOKUP(R29,Inscripciones!$B$1:$K$159,2,FALSE)) -> ISAAC GAMBOA MORERA | T29: =IF(ISBLANK(R29),"",VLOOKUP(R29,Inscripciones!$B$1:$K$159,3,FALSE)) -> ESPARZA | U29: 11 | V29: =R29 -> 4464 | W29: =IF(W12="","",IF(W12="UP","DO",IF(W12="DO","UP",""))) -> UP
B30: 2do | C30: 22 | D30: =VLOOKUP(C30,$U$8:$W$313,2,FALSE) -> 3309 | E30: =IF(D30=0,0,VLOOKUP(D30,Inscripciones!$B$1:$K$159,2,FALSE)) -> SEBASTIAN MASIS MURILLO | F30: =IF(D30=0,0,VLOOKUP(D30,Inscripciones!$B$1:$K$159,3,FALSE)) -> GUARCO | P30: Gr | Q30: 5 | R30: {=INDIRECT("'Grupo " & Q13 & "'!C35")} -> 3450 | S30: =IF(ISBLANK(R30),"",VLOOKUP(R30,Inscripciones!$B$1:$K$159,2,FALSE)) -> OSWALDO IGNACIO SILVA NOVOA | T30: =IF(ISBLANK(R30),"",VLOOKUP(R30,Inscripciones!$B$1:$K$159,3,FALSE)) -> SANTA ANA | U30: 27 | V30: =R30 -> 3450 | W30: =IF(W13="","",IF(W13="UP","DO",IF(W13="DO","UP",""))) -> DO
B31: 2do | C31: 23 | D31: =VLOOKUP(C31,$U$8:$W$313,2,FALSE) -> 4513 | E31: =IF(D31=0,0,VLOOKUP(D31,Inscripciones!$B$1:$K$159,2,FALSE)) -> GABRIEL ANTONIO AMADOR GARITA | F31: =IF(D31=0,0,VLOOKUP(D31,Inscripciones!$B$1:$K$159,3,FALSE)) -> CCDR SANTA CRUZ | P31: Gr | Q31: 6 | R31: {=INDIRECT("'Grupo " & Q14 & "'!C35")} -> 4463 | S31: =IF(ISBLANK(R31),"",VLOOKUP(R31,Inscripciones!$B$1:$K$159,2,FALSE)) -> ISAAC ANDRÉS LEAL CHACÓN | T31: =IF(ISBLANK(R31),"",VLOOKUP(R31,Inscripciones!$B$1:$K$159,3,FALSE)) -> ESPARZA | U31: 10 | V31: =R31 -> 4463 | W31: =IF(W14="","",IF(W14="UP","DO",IF(W14="DO","UP",""))) -> UP
B32: 1ro G5-8 | C32: 24 | D32: =VLOOKUP(C32,$U$8:$W$313,2,FALSE) -> 4002 | E32: =IF(D32=0,0,VLOOKUP(D32,Inscripciones!$B$1:$K$159,2,FALSE)) -> ISMAEL CÁRDENAS ACOSTA | F32: =IF(D32=0,0,VLOOKUP(D32,Inscripciones!$B$1:$K$159,3,FALSE)) -> CCDR SAN JOSÉ | P32: Gr | Q32: 7 | R32: {=INDIRECT("'Grupo " & Q15 & "'!C35")} -> 4284 | S32: =IF(ISBLANK(R32),"",VLOOKUP(R32,Inscripciones!$B$1:$K$159,2,FALSE)) -> IAN SOLÍS CARRANZA | T32: =IF(ISBLANK(R32),"",VLOOKUP(R32,Inscripciones!$B$1:$K$159,3,FALSE)) -> SANTO DOMINGO | U32: 30 | V32: =R32 -> 4284 | W32: =IF(W15="","",IF(W15="UP","DO",IF(W15="DO","UP",""))) -> DO
B33: 1ro G5-8 | C33: 25 | D33: =VLOOKUP(C33,$U$8:$W$313,2,FALSE) -> 2623 | E33: =IF(D33=0,0,VLOOKUP(D33,Inscripciones!$B$1:$K$159,2,FALSE)) -> MATEO MONGE ARROYO | F33: =IF(D33=0,0,VLOOKUP(D33,Inscripciones!$B$1:$K$159,3,FALSE)) -> SANTA ANA | P33: Gr | Q33: 8 | R33: {=INDIRECT("'Grupo " & Q16 & "'!C35")} -> 3839 | S33: =IF(ISBLANK(R33),"",VLOOKUP(R33,Inscripciones!$B$1:$K$159,2,FALSE)) -> ALBERTO BLANCO LEDEZMA | T33: =IF(ISBLANK(R33),"",VLOOKUP(R33,Inscripciones!$B$1:$K$159,3,FALSE)) -> PÉREZ ZELEDÓN | U33: 2 | V33: =R33 -> 3839 | W33: =IF(W16="","",IF(W16="UP","DO",IF(W16="DO","UP",""))) -> UP
B34: 2do | C34: 26 | D34: =VLOOKUP(C34,$U$8:$W$313,2,FALSE) -> 4287 | E34: =IF(D34=0,0,VLOOKUP(D34,Inscripciones!$B$1:$K$159,2,FALSE)) -> MATÍAS RAMÍREZ MARÍN | F34: =IF(D34=0,0,VLOOKUP(D34,Inscripciones!$B$1:$K$159,3,FALSE)) -> ESCAZÚ | P34: Gr | Q34: 9 | R34: {=INDIRECT("'Grupo " & Q17 & "'!C35")} -> 4115 | S34: =IF(ISBLANK(R34),"",VLOOKUP(R34,Inscripciones!$B$1:$K$159,2,FALSE)) -> JOSEPH ANGEL LOPEZ ARAUZ | T34: =IF(ISBLANK(R34),"",VLOOKUP(R34,Inscripciones!$B$1:$K$159,3,FALSE)) -> ATM SANTA CRUZ | U34: 14 | V34: =R34 -> 4115 | W34: =IF(W17="","",IF(W17="UP","DO",IF(W17="DO","UP",""))) -> UP
B35: 2do | C35: 27 | D35: =VLOOKUP(C35,$U$8:$W$313,2,FALSE) -> 3450 | E35: =IF(D35=0,0,VLOOKUP(D35,Inscripciones!$B$1:$K$159,2,FALSE)) -> OSWALDO IGNACIO SILVA NOVOA | F35: =IF(D35=0,0,VLOOKUP(D35,Inscripciones!$B$1:$K$159,3,FALSE)) -> SANTA ANA | P35: Gr | Q35: 10 | R35: {=INDIRECT("'Grupo " & Q18 & "'!C35")} -> 3449 | S35: =IF(ISBLANK(R35),"",VLOOKUP(R35,Inscripciones!$B$1:$K$159,2,FALSE)) -> REINEL ANTONIO VANEGAS LACAYO | T35: =IF(ISBLANK(R35),"",VLOOKUP(R35,Inscripciones!$B$1:$K$159,3,FALSE)) -> ALAJUELA | U35: 31 | V35: =R35 -> 3449 | W35: =IF(W18="","",IF(W18="UP","DO",IF(W18="DO","UP",""))) -> DO
B36: 1ro G9-16 | C36: 28 | D36: =VLOOKUP(C36,$U$8:$W$313,2,FALSE) -> 3836 | E36: =IF(D36=0,0,VLOOKUP(D36,Inscripciones!$B$1:$K$159,2,FALSE)) -> LUCIANO QUIROS AVILA | F36: =IF(D36=0,0,VLOOKUP(D36,Inscripciones!$B$1:$K$159,3,FALSE)) -> ESCAZÚ | P36: Gr | Q36: 11 | R36: {=INDIRECT("'Grupo " & Q19 & "'!C35")} -> 2801 | S36: =IF(ISBLANK(R36),"",VLOOKUP(R36,Inscripciones!$B$1:$K$159,2,FALSE)) -> IAN VARGAS JIMENEZ | T36: =IF(ISBLANK(R36),"",VLOOKUP(R36,Inscripciones!$B$1:$K$159,3,FALSE)) -> CCDR SAN JOSÉ | U36: 7 | V36: =R36 -> 2801 | W36: =IF(W19="","",IF(W19="UP","DO",IF(W19="DO","UP",""))) -> UP
B37: 1ro G9-16 | C37: 29 | D37: =VLOOKUP(C37,$U$8:$W$313,2,FALSE) -> 3499 | E37: =IF(D37=0,0,VLOOKUP(D37,Inscripciones!$B$1:$K$159,2,FALSE)) -> ESTEBAN MURILLO CHAVES | F37: =IF(D37=0,0,VLOOKUP(D37,Inscripciones!$B$1:$K$159,3,FALSE)) -> UCR-PÉREZ ZELEDÓN | P37: Gr | Q37: 12 | R37: {=INDIRECT("'Grupo " & Q20 & "'!C35")} -> 3696 | S37: =IF(ISBLANK(R37),"",VLOOKUP(R37,Inscripciones!$B$1:$K$159,2,FALSE)) -> NICOLAS CECILIANO ESQUIVEL | T37: =IF(ISBLANK(R37),"",VLOOKUP(R37,Inscripciones!$B$1:$K$159,3,FALSE)) -> PÉREZ ZELEDÓN | U37: 18 | V37: =R37 -> 3696 | W37: =IF(W20="","",IF(W20="UP","DO",IF(W20="DO","UP",""))) -> DO
... B40: 1ro G2 | C40: 32 | D40: =VLOOKUP(C40,$U$8:$W$313,2,FALSE) -> 4144 | E40: =IF(D40=0,0,VLOOKUP(D40,Inscripciones!$B$1:$K$159,2,FALSE)) -> ANDRÉS PARRA CHACÓN | F40: =IF(D40=0,0,VLOOKUP(D40,Inscripciones!$B$1:$K$159,3,FALSE)) -> SANTO DOMINGO | P40: Gr | Q40: 15 | R40: {=INDIRECT("'Grupo " & Q23 & "'!C35")} -> 3719 | S40: =IF(ISBLANK(R40),"",VLOOKUP(R40,Inscripciones!$B$1:$K$159,2,FALSE)) -> MARCELO MASIS RODRÍGUEZ | T40: =IF(ISBLANK(R40),"",VLOOKUP(R40,Inscripciones!$B$1:$K$159,3,FALSE)) -> SANTA ANA | U40: 15 | V40: =R40 -> 3719 | W40: =IF(W23="","",IF(W23="UP","DO",IF(W23="DO","UP",""))) -> UP
P41: Gr | Q41: 16 | R41: {=INDIRECT("'Grupo " & Q24 & "'!C35")} -> 4287 | S41: =IF(ISBLANK(R41),"",VLOOKUP(R41,Inscripciones!$B$1:$K$159,2,FALSE)) -> MATÍAS RAMÍREZ MARÍN | T41: =IF(ISBLANK(R41),"",VLOOKUP(R41,Inscripciones!$B$1:$K$159,3,FALSE)) -> ESCAZÚ | U41: 26 | V41: =R41 -> 4287 | W41: =IF(W24="","",IF(W24="UP","DO",IF(W24="DO","UP",""))) -> DO
U43: 1 | V43: -
U44: 2 | V44: -
U45: 3 | V45: -
U46: 4 | V46: -
U47: 5 | V47: -
U48: 6 | V48: -
U49: 7 | V49: -
U50: 8 | V50: -
U51: 9 | V51: -
U52: 10 | V52: -
U53: 11 | V53: -
U54: 12 | V54: -
... U74: 32 | V74: -
U75: - | V75: -
U76: 0 | V76: -

Sheet LLAVE 32
AV1: #VALUE!
AA2: 2 | AV2: =Inscripciones!$B$2 -> U19 MASCULINO
A3: Match | B3: Round | C3: Day | D3: Time | E3: T | G3: A | H3: B | I3: pla 1 | J3: Ass | K3: pla 2 | L3: Ass | AA3: G A | AB3: G X | AD3: Score | AE3: Games
A4: 1 | B4: 1/16 | C4: 28/Sep | F4: =C4&"-"&D4&"- Table"&E4 -> 28/Sep-- Table | G4: ='SORTEO 32'!D9 -> 2515 | H4: ='SORTEO 32'!D10 -> 3839 | I4: =IF(G4=0,0,VLOOKUP(G4,Inscripciones!$B$1:$I$464,2,FALSE)) -> GABRIEL CHAVEZ QUIROS | J4: =IF(G4=0,0,VLOOKUP(G4,Inscripciones!$B$1:$L$364,3,FALSE)) -> SANTA ANA | K4: =IF(I4=0,0,VLOOKUP(H4,Inscripciones!$B$1:$I$464,2,FALSE)) -> ALBERTO BLANCO LEDEZMA | L4: =IF(I4=0,0,VLOOKUP(H4,Inscripciones!$B$1:$L$364,3,FALSE)) -> PÉREZ ZELEDÓN | M4: 11 | N4: 8 | O4: 14 | P4: 12 | AA4: =IF(M4+N4<>0,SUM(AF4:AL4),"") -> 2 | AB4: =IF(M4+N4<>0,SUM(AF5:AL5),"") -> 0 | AC4: =IF(AA4>AB4,AD4&" "&AE4,IF(AB4>AA4,AD4&" "&AE5,"")) -> 2 - 0 (8, 12) | AD4: =IF(AA4>AB4,AA4&" - "&AB4,IF(AB4>AA4,AB4&" - "&AA4,"")) -> 2 - 0 | AE4: =CONCATENATE("(",AM4,AN4,AO4,AP4,AQ4,AR4,AS4,")") -> (8, 12) | AF4: =IF(M4>N4,1,0) -> 1 | AG4: =IF(O4>P4,1,0) -> 1 | AH4: =IF(Q4>R4,1,0) -> 0 | AI4: =IF(S4>T4,1,0) -> 0 | AJ4: =IF(U4>V4,1,0) -> 0 | AK4: =IF(W4>X4,1,0) -> 0 | AL4: =IF(Y4>Z4,1,0) -> 0 | AM4: =IF(M4>N4,N4,IF(N4>M4,-M4,"")) -> 8 | AN4: =IF(O4>P4,", "&P4,IF(P4>O4,", "&-O4,"")) -> , 12 | AO4: =IF(Q4>R4,", "&R4,IF(R4>Q4,", "&-Q4,"")) | AP4: =IF(S4>T4,", "&T4,IF(T4>S4,", "&-S4,"")) | AQ4: =IF(U4>V4,", "&V4,IF(V4>U4,", "&-U4,"")) | AR4: =IF(W4>X4,", "&X4,IF(X4>W4,", "&-W4,"")) | AS4: =IF(Y4>Z4,", "&Z4,IF(Z4>Y4,", "&-Y4,"")) | AU4: 1 | AV4: =VLOOKUP(AV5,$A$4:$L$83,7,FALSE) -> 2515 | AW4: =IF(AV4=0,0,VLOOKUP(AV4,Inscripciones!$B$1:$I$464,2,FALSE)) -> GABRIEL CHAVEZ QUIROS | AX4: =IF(AV4=0,0,VLOOKUP(AV4,Inscripciones!$B$1:$L$364,3,FALSE)) -> SANTA ANA | AZ4: =VLOOKUP(AV5,$A$4:$AD$83,29,FALSE) -> 2 - 0 (8, 12) | BL4: MATCH_ID | BM4: DAT | BN4: TIME | BO4: TABLE | BP4: EVT | BQ4: GRP | BR4: SEQ | BS4: P1ID_1 | BT4: P1ID_2 | BU4: P2ID_1 | BV4: P2ID_2 | BW4: WINNER ID | BY4: P1 | BZ4: P2 | CA4: EVENT | CB4: ROUND
I5: 0 | J5: 0 | K5: 0 | L5: 0 | AD5: =IF(AA4>AB4,AD4&" "&AE4,IF(AB4>AA4,AD4&" "&AE5,"")) -> 2 - 0 (8, 12) | AE5: =CONCATENATE("(",AM5,AN5,AO5,AP5,AQ5,AR5,AS5,")") -> (-8, -12) | AF5: =IF(N4>M4,1,0) -> 0 | AG5: =IF(P4>O4,1,0) -> 0 | AH5: =IF(R4>Q4,1,0) -> 0 | AI5: =IF(T4>S4,1,0) -> 0 | AJ5: =IF(V4>U4,1,0) -> 0 | AK5: =IF(X4>W4,1,0) -> 0 | AL5: =IF(Z4>Y4,1,0) -> 0 | AM5: =IF(N4>M4,M4,IF(M4>N4,-N4,"")) -> -8 | AN5: =IF(P4>O4,", "&O4,IF(O4>P4,", "&-P4,"")) -> , -12 | AO5: =IF(R4>Q4,", "&Q4,IF(Q4>R4,", "&-R4,"")) | AP5: =IF(T4>S4,", "&S4,IF(S4>T4,", "&-T4,"")) | AQ5: =IF(V4>U4,", "&U4,IF(U4>V4,", "&-V4,"")) | AR5: =IF(X4>W4,", "&W4,IF(W4>X4,", "&-X4,"")) | AS5: =IF(Z4>Y4,", "&Y4,IF(Y4>Z4,", "&-Z4,"")) | AV5: 1 | AW5: =VLOOKUP(AV5,$A$4:$L$83,6,FALSE) -> 28/Sep-- Table | AY5: =VLOOKUP(AY7,$A$4:$L$87,7,FALSE) -> 2515 | AZ5: =IF(AY5=0,0,VLOOKUP(AY5,Inscripciones!$B$1:$I$464,2,FALSE)) -> GABRIEL CHAVEZ QUIROS | BA5: =IF(AY5=0,0,VLOOKUP(AY5,Inscripciones!$B$1:$L$364,3,FALSE)) -> SANTA ANA | BL5: 1 | BM5: =C4 -> 28/Sep | BN5: =D4 -> 0 | BO5: =E4 -> 0 | BP5: JBS | BR5: 1 | BS5: =VLOOKUP(BY6,Inscripciones!$B$1:$B$364,2,FALSE) -> #REF! | BU5: =VLOOKUP(BZ6,Inscripciones!$B$1:$B$364,2,FALSE) -> #REF! | BY5: =G4 -> 2515 | BZ5: =H4 -> 3839 | CA5: =Inscripciones!$B$2 -> U19 MASCULINO | CB5: Ronda de 32 - 1
A6: 2 | B6: 1/16 | C6: 28/Sep | F6: =C6&"-"&D6&"- Table"&E6 -> 28/Sep-- Table | G6: ='SORTEO 32'!D11 -> 2513 | H6: ='SORTEO 32'!D12 -> 3747 | I6: =IF(G6=0,0,VLOOKUP(G6,Inscripciones!$B$1:$I$464,2,FALSE)) -> SEBASTIAN CHAVEZ QUIROS | J6: =IF(G6=0,0,VLOOKUP(G6,Inscripciones!$B$1:$L$364,3,FALSE)) -> SANTA ANA | K6: =IF(I6=0,0,VLOOKUP(H6,Inscripciones!$B$1:$I$464,2,FALSE)) -> LUIS ALONSO VILLALOBOS CAMPOS | L6: =IF(I6=0,0,VLOOKUP(H6,Inscripciones!$B$1:$L$364,3,FALSE)) -> ESPARZA | M6: 10 | N6: 12 | O6: 8 | P6: 11 | AA6: =IF(M6+N6<>0,SUM(AF6:AL6),"") -> 0 | AB6: =IF(M6+N6<>0,SUM(AF7:AL7),"") -> 2 | AC6: =IF(AA6>AB6,AD6&" "&AE6,IF(AB6>AA6,AD6&" "&AE7,"")) -> 2 - 0 (10, 8) | AD6: =IF(AA6>AB6,AA6&" - "&AB6,IF(AB6>AA6,AB6&" - "&AA6,"")) -> 2 - 0 | AE6: =CONCATENATE("(",AM6,AN6,AO6,AP6,AQ6,AR6,AS6,")") -> (-10, -8) | AF6: =IF(M6>N6,1,0) -> 0 | AG6: =IF(O6>P6,1,0) -> 0 | AH6: =IF(Q6>R6,1,0) -> 0 | AI6: =IF(S6>T6,1,0) -> 0 | AJ6: =IF(U6>V6,1,0) -> 0 | AK6: =IF(W6>X6,1,0) -> 0 | AL6: =IF(Y6>Z6,1,0) -> 0 | AM6: =IF(M6>N6,N6,IF(N6>M6,-M6,"")) -> -10 | AN6: =IF(O6>P6,", "&P6,IF(P6>O6,", "&-O6,"")) -> , -8 | AO6: =IF(Q6>R6,", "&R6,IF(R6>Q6,", "&-Q6,"")) | AP6: =IF(S6>T6,", "&T6,IF(T6>S6,", "&-S6,"")) | AQ6: =IF(U6>V6,", "&V6,IF(V6>U6,", "&-U6,"")) | AR6: =IF(W6>X6,", "&X6,IF(X6>W6,", "&-W6,"")) | AS6: =IF(Y6>Z6,", "&Z6,IF(Z6>Y6,", "&-Y6,"")) | AU6: =1+AU4 -> 2 | AV6: =VLOOKUP(AV5,$A$4:$L$83,8,FALSE) -> 3839 | AW6: =IF(AV6=0,0,VLOOKUP(AV6,Inscripciones!$B$1:$I$464,2,FALSE)) -> ALBERTO BLANCO LEDEZMA | AX6: =IF(AV6=0,0,VLOOKUP(AV6,Inscripciones!$B$1:$L$364,3,FALSE)) -> PÉREZ ZELEDÓN | BC6: =VLOOKUP(AY7,$A$4:$AD$83,29,FALSE) -> 2 - 0 (8, 8) | BL6: =1+BL5 -> 2 | BM6: =C6 -> 28/Sep | BN6: =D6 -> 0 | BO6: =E6 -> 0 | BP6: JBS | BR6: 2 | BS6: =VLOOKUP(BY7,Inscripciones!$B$1:$B$364,2,FALSE) -> #REF! | BU6: =VLOOKUP(BZ7,Inscripciones!$B$1:$B$364,2,FALSE) -> #REF! | BY6: =G6 -> 2513 | BZ6: =H6 -> 3747 | CA6: =Inscripciones!$B$2 -> U19 MASCULINO | CB6: Ronda de 32 - 2
I7: 0 | J7: 0 | K7: 0 | L7: 0 | AD7: =IF(AA6>AB6,AD6&" "&AE6,IF(AB6>AA6,AD6&" "&AE7,"")) -> 2 - 0 (10, 8) | AE7: =CONCATENATE("(",AM7,AN7,AO7,AP7,AQ7,AR7,AS7,")") -> (10, 8) | AF7: =IF(N6>M6,1,0) -> 1 | AG7: =IF(P6>O6,1,0) -> 1 | AH7: =IF(R6>Q6,1,0) -> 0 | AI7: =IF(T6>S6,1,0) -> 0 | AJ7: =IF(V6>U6,1,0) -> 0 | AK7: =IF(X6>W6,1,0) -> 0 | AL7: =IF(Z6>Y6,1,0) -> 0 | AM7: =IF(N6>M6,M6,IF(M6>N6,-N6,"")) -> 10 | AN7: =IF(P6>O6,", "&O6,IF(O6>P6,", "&-P6,"")) -> , 8 | AO7: =IF(R6>Q6,", "&Q6,IF(Q6>R6,", "&-R6,"")) | AP7: =IF(T6>S6,", "&S6,IF(S6>T6,", "&-T6,"")) | AQ7: =IF(V6>U6,", "&U6,IF(U6>V6,", "&-V6,"")) | AR7: =IF(X6>W6,", "&W6,IF(W6>X6,", "&-X6,"")) | AS7: =IF(Z6>Y6,", "&Y6,IF(Y6>Z6,", "&-Z6,"")) | AY7: 17 | AZ7: =VLOOKUP(AY7,$A$4:$L$83,6,FALSE) -> 28/Sep-- Table | BB7: =VLOOKUP(BB11,$A$4:$L$87,7,FALSE) -> 2515 | BC7: =IF(BB7=0,0,VLOOKUP(BB7,Inscripciones!$B$1:$I$464,2,FALSE)) -> GABRIEL CHAVEZ QUIROS | BD7: =IF(BB7=0,0,VLOOKUP(BB7,Inscripciones!$B$1:$L$364,3,FALSE)) -> SANTA ANA | BL7: =1+BL6 -> 3 | BM7: =C8 -> 28/Sep | BN7: =D8 -> 0 | BO7: =E8 -> 0 | BP7: JBS | BR7: 3 | BS7: =VLOOKUP(BY8,Inscripciones!$B$1:$B$364,2,FALSE) -> #REF! | BU7: =VLOOKUP(BZ8,Inscripciones!$B$1:$B$364,2,FALSE) -> #REF! | BY7: =G8 -> 3468 | BZ7: =H8 -> 4056 | CA7: =Inscripciones!$B$2 -> U19 MASCULINO | CB7: Ronda de 32 - 3
A8: 3 | B8: 1/16 | C8: 28/Sep | F8: =C8&"-"&D8&"- Table"&E8 -> 28/Sep-- Table | G8: ='SORTEO 32'!D13 -> 3468 | H8: ='SORTEO 32'!D14 -> 4056 | I8: =IF(G8=0,0,VLOOKUP(G8,Inscripciones!$B$1:$I$464,2,FALSE)) -> DANIEL DAVID ALPIZAR VILLALOBOS | J8: =IF(G8=0,0,VLOOKUP(G8,Inscripciones!$B$1:$L$364,3,FALSE)) -> ASERRÍ | K8: =IF(I8=0,0,VLOOKUP(H8,Inscripciones!$B$1:$I$464,2,FALSE)) -> JOSEF ARIAS BRAVO | L8: =IF(I8=0,0,VLOOKUP(H8,Inscripciones!$B$1:$L$364,3,FALSE)) -> ESPARZA | M8: 16 | N8: 18 | O8: 7 | P8: 11 | AA8: =IF(M8+N8<>0,SUM(AF8:AL8),"") -> 0 | AB8: =IF(M8+N8<>0,SUM(AF9:AL9),"") -> 2 | AC8: =IF(AA8>AB8,AD8&" "&AE8,IF(AB8>AA8,AD8&" "&AE9,"")) -> 2 - 0 (16, 7) | AD8: =IF(AA8>AB8,AA8&" - "&AB8,IF(AB8>AA8,AB8&" - "&AA8,"")) -> 2 - 0 | AE8: =CONCATENATE("(",AM8,AN8,AO8,AP8,AQ8,AR8,AS8,")") -> (-16, -7) | AF8: =IF(M8>N8,1,0) -> 0 | AG8: =IF(O8>P8,1,0) -> 0 | AH8: =IF(Q8>R8,1,0) -> 0 | AI8: =IF(S8>T8,1,0) -> 0 | AJ8: =IF(U8>V8,1,0) -> 0 | AK8: =IF(W8>X8,1,0) -> 0 | AL8: =IF(Y8>Z8,1,0) -> 0 | AM8: =IF(M8>N8,N8,IF(N8>M8,-M8,"")) -> -16 | AN8: =IF(O8>P8,", "&P8,IF(P8>O8,", "&-O8,"")) -> , -7 | AO8: =IF(Q8>R8,", "&R8,IF(R8>Q8,", "&-Q8,"")) | AP8: =IF(S8>T8,", "&T8,IF(T8>S8,", "&-S8,"")) | AQ8: =IF(U8>V8,", "&V8,IF(V8>U8,", "&-U8,"")) | AR8: =IF(W8>X8,", "&X8,IF(X8>W8,", "&-W8,"")) | AS8: =IF(Y8>Z8,", "&Z8,IF(Z8>Y8,", "&-Y8,"")) | AU8: =1+AU6 -> 3 | AV8: =VLOOKUP(AV9,$A$4:$L$83,7,FALSE) -> 2513 | AW8: =IF(AV8=0,0,VLOOKUP(AV8,Inscripciones!$B$1:$I$464,2,FALSE)) -> SEBASTIAN CHAVEZ QUIROS | AX8: =IF(AV8=0,0,VLOOKUP(AV8,Inscripciones!$B$1:$L$364,3,FALSE)) -> SANTA ANA | BL8: =1+BL7 -> 4 | BM8: =C10 -> 28/Sep | BN8: =D10 -> 0 | BO8: =E10 -> 0 | BP8: JBS | BR8: 4 | BS8: =VLOOKUP(BY9,Inscripciones!$B$1:$B$364,2,FALSE) -> #REF! | BU8: =VLOOKUP(BZ9,Inscripciones!$B$1:$B$364,2,FALSE) -> #REF! | BY8: =G10 -> 2801 | BZ8: =H10 -> 2895 | CA8: =Inscripciones!$B$2 -> U19 MASCULINO | CB8: Ronda de 32 - 4
I9: 0 | J9: 0 | K9: 0 | L9: 0 | AD9: =IF(AA8>AB8,AD8&" "&AE8,IF(AB8>AA8,AD8&" "&AE9,"")) -> 2 - 0 (16, 7) | AE9: =CONCATENATE("(",AM9,AN9,AO9,AP9,AQ9,AR9,AS9,")") -> (16, 7) | AF9: =IF(N8>M8,1,0) -> 1 | AG9: =IF(P8>O8,1,0) -> 1 | AH9: =IF(R8>Q8,1,0) -> 0 | AI9: =IF(T8>S8,1,0) -> 0 | AJ9: =IF(V8>U8,1,0) -> 0 | AK9: =IF(X8>W8,1,0) -> 0 | AL9: =IF(Z8>Y8,1,0) -> 0 | AM9: =IF(N8>M8,M8,IF(M8>N8,-N8,"")) -> 16 | AN9: =IF(P8>O8,", "&O8,IF(O8>P8,", "&-P8,"")) -> , 7 | AO9: =IF(R8>Q8,", "&Q8,IF(Q8>R8,", "&-R8,"")) | AP9: =IF(T8>S8,", "&S8,IF(S8>T8,", "&-T8,"")) | AQ9: =IF(V8>U8,", "&U8,IF(U8>V8,", "&-V8,"")) | AR9: =IF(X8>W8,", "&W8,IF(W8>X8,", "&-X8,"")) | AS9: =IF(Z8>Y8,", "&Y8,IF(Y8>Z8,", "&-Z8,"")) | AV9: 2 | AW9: =VLOOKUP(AV9,$A$4:$L$83,6,FALSE) -> 28/Sep-- Table | AY9: =VLOOKUP(AY7,$A$4:$L$87,8,FALSE) -> 3747 | AZ9: =IF(AY9=0,0,VLOOKUP(AY9,Inscripciones!$B$1:$I$464,2,FALSE)) -> LUIS ALONSO VILLALOBOS CAMPOS | BA9: =IF(AY9=0,0,VLOOKUP(AY9,Inscripciones!$B$1:$L$364,3,FALSE)) -> ESPARZA | BL9: =1+BL8 -> 5 | BM9: =C12 -> 28/Sep | BN9: =D12 -> 0 | BO9: =E12 -> 0 | BP9: JBS | BR9: 5 | BS9: =VLOOKUP(BY10,Inscripciones!$B$1:$B$364,2,FALSE) -> #REF! | BU9: =VLOOKUP(BZ10,Inscripciones!$B$1:$B$364,2,FALSE) -> #REF! | BY9: =G12 -> 3153 | BZ9: =H12 -> 4463 | CA9: =Inscripciones!$B$2 -> U19 MASCULINO | CB9: Ronda de 32 - 5
A10: 4 | B10: 1/16 | C10: 28/Sep | F10: =C10&"-"&D10&"- Table"&E10 -> 28/Sep-- Table | G10: ='SORTEO 32'!D15 -> 2801 | H10: ='SORTEO 32'!D16 -> 2895 | I10: =IF(G10=0,0,VLOOKUP(G10,Inscripciones!$B$1:$I$464,2,FALSE)) -> IAN VARGAS JIMENEZ | J10: =IF(G10=0,0,VLOOKUP(G10,Inscripciones!$B$1:$L$364,3,FALSE)) -> CCDR SAN JOSÉ | K10: =IF(I10=0,0,VLOOKUP(H10,Inscripciones!$B$1:$I$464,2,FALSE)) -> ANDRES JOSE VEGA VALERIO | L10: =IF(I10=0,0,VLOOKUP(H10,Inscripciones!$B$1:$L$364,3,FALSE)) -> ALAJUELA - UCR | M10: 3 | N10: 11 | O10: 5 | P10: 11 | AA10: =IF(M10+N10<>0,SUM(AF10:AL10),"") -> 0 | AB10: =IF(M10+N10<>0,SUM(AF11:AL11),"") -> 2 | AC10: =IF(AA10>AB10,AD10&" "&AE10,IF(AB10>AA10,AD10&" "&AE11,"")) -> 2 - 0 (3, 5) | AD10: =IF(AA10>AB10,AA10&" - "&AB10,IF(AB10>AA10,AB10&" - "&AA10,"")) -> 2 - 0 | AE10: =CONCATENATE("(",AM10,AN10,AO10,AP10,AQ10,AR10,AS10,")") -> (-3, -5) | AF10: =IF(M10>N10,1,0) -> 0 | AG10: =IF(O10>P10,1,0) -> 0 | AH10: =IF(Q10>R10,1,0) -> 0 | AI10: =IF(S10>T10,1,0) -> 0 | AJ10: =IF(U10>V10,1,0) -> 0 | AK10: =IF(W10>X10,1,0) -> 0 | AL10: =IF(Y10>Z10,1,0) -> 0 | AM10: =IF(M10>N10,N10,IF(N10>M10,-M10,"")) -> -3 | AN10: =IF(O10>P10,", "&P10,IF(P10>O10,", "&-O10,"")) -> , -5 | AO10: =IF(Q10>R10,", "&R10,IF(R10>Q10,", "&-Q10,"")) | AP10: =IF(S10>T10,", "&T10,IF(T10>S10,", "&-S10,"")) | AQ10: =IF(U10>V10,", "&V10,IF(V10>U10,", "&-U10,"")) | AR10: =IF(W10>X10,", "&X10,IF(X10>W10,", "&-W10,"")) | AS10: =IF(Y10>Z10,", "&Z10,IF(Z10>Y10,", "&-Y10,"")) | AU10: =1+AU8 -> 4 | AV10: =VLOOKUP(AV9,$A$4:$L$83,8,FALSE) -> 3747 | AW10: =IF(AV10=0,0,VLOOKUP(AV10,Inscripciones!$B$1:$I$464,2,FALSE)) -> LUIS ALONSO VILLALOBOS CAMPOS | AX10: =IF(AV10=0,0,VLOOKUP(AV10,Inscripciones!$B$1:$L$364,3,FALSE)) -> ESPARZA | AZ10: =VLOOKUP(AV9,$A$4:$AD$87,29,FALSE) -> 2 - 0 (10, 8) | BF10: =VLOOKUP(BB11,$A$4:$AD$83,29,FALSE) -> 2 - 1 (-9, 11, 5) | BL10: =1+BL9 -> 6 | BM10: =C14 -> 28/Sep | BN10: =D14 -> 0 | BO10: =E14 -> 0 | BP10: JBS | BR10: 6 | BS10: =VLOOKUP(BY11,Inscripciones!$B$1:$B$364,2,FALSE) -> #REF! | BU10: =VLOOKUP(BZ11,Inscripciones!$B$1:$B$364,2,FALSE) -> #REF! | BY10: =G14 -> 4464 | BZ10: =H14 -> 3458 | CA10: =Inscripciones!$B$2 -> U19 MASCULINO | CB10: Ronda de 32 - 6
I11: 0 | J11: 0 | K11: 0 | L11: 0 | AD11: =IF(AA10>AB10,AD10&" "&AE10,IF(AB10>AA10,AD10&" "&AE11,"")) -> 2 - 0 (3, 5) | AE11: =CONCATENATE("(",AM11,AN11,AO11,AP11,AQ11,AR11,AS11,")") -> (3, 5) | AF11: =IF(N10>M10,1,0) -> 1 | AG11: =IF(P10>O10,1,0) -> 1 | AH11: =IF(R10>Q10,1,0) -> 0 | AI11: =IF(T10>S10,1,0) -> 0 | AJ11: =IF(V10>U10,1,0) -> 0 | AK11: =IF(X10>W10,1,0) -> 0 | AL11: =IF(Z10>Y10,1,0) -> 0 | AM11: =IF(N10>M10,M10,IF(M10>N10,-N10,"")) -> 3 | AN11: =IF(P10>O10,", "&O10,IF(O10>P10,", "&-P10,"")) -> , 5 | AO11: =IF(R10>Q10,", "&Q10,IF(Q10>R10,", "&-R10,"")) | AP11: =IF(T10>S10,", "&S10,IF(S10>T10,", "&-T10,"")) | AQ11: =IF(V10>U10,", "&U10,IF(U10>V10,", "&-V10,"")) | AR11: =IF(X10>W10,", "&W10,IF(W10>X10,", "&-X10,"")) | AS11: =IF(Z10>Y10,", "&Y10,IF(Y10>Z10,", "&-Z10,"")) | BB11: 25 | BC11: =VLOOKUP(BB11,$A$4:$L$83,6,FALSE) -> 28/Sep-- Table | BE11: =VLOOKUP(BE19,$A$4:$L$87,7,FALSE) -> 2895 | BF11: =IF(BE11=0,0,VLOOKUP(BE11,Inscripciones!$B$1:$I$464,2,FALSE)) -> ANDRES JOSE VEGA VALERIO | BG11: =IF(BE11=0,0,VLOOKUP(BE11,Inscripciones!$B$1:$L$364,3,FALSE)) -> ALAJUELA - UCR | BL11: =1+BL10 -> 7 | BM11: =C16 -> 28/Sep | BN11: =D16 -> 0 | BO11: =E16 -> 0 | BP11: JBS | BR11: 7 | BS11: =VLOOKUP(BY12,Inscripciones!$B$1:$B$364,2,FALSE) -> #REF! | BU11: =VLOOKUP(BZ12,Inscripciones!$B$1:$B$364,2,FALSE) -> #REF! | BY11: =G16 -> 3671 | BZ11: =H16 -> 4115 | CA11: =Inscripciones!$B$2 -> U19 MASCULINO | CB11: Ronda de 32 - 7
A12: 5 | B12: 1/16 | C12: 28/Sep | F12: =C12&"-"&D12&"- Table"&E12 -> 28/Sep-- Table | G12: ='SORTEO 32'!D17 -> 3153 | H12: ='SORTEO 32'!D18 -> 4463 | I12: =IF(G12=0,0,VLOOKUP(G12,Inscripciones!$B$1:$I$464,2,FALSE)) -> ARIEL IGNACIO BARTELS BARQUERO | J12: =IF(G12=0,0,VLOOKUP(G12,Inscripciones!$B$1:$L$364,3,FALSE)) -> PÉREZ ZELEDÓN - UNA | K12: =IF(I12=0,0,VLOOKUP(H12,Inscripciones!$B$1:$I$464,2,FALSE)) -> ISAAC ANDRÉS LEAL CHACÓN | L12: =IF(I12=0,0,VLOOKUP(H12,Inscripciones!$B$1:$L$364,3,FALSE)) -> ESPARZA | M12: 11 | N12: 5 | O12: 11 | P12: 4 | AA12: =IF(M12+N12<>0,SUM(AF12:AL12),"") -> 2 | AB12: =IF(M12+N12<>0,SUM(AF13:AL13),"") -> 0 | AC12: =IF(AA12>AB12,AD12&" "&AE12,IF(AB12>AA12,AD12&" "&AE13,"")) -> 2 - 0 (5, 4) | AD12: =IF(AA12>AB12,AA12&" - "&AB12,IF(AB12>AA12,AB12&" - "&AA12,"")) -> 2 - 0 | AE12: =CONCATENATE("(",AM12,AN12,AO12,AP12,AQ12,AR12,AS12,")") -> (5, 4) | AF12: =IF(M12>N12,1,0) -> 1 | AG12: =IF(O12>P12,1,0) -> 1 | AH12: =IF(Q12>R12,1,0) -> 0 | AI12: =IF(S12>T12,1,0) -> 0 | AJ12: =IF(U12>V12,1,0) -> 0 | AK12: =IF(W12>X12,1,0) -> 0 | AL12: =IF(Y12>Z12,1,0) -> 0 | AM12: =IF(M12>N12,N12,IF(N12>M12,-M12,"")) -> 5 | AN12: =IF(O12>P12,", "&P12,IF(P12>O12,", "&-O12,"")) -> , 4 | AO12: =IF(Q12>R12,", "&R12,IF(R12>Q12,", "&-Q12,"")) | AP12: =IF(S12>T12,", "&T12,IF(T12>S12,", "&-S12,"")) | AQ12: =IF(U12>V12,", "&V12,IF(V12>U12,", "&-U12,"")) | AR12: =IF(W12>X12,", "&X12,IF(X12>W12,", "&-W12,"")) | AS12: =IF(Y12>Z12,", "&Z12,IF(Z12>Y12,", "&-Y12,"")) | AU12: =1+AU10 -> 5 | AV12: =VLOOKUP(AV13,$A$4:$L$83,7,FALSE) -> 3468 | AW12: =IF(AV12=0,0,VLOOKUP(AV12,Inscripciones!$B$1:$I$464,2,FALSE)) -> DANIEL DAVID ALPIZAR VILLALOBOS | AX12: =IF(AV12=0,0,VLOOKUP(AV12,Inscripciones!$B$1:$L$364,3,FALSE)) -> ASERRÍ | AZ12: =VLOOKUP(AV13,$A$4:$AD$83,29,FALSE) -> 2 - 0 (16, 7) | BL12: =1+BL11 -> 8 | BM12: =C18 -> 28/Sep | BN12: =D18 -> 0 | BO12: =E18 -> 0 | BP12: JBS | BR12: 8 | BS12: =VLOOKUP(BY13,Inscripciones!$B$1:$B$364,2,FALSE) -> #REF! | BU12: =VLOOKUP(BZ13,Inscripciones!$B$1:$B$364,2,FALSE) -> #REF! | BY12: =G18 -> 3719 | BZ12: =H18 -> 4034 | CA12: =Inscripciones!$B$2 -> U19 MASCULINO | CB12: Ronda de 32 - 8
I13: 0 | J13: 0 | K13: 0 | L13: 0 | AD13: =IF(AA12>AB12,AD12&" "&AE12,IF(AB12>AA12,AD12&" "&AE13,"")) -> 2 - 0 (5, 4) | AE13: =CONCATENATE("(",AM13,AN13,AO13,AP13,AQ13,AR13,AS13,")") -> (-5, -4) | AF13: =IF(N12>M12,1,0) -> 0 | AG13: =IF(P12>O12,1,0) -> 0 | AH13: =IF(R12>Q12,1,0) -> 0 | AI13: =IF(T12>S12,1,0) -> 0 | AJ13: =IF(V12>U12,1,0) -> 0 | AK13: =IF(X12>W12,1,0) -> 0 | AL13: =IF(Z12>Y12,1,0) -> 0 | AM13: =IF(N12>M12,M12,IF(M12>N12,-N12,"")) -> -5 | AN13: =IF(P12>O12,", "&O12,IF(O12>P12,", "&-P12,"")) -> , -4 | AO13: =IF(R12>Q12,", "&Q12,IF(Q12>R12,", "&-R12,"")) | AP13: =IF(T12>S12,", "&S12,IF(S12>T12,", "&-T12,"")) | AQ13: =IF(V12>U12,", "&U12,IF(U12>V12,", "&-V12,"")) | AR13: =IF(X12>W12,", "&W12,IF(W12>X12,", "&-X12,"")) | AS13: =IF(Z12>Y12,", "&Y12,IF(Y12>Z12,", "&-Z12,"")) | AV13: 3 | AW13: =VLOOKUP(AV13,$A$4:$L$83,6,FALSE) -> 28/Sep-- Table | AY13: =VLOOKUP(AY15,$A$4:$L$87,7,FALSE) -> 4056 | AZ13: =IF(AY13=0,0,VLOOKUP(AY13,Inscripciones!$B$1:$I$464,2,FALSE)) -> JOSEF ARIAS BRAVO | BA13: =IF(AY13=0,0,VLOOKUP(AY13,Inscripciones!$B$1:$L$364,3,FALSE)) -> ESPARZA | BL13: =1+BL12 -> 9 | BM13: =C20 -> 28/Sep | BN13: =D20 -> 0 | BO13: =E20 -> 0 | BP13: JBS | BR13: 9 | BS13: =VLOOKUP(BY14,Inscripciones!$B$1:$B$364,2,FALSE) -> #REF! | BU13: =VLOOKUP(BZ14,Inscripciones!$B$1:$B$364,2,FALSE) -> #REF! | BY13: =G20 -> 3472 | BZ13: =H20 -> 3696 | CA13: =Inscripciones!$B$2 -> U19 MASCULINO | CB13: Ronda de 32 - 9
A14: 6 | B14: 1/16 | C14: 28/Sep | F14: =C14&"-"&D14&"- Table"&E14 -> 28/Sep-- Table | G14: ='SORTEO 32'!D19 -> 4464 | H14: ='SORTEO 32'!D20 -> 3458 | I14: =IF(G14=0,0,VLOOKUP(G14,Inscripciones!$B$1:$I$464,2,FALSE)) -> ISAAC GAMBOA MORERA | J14: =IF(G14=0,0,VLOOKUP(G14,Inscripciones!$B$1:$L$364,3,FALSE)) -> ESPARZA | K14: =IF(I14=0,0,VLOOKUP(H14,Inscripciones!$B$1:$I$464,2,FALSE)) -> SANTIAGO ALVAREZ LONGHI | L14: =IF(I14=0,0,VLOOKUP(H14,Inscripciones!$B$1:$L$364,3,FALSE)) -> SANTO DOMINGO | M14: 2 | N14: 11 | O14: 8 | P14: 11 | AA14: =IF(M14+N14<>0,SUM(AF14:AL14),"") -> 0 | AB14: =IF(M14+N14<>0,SUM(AF15:AL15),"") -> 2 | AC14: =IF(AA14>AB14,AD14&" "&AE14,IF(AB14>AA14,AD14&" "&AE15,"")) -> 2 - 0 (2, 8) | AD14: =IF(AA14>AB14,AA14&" - "&AB14,IF(AB14>AA14,AB14&" - "&AA14,"")) -> 2 - 0 | AE14: =CONCATENATE("(",AM14,AN14,AO14,AP14,AQ14,AR14,AS14,")") -> (-2, -8) | AF14: =IF(M14>N14,1,0) -> 0 | AG14: =IF(O14>P14,1,0) -> 0 | AH14: =IF(Q14>R14,1,0) -> 0 | AI14: =IF(S14>T14,1,0) -> 0 | AJ14: =IF(U14>V14,1,0) -> 0 | AK14: =IF(W14>X14,1,0) -> 0 | AL14: =IF(Y14>Z14,1,0) -> 0 | AM14: =IF(M14>N14,N14,IF(N14>M14,-M14,"")) -> -2 | AN14: =IF(O14>P14,", "&P14,IF(P14>O14,", "&-O14,"")) -> , -8 | AO14: =IF(Q14>R14,", "&R14,IF(R14>Q14,", "&-Q14,"")) | AP14: =IF(S14>T14,", "&T14,IF(T14>S14,", "&-S14,"")) | AQ14: =IF(U14>V14,", "&V14,IF(V14>U14,", "&-U14,"")) | AR14: =IF(W14>X14,", "&X14,IF(X14>W14,", "&-W14,"")) | AS14: =IF(Y14>Z14,", "&Z14,IF(Z14>Y14,", "&-Y14,"")) | AU14: =1+AU12 -> 6 | AV14: =VLOOKUP(AV13,$A$4:$L$83,8,FALSE) -> 4056 | AW14: =IF(AV14=0,0,VLOOKUP(AV14,Inscripciones!$B$1:$I$464,2,FALSE)) -> JOSEF ARIAS BRAVO | AX14: =IF(AV14=0,0,VLOOKUP(AV14,Inscripciones!$B$1:$L$364,3,FALSE)) -> ESPARZA | BL14: =1+BL13 -> 10 | BM14: =C22 -> 28/Sep | BN14: =D22 -> 0 | BO14: =E22 -> 0 | BP14: JBS | BR14: 10 | BS14: =VLOOKUP(BY15,Inscripciones!$B$1:$B$364,2,FALSE) -> #REF! | BU14: =VLOOKUP(BZ15,Inscripciones!$B$1:$B$364,2,FALSE) -> #REF! | BY14: =G22 -> 2847 | BZ14: =H22 -> 4363 | CA14: =Inscripciones!$B$2 -> U19 MASCULINO | CB14: Ronda de 32 - 10
I15: 0 | J15: 0 | K15: 0 | L15: 0 | AD15: =IF(AA14>AB14,AD14&" "&AE14,IF(AB14>AA14,AD14&" "&AE15,"")) -> 2 - 0 (2, 8) | AE15: =CONCATENATE("(",AM15,AN15,AO15,AP15,AQ15,AR15,AS15,")") -> (2, 8) | AF15: =IF(N14>M14,1,0) -> 1 | AG15: =IF(P14>O14,1,0) -> 1 | AH15: =IF(R14>Q14,1,0) -> 0 | AI15: =IF(T14>S14,1,0) -> 0 | AJ15: =IF(V14>U14,1,0) -> 0 | AK15: =IF(X14>W14,1,0) -> 0 | AL15: =IF(Z14>Y14,1,0) -> 0 | AM15: =IF(N14>M14,M14,IF(M14>N14,-N14,"")) -> 2 | AN15: =IF(P14>O14,", "&O14,IF(O14>P14,", "&-P14,"")) -> , 8 | AO15: =IF(R14>Q14,", "&Q14,IF(Q14>R14,", "&-R14,"")) | AP15: =IF(T14>S14,", "&S14,IF(S14>T14,", "&-T14,"")) | AQ15: =IF(V14>U14,", "&U14,IF(U14>V14,", "&-V14,"")) | AR15: =IF(X14>W14,", "&W14,IF(W14>X14,", "&-X14,"")) | AS15: =IF(Z14>Y14,", "&Y14,IF(Y14>Z14,", "&-Z14,"")) | AY15: 18 | AZ15: =VLOOKUP(AY15,$A$4:$L$83,6,FALSE) -> 28/Sep-- Table | BB15: =VLOOKUP(BB11,$A$4:$L$87,8,FALSE) -> 2895 | BC15: =IF(BB15=0,0,VLOOKUP(BB15,Inscripciones!$B$1:$I$464,2,FALSE)) -> ANDRES JOSE VEGA VALERIO | BD15: =IF(BB15=0,0,VLOOKUP(BB15,Inscripciones!$B$1:$L$364,3,FALSE)) -> ALAJUELA - UCR | BL15: =1+BL14 -> 11 | BM15: =C24 -> 28/Sep | BN15: =D24 -> 0 | BO15: =E24 -> 0 | BP15: JBS | BR15: 11 | BS15: =VLOOKUP(BY16,Inscripciones!$B$1:$B$364,2,FALSE) -> #REF! | BU15: =VLOOKUP(BZ16,Inscripciones!$B$1:$B$364,2,FALSE) -> #REF! | BY15: =G24 -> 2368 | BZ15: =H24 -> 3309 | CA15: =Inscripciones!$B$2 -> U19 MASCULINO | CB15: Ronda de 32 - 11
A16: 7 | B16: 1/16 | C16: 28/Sep | F16: =C16&"-"&D16&"- Table"&E16 -> 28/Sep-- Table | G16: ='SORTEO 32'!D21 -> 3671 | H16: ='SORTEO 32'!D22 -> 4115 | I16: =IF(G16=0,0,VLOOKUP(G16,Inscripciones!$B$1:$I$464,2,FALSE)) -> NICOLAS OVARES CASTRO | J16: =IF(G16=0,0,VLOOKUP(G16,Inscripciones!$B$1:$L$364,3,FALSE)) -> SANTA ANA | K16: =IF(I16=0,0,VLOOKUP(H16,Inscripciones!$B$1:$I$464,2,FALSE)) -> JOSEPH ANGEL LOPEZ ARAUZ | L16: =IF(I16=0,0,VLOOKUP(H16,Inscripciones!$B$1:$L$364,3,FALSE)) -> ATM SANTA CRUZ | M16: 11 | N16: 6 | O16: 11 | P16: 8 | AA16: =IF(M16+N16<>0,SUM(AF16:AL16),"") -> 2 | AB16: =IF(M16+N16<>0,SUM(AF17:AL17),"") -> 0 | AC16: =IF(AA16>AB16,AD16&" "&AE16,IF(AB16>AA16,AD16&" "&AE17,"")) -> 2 - 0 (6, 8) | AD16: =IF(AA16>AB16,AA16&" - "&AB16,IF(AB16>AA16,AB16&" - "&AA16,"")) -> 2 - 0 | AE16: =CONCATENATE("(",AM16,AN16,AO16,AP16,AQ16,AR16,AS16,")") -> (6, 8) | AF16: =IF(M16>N16,1,0) -> 1 | AG16: =IF(O16>P16,1,0) -> 1 | AH16: =IF(Q16>R16,1,0) -> 0 | AI16: =IF(S16>T16,1,0) -> 0 | AJ16: =IF(U16>V16,1,0) -> 0 | AK16: =IF(W16>X16,1,0) -> 0 | AL16: =IF(Y16>Z16,1,0) -> 0 | AM16: =IF(M16>N16,N16,IF(N16>M16,-M16,"")) -> 6 | AN16: =IF(O16>P16,", "&P16,IF(P16>O16,", "&-O16,"")) -> , 8 | AO16: =IF(Q16>R16,", "&R16,IF(R16>Q16,", "&-Q16,"")) | AP16: =IF(S16>T16,", "&T16,IF(T16>S16,", "&-S16,"")) | AQ16: =IF(U16>V16,", "&V16,IF(V16>U16,", "&-U16,"")) | AR16: =IF(W16>X16,", "&X16,IF(X16>W16,", "&-W16,"")) | AS16: =IF(Y16>Z16,", "&Z16,IF(Z16>Y16,", "&-Y16,"")) | AU16: =1+AU14 -> 7 | AV16: =VLOOKUP(AV17,$A$4:$L$83,7,FALSE) -> 2801 | AW16: =IF(AV16=0,0,VLOOKUP(AV16,Inscripciones!$B$1:$I$464,2,FALSE)) -> IAN VARGAS JIMENEZ | AX16: =IF(AV16=0,0,VLOOKUP(AV16,Inscripciones!$B$1:$L$364,3,FALSE)) -> CCDR SAN JOSÉ | BC16: =VLOOKUP(AY15,$A$4:$AD$87,29,FALSE) -> 2 - 0 (3, 5) | BL16: =1+BL15 -> 12 | BM16: =C26 -> 28/Sep | BN16: =D26 -> 0 | BO16: =E26 -> 0 | BP16: JBS | BR16: 12 | BS16: =VLOOKUP(BY17,Inscripciones!$B$1:$B$364,2,FALSE) -> #REF! | BU16: =VLOOKUP(BZ17,Inscripciones!$B$1:$B$364,2,FALSE) -> #REF! | BY16: =G26 -> 4513 | BZ16: =H26 -> 4002 | CA16: =Inscripciones!$B$2 -> U19 MASCULINO | CB16: Ronda de 32 - 12
I17: 0 | J17: 0 | K17: 0 | L17: 0 | AD17: =IF(AA16>AB16,AD16&" "&AE16,IF(AB16>AA16,AD16&" "&AE17,"")) -> 2 - 0 (6, 8) | AE17: =CONCATENATE("(",AM17,AN17,AO17,AP17,AQ17,AR17,AS17,")") -> (-6, -8) | AF17: =IF(N16>M16,1,0) -> 0 | AG17: =IF(P16>O16,1,0) -> 0 | AH17: =IF(R16>Q16,1,0) -> 0 | AI17: =IF(T16>S16,1,0) -> 0 | AJ17: =IF(V16>U16,1,0) -> 0 | AK17: =IF(X16>W16,1,0) -> 0 | AL17: =IF(Z16>Y16,1,0) -> 0 | AM17: =IF(N16>M16,M16,IF(M16>N16,-N16,"")) -> -6 | AN17: =IF(P16>O16,", "&O16,IF(O16>P16,", "&-P16,"")) -> , -8 | AO17: =IF(R16>Q16,", "&Q16,IF(Q16>R16,", "&-R16,"")) | AP17: =IF(T16>S16,", "&S16,IF(S16>T16,", "&-T16,"")) | AQ17: =IF(V16>U16,", "&U16,IF(U16>V16,", "&-V16,"")) | AR17: =IF(X16>W16,", "&W16,IF(W16>X16,", "&-X16,"")) | AS17: =IF(Z16>Y16,", "&Y16,IF(Y16>Z16,", "&-Z16,"")) | AV17: 4 | AW17: =VLOOKUP(AV17,$A$4:$L$83,6,FALSE) -> 28/Sep-- Table | AY17: =VLOOKUP(AY15,$A$4:$L$87,8,FALSE) -> 2895 | AZ17: =IF(AY17=0,0,VLOOKUP(AY17,Inscripciones!$B$1:$I$464,2,FALSE)) -> ANDRES JOSE VEGA VALERIO | BA17: =IF(AY17=0,0,VLOOKUP(AY17,Inscripciones!$B$1:$L$364,3,FALSE)) -> ALAJUELA - UCR | BL17: =1+BL16 -> 13 | BM17: =C28 -> 28/Sep | BN17: =D28 -> 0 | BO17: =E28 -> 0 | BP17: JBS | BR17: 13 | BS17: =VLOOKUP(BY18,Inscripciones!$B$1:$B$364,2,FALSE) -> #REF! | BU17: =VLOOKUP(BZ18,Inscripciones!$B$1:$B$364,2,FALSE) -> #REF! | BY17: =G28 -> 2623 | BZ17: =H28 -> 4287 | CA17: =Inscripciones!$B$2 -> U19 MASCULINO | CB17: Ronda de 32 - 13
A18: 8 | B18: 1/16 | C18: 28/Sep | F18: =C18&"-"&D18&"- Table"&E18 -> 28/Sep-- Table | G18: ='SORTEO 32'!D23 -> 3719 | H18: ='SORTEO 32'!D24 -> 4034 | I18: =IF(G18=0,0,VLOOKUP(G18,Inscripciones!$B$1:$I$464,2,FALSE)) -> MARCELO MASIS RODRÍGUEZ | J18: =IF(G18=0,0,VLOOKUP(G18,Inscripciones!$B$1:$L$364,3,FALSE)) -> SANTA ANA | K18: =IF(I18=0,0,VLOOKUP(H18,Inscripciones!$B$1:$I$464,2,FALSE)) -> IAN DAVID GARRO ALONSO | L18: =IF(I18=0,0,VLOOKUP(H18,Inscripciones!$B$1:$L$364,3,FALSE)) -> CCDR SAN JOSÉ | M18: 1 | N18: 11 | O18: 7 | P18: 11 | AA18: =IF(M18+N18<>0,SUM(AF18:AL18),"") -> 0 | AB18: =IF(M18+N18<>0,SUM(AF19:AL19),"") -> 2 | AC18: =IF(AA18>AB18,AD18&" "&AE18,IF(AB18>AA18,AD18&" "&AE19,"")) -> 2 - 0 (1, 7) | AD18: =IF(AA18>AB18,AA18&" - "&AB18,IF(AB18>AA18,AB18&" - "&AA18,"")) -> 2 - 0 | AE18: =CONCATENATE("(",AM18,AN18,AO18,AP18,AQ18,AR18,AS18,")") -> (-1, -7) | AF18: =IF(M18>N18,1,0) -> 0 | AG18: =IF(O18>P18,1,0) -> 0 | AH18: =IF(Q18>R18,1,0) -> 0 | AI18: =IF(S18>T18,1,0) -> 0 | AJ18: =IF(U18>V18,1,0) -> 0 | AK18: =IF(W18>X18,1,0) -> 0 | AL18: =IF(Y18>Z18,1,0) -> 0 | AM18: =IF(M18>N18,N18,IF(N18>M18,-M18,"")) -> -1 | AN18: =IF(O18>P18,", "&P18,IF(P18>O18,", "&-O18,"")) -> , -7 | AO18: =IF(Q18>R18,", "&R18,IF(R18>Q18,", "&-Q18,"")) | AP18: =IF(S18>T18,", "&T18,IF(T18>S18,", "&-S18,"")) | AQ18: =IF(U18>V18,", "&V18,IF(V18>U18,", "&-U18,"")) | AR18: =IF(W18>X18,", "&X18,IF(X18>W18,", "&-W18,"")) | AS18: =IF(Y18>Z18,", "&Z18,IF(Z18>Y18,", "&-Y18,"")) | AU18: =1+AU16 -> 8 | AV18: =VLOOKUP(AV17,$A$4:$L$83,8,FALSE) -> 2895 | AW18: =IF(AV18=0,0,VLOOKUP(AV18,Inscripciones!$B$1:$I$464,2,FALSE)) -> ANDRES JOSE VEGA VALERIO | AX18: =IF(AV18=0,0,VLOOKUP(AV18,Inscripciones!$B$1:$L$364,3,FALSE)) -> ALAJUELA - UCR | AZ18: =VLOOKUP(AV17,$A$4:$AD$87,29,FALSE) -> 2 - 0 (3, 5) | BI18: =VLOOKUP(BE19,$A$4:$AD$83,29,FALSE) -> 3 - 0 (4, 4, 9) | BL18: =1+BL17 -> 14 | BM18: =C30 -> 28/Sep | BN18: =D30 -> 0 | BO18: =E30 -> 0 | BP18: JBS | BR18: 14 | BS18: =VLOOKUP(BY19,Inscripciones!$B$1:$B$364,2,FALSE) -> #REF! | BU18: =VLOOKUP(BZ19,Inscripciones!$B$1:$B$364,2,FALSE) -> #REF! | BY18: =G30 -> 3450 | BZ18: =H30 -> 3836 | CA18: =Inscripciones!$B$2 -> U19 MASCULINO | CB18: Ronda de 32 - 14
I19: 0 | J19: 0 | K19: 0 | L19: 0 | AD19: =IF(AA18>AB18,AD18&" "&AE18,IF(AB18>AA18,AD18&" "&AE19,"")) -> 2 - 0 (1, 7) | AE19: =CONCATENATE("(",AM19,AN19,AO19,AP19,AQ19,AR19,AS19,")") -> (1, 7) | AF19: =IF(N18>M18,1,0) -> 1 | AG19: =IF(P18>O18,1,0) -> 1 | AH19: =IF(R18>Q18,1,0) -> 0 | AI19: =IF(T18>S18,1,0) -> 0 | AJ19: =IF(V18>U18,1,0) -> 0 | AK19: =IF(X18>W18,1,0) -> 0 | AL19: =IF(Z18>Y18,1,0) -> 0 | AM19: =IF(N18>M18,M18,IF(M18>N18,-N18,"")) -> 1 | AN19: =IF(P18>O18,", "&O18,IF(O18>P18,", "&-P18,"")) -> , 7 | AO19: =IF(R18>Q18,", "&Q18,IF(Q18>R18,", "&-R18,"")) | AP19: =IF(T18>S18,", "&S18,IF(S18>T18,", "&-T18,"")) | AQ19: =IF(V18>U18,", "&U18,IF(U18>V18,", "&-V18,"")) | AR19: =IF(X18>W18,", "&W18,IF(W18>X18,", "&-X18,"")) | AS19: =IF(Z18>Y18,", "&Y18,IF(Y18>Z18,", "&-Z18,"")) | BE19: 29 | BF19: =VLOOKUP(BE19,$A$4:$L$83,6,FALSE) -> 28/Sep-- Table | BH19: =VLOOKUP(BH34,$A$4:$L$87,7,FALSE) -> 2895 | BI19: =IF(BH19=0,0,VLOOKUP(BH19,Inscripciones!$B$1:$I$464,2,FALSE)) -> ANDRES JOSE VEGA VALERIO | BJ19: =IF(BH19=0,0,VLOOKUP(BH19,Inscripciones!$B$1:$L$364,3,FALSE)) -> ALAJUELA - UCR | BL19: =1+BL18 -> 15 | BM19: =C32 -> 28/Sep | BN19: =D32 -> 0 | BO19: =E32 -> 0 | BP19: JBS | BR19: 15 | BS19: =VLOOKUP(BY20,Inscripciones!$B$1:$B$364,2,FALSE) -> #REF! | BU19: =VLOOKUP(BZ20,Inscripciones!$B$1:$B$364,2,FALSE) -> #REF! | BY19: =G32 -> 3499 | BZ19: =H32 -> 4284 | CA19: =Inscripciones!$B$2 -> U19 MASCULINO | CB19: Ronda de 32 - 15
A20: 9 | B20: 1/16 | C20: 28/Sep | F20: =C20&"-"&D20&"- Table"&E20 -> 28/Sep-- Table | G20: ='SORTEO 32'!D25 -> 3472 | H20: ='SORTEO 32'!D26 -> 3696 | I20: =IF(G20=0,0,VLOOKUP(G20,Inscripciones!$B$1:$I$464,2,FALSE)) -> JAYDRICK SHAMALL BAKER CRAWFORD | J20: =IF(G20=0,0,VLOOKUP(G20,Inscripciones!$B$1:$L$364,3,FALSE)) -> ASERRÍ - UCR | K20: =IF(I20=0,0,VLOOKUP(H20,Inscripciones!$B$1:$I$464,2,FALSE)) -> NICOLAS CECILIANO ESQUIVEL | L20: =IF(I20=0,0,VLOOKUP(H20,Inscripciones!$B$1:$L$364,3,FALSE)) -> PÉREZ ZELEDÓN | M20: 11 | N20: 5 | O20: 11 | P20: 2 | AA20: =IF(M20+N20<>0,SUM(AF20:AL20),"") -> 2 | AB20: =IF(M20+N20<>0,SUM(AF21:AL21),"") -> 0 | AC20: =IF(AA20>AB20,AD20&" "&AE20,IF(AB20>AA20,AD20&" "&AE21,"")) -> 2 - 0 (5, 2) | AD20: =IF(AA20>AB20,AA20&" - "&AB20,IF(AB20>AA20,AB20&" - "&AA20,"")) -> 2 - 0 | AE20: =CONCATENATE("(",AM20,AN20,AO20,AP20,AQ20,AR20,AS20,")") -> (5, 2) | AF20: =IF(M20>N20,1,0) -> 1 | AG20: =IF(O20>P20,1,0) -> 1 | AH20: =IF(Q20>R20,1,0) -> 0 | AI20: =IF(S20>T20,1,0) -> 0 | AJ20: =IF(U20>V20,1,0) -> 0 | AK20: =IF(W20>X20,1,0) -> 0 | AL20: =IF(Y20>Z20,1,0) -> 0 | AM20: =IF(M20>N20,N20,IF(N20>M20,-M20,"")) -> 5 | AN20: =IF(O20>P20,", "&P20,IF(P20>O20,", "&-O20,"")) -> , 2 | AO20: =IF(Q20>R20,", "&R20,IF(R20>Q20,", "&-Q20,"")) | AP20: =IF(S20>T20,", "&T20,IF(T20>S20,", "&-S20,"")) | AQ20: =IF(U20>V20,", "&V20,IF(V20>U20,", "&-U20,"")) | AR20: =IF(W20>X20,", "&X20,IF(X20>W20,", "&-W20,"")) | AS20: =IF(Y20>Z20,", "&Z20,IF(Z20>Y20,", "&-Y20,"")) | AU20: =1+AU18 -> 9 | AV20: =VLOOKUP(AV21,$A$4:$L$83,7,FALSE) -> 3153 | AW20: =IF(AV20=0,0,VLOOKUP(AV20,Inscripciones!$B$1:$I$464,2,FALSE)) -> ARIEL IGNACIO BARTELS BARQUERO | AX20: =IF(AV20=0,0,VLOOKUP(AV20,Inscripciones!$B$1:$L$364,3,FALSE)) -> PÉREZ ZELEDÓN - UNA | AZ20: =VLOOKUP(AV21,$A$4:$AD$83,29,FALSE) -> 2 - 0 (5, 4) | BL20: =1+BL19 -> 16 | BM20: =C34 -> 28/Sep | BN20: =D34 -> 0 | BO20: =E34 -> 0 | BP20: JBS | BR20: 16 | BS20: =VLOOKUP(#REF!,Inscripciones!$B$1:$B$364,2,FALSE) -> #REF! | BU20: =VLOOKUP(#REF!,Inscripciones!$B$1:$B$364,2,FALSE) -> #REF! | BY20: =G34 -> 3449 | BZ20: =H34 -> 4144 | CA20: =Inscripciones!$B$2 -> U19 MASCULINO | CB20: Ronda de 32 - 16
I21: 0 | J21: 0 | K21: 0 | L21: 0 | AD21: =IF(AA20>AB20,AD20&" "&AE20,IF(AB20>AA20,AD20&" "&AE21,"")) -> 2 - 0 (5, 2) | AE21: =CONCATENATE("(",AM21,AN21,AO21,AP21,AQ21,AR21,AS21,")") -> (-5, -2) | AF21: =IF(N20>M20,1,0) -> 0 | AG21: =IF(P20>O20,1,0) -> 0 | AH21: =IF(R20>Q20,1,0) -> 0 | AI21: =IF(T20>S20,1,0) -> 0 | AJ21: =IF(V20>U20,1,0) -> 0 | AK21: =IF(X20>W20,1,0) -> 0 | AL21: =IF(Z20>Y20,1,0) -> 0 | AM21: =IF(N20>M20,M20,IF(M20>N20,-N20,"")) -> -5 | AN21: =IF(P20>O20,", "&O20,IF(O20>P20,", "&-P20,"")) -> , -2 | AO21: =IF(R20>Q20,", "&Q20,IF(Q20>R20,", "&-R20,"")) | AP21: =IF(T20>S20,", "&S20,IF(S20>T20,", "&-T20,"")) | AQ21: =IF(V20>U20,", "&U20,IF(U20>V20,", "&-V20,"")) | AR21: =IF(X20>W20,", "&W20,IF(W20>X20,", "&-X20,"")) | AS21: =IF(Z20>Y20,", "&Y20,IF(Y20>Z20,", "&-Z20,"")) | AV21: 5 | AW21: =VLOOKUP(AV21,$A$4:$L$83,6,FALSE) -> 28/Sep-- Table | AY21: =VLOOKUP(AY23,$A$4:$L$87,7,FALSE) -> 3153 | AZ21: =IF(AY21=0,0,VLOOKUP(AY21,Inscripciones!$B$1:$I$464,2,FALSE)) -> ARIEL IGNACIO BARTELS BARQUERO | BA21: =IF(AY21=0,0,VLOOKUP(AY21,Inscripciones!$B$1:$L$364,3,FALSE)) -> PÉREZ ZELEDÓN - UNA | BL21: =1+BL20 -> 17 | BM21: =C36 -> 28/Sep | BN21: =D36 -> 0 | BO21: =E36 -> 0 | BP21: JBS | BR21: 33 | BS21: =VLOOKUP(BY22,Inscripciones!$B$1:$B$364,2,FALSE) -> #REF! | BU21: =VLOOKUP(BZ22,Inscripciones!$B$1:$B$364,2,FALSE) -> #REF! | BY21: =G36 -> 2515 | BZ21: =H36 -> 3747 | CA21: =Inscripciones!$B$2 -> U19 MASCULINO | CB21: Ronda de 16 - 1
A22: 10 | B22: 1/16 | C22: 28/Sep | F22: =C22&"-"&D22&"- Table"&E22 -> 28/Sep-- Table | G22: ='SORTEO 32'!D27 -> 2847 | H22: ='SORTEO 32'!D28 -> 4363 | I22: =IF(G22=0,0,VLOOKUP(G22,Inscripciones!$B$1:$I$464,2,FALSE)) -> LUIS GAEL SILES LOBO | J22: =IF(G22=0,0,VLOOKUP(G22,Inscripciones!$B$1:$L$364,3,FALSE)) -> ESPARZA | K22: =IF(I22=0,0,VLOOKUP(H22,Inscripciones!$B$1:$I$464,2,FALSE)) -> CESAR DAM BLANCO | L22: =IF(I22=0,0,VLOOKUP(H22,Inscripciones!$B$1:$L$364,3,FALSE)) -> CCDR ALAJUELA | M22: 11 | N22: 13 | O22: 11 | P22: 9 | Q22: 9 | R22: 11 | AA22: =IF(M22+N22<>0,SUM(AF22:AL22),"") -> 1 | AB22: =IF(M22+N22<>0,SUM(AF23:AL23),"") -> 2 | AC22: =IF(AA22>AB22,AD22&" "&AE22,IF(AB22>AA22,AD22&" "&AE23,"")) -> 2 - 1 (11, -9, 9) | AD22: =IF(AA22>AB22,AA22&" - "&AB22,IF(AB22>AA22,AB22&" - "&AA22,"")) -> 2 - 1 | AE22: =CONCATENATE("(",AM22,AN22,AO22,AP22,AQ22,AR22,AS22,")") -> (-11, 9, -9) | AF22: =IF(M22>N22,1,0) -> 0 | AG22: =IF(O22>P22,1,0) -> 1 | AH22: =IF(Q22>R22,1,0) -> 0 | AI22: =IF(S22>T22,1,0) -> 0 | AJ22: =IF(U22>V22,1,0) -> 0 | AK22: =IF(W22>X22,1,0) -> 0 | AL22: =IF(Y22>Z22,1,0) -> 0 | AM22: =IF(M22>N22,N22,IF(N22>M22,-M22,"")) -> -11 | AN22: =IF(O22>P22,", "&P22,IF(P22>O22,", "&-O22,"")) -> , 9 | AO22: =IF(Q22>R22,", "&R22,IF(R22>Q22,", "&-Q22,"")) -> , -9 | AP22: =IF(S22>T22,", "&T22,IF(T22>S22,", "&-S22,"")) | AQ22: =IF(U22>V22,", "&V22,IF(V22>U22,", "&-U22,"")) | AR22: =IF(W22>X22,", "&X22,IF(X22>W22,", "&-W22,"")) | AS22: =IF(Y22>Z22,", "&Z22,IF(Z22>Y22,", "&-Y22,"")) | AU22: =1+AU20 -> 10 | AV22: =VLOOKUP(AV21,$A$4:$L$83,8,FALSE) -> 4463 | AW22: =IF(AV22=0,0,VLOOKUP(AV22,Inscripciones!$B$1:$I$464,2,FALSE)) -> ISAAC ANDRÉS LEAL CHACÓN | AX22: =IF(AV22=0,0,VLOOKUP(AV22,Inscripciones!$B$1:$L$364,3,FALSE)) -> ESPARZA | BC22: =VLOOKUP(AY23,$A$4:$AD$83,29,FALSE) -> 2 - 1 (8, -6, 10) | BL22: =1+BL21 -> 18 | BM22: =C38 -> 28/Sep | BN22: =D38 -> 0 | BO22: =E38 -> 0 | BP22: JBS | BR22: 34 | BS22: =VLOOKUP(BY23,Inscripciones!$B$1:$B$364,2,FALSE) -> #REF! | BU22: =VLOOKUP(BZ23,Inscripciones!$B$1:$B$364,2,FALSE) -> #REF! | BY22: =G38 -> 4056 | BZ22: =H38 -> 2895 | CA22: =Inscripciones!$B$2 -> U19 MASCULINO | CB22: Ronda de 16 - 2
I23: 0 | J23: 0 | K23: 0 | L23: 0 | AD23: =IF(AA22>AB22,AD22&" "&AE22,IF(AB22>AA22,AD22&" "&AE23,"")) -> 2 - 1 (11, -9, 9) | AE23: =CONCATENATE("(",AM23,AN23,AO23,AP23,AQ23,AR23,AS23,")") -> (11, -9, 9) | AF23: =IF(N22>M22,1,0) -> 1 | AG23: =IF(P22>O22,1,0) -> 0 | AH23: =IF(R22>Q22,1,0) -> 1 | AI23: =IF(T22>S22,1,0) -> 0 | AJ23: =IF(V22>U22,1,0) -> 0 | AK23: =IF(X22>W22,1,0) -> 0 | AL23: =IF(Z22>Y22,1,0) -> 0 | AM23: =IF(N22>M22,M22,IF(M22>N22,-N22,"")) -> 11 | AN23: =IF(P22>O22,", "&O22,IF(O22>P22,", "&-P22,"")) -> , -9 | AO23: =IF(R22>Q22,", "&Q22,IF(Q22>R22,", "&-R22,"")) -> , 9 | AP23: =IF(T22>S22,", "&S22,IF(S22>T22,", "&-T22,"")) | AQ23: =IF(V22>U22,", "&U22,IF(U22>V22,", "&-V22,"")) | AR23: =IF(X22>W22,", "&W22,IF(W22>X22,", "&-X22,"")) | AS23: =IF(Z22>Y22,", "&Y22,IF(Y22>Z22,", "&-Z22,"")) | AY23: 19 | AZ23: =VLOOKUP(AY23,$A$4:$L$83,6,FALSE) -> 28/Sep-- Table | BB23: =VLOOKUP(BB27,$A$4:$L$87,7,FALSE) -> 3458 | BC23: =IF(BB23=0,0,VLOOKUP(BB23,Inscripciones!$B$1:$I$464,2,FALSE)) -> SANTIAGO ALVAREZ LONGHI | BD23: =IF(BB23=0,0,VLOOKUP(BB23,Inscripciones!$B$1:$L$364,3,FALSE)) -> SANTO DOMINGO | BL23: =1+BL22 -> 19 | BM23: =C40 -> 28/Sep | BN23: =D40 -> 0 | BO23: =E40 -> 0 | BP23: JBS | BR23: 35 | BS23: =VLOOKUP(BY24,Inscripciones!$B$1:$B$364,2,FALSE) -> #REF! | BU23: =VLOOKUP(BZ24,Inscripciones!$B$1:$B$364,2,FALSE) -> #REF! | BY23: =G40 -> 3153 | BZ23: =H40 -> 3458 | CA23: =Inscripciones!$B$2 -> U19 MASCULINO | CB23: Ronda de 16 - 3
A24: 11 | B24: 1/16 | C24: 28/Sep | F24: =C24&"-"&D24&"- Table"&E24 -> 28/Sep-- Table | G24: ='SORTEO 32'!D29 -> 2368 | H24: ='SORTEO 32'!D30 -> 3309 | I24: =IF(G24=0,0,VLOOKUP(G24,Inscripciones!$B$1:$I$464,2,FALSE)) -> EMANUEL RIVERA TORRES | J24: =IF(G24=0,0,VLOOKUP(G24,Inscripciones!$B$1:$L$364,3,FALSE)) -> ASERRÍ | K24: =IF(I24=0,0,VLOOKUP(H24,Inscripciones!$B$1:$I$464,2,FALSE)) -> SEBASTIAN MASIS MURILLO | L24: =IF(I24=0,0,VLOOKUP(H24,Inscripciones!$B$1:$L$364,3,FALSE)) -> GUARCO | M24: 11 | N24: 6 | O24: 11 | P24: 7 | AA24: =IF(M24+N24<>0,SUM(AF24:AL24),"") -> 2 | AB24: =IF(M24+N24<>0,SUM(AF25:AL25),"") -> 0 | AC24: =IF(AA24>AB24,AD24&" "&AE24,IF(AB24>AA24,AD24&" "&AE25,"")) -> 2 - 0 (6, 7) | AD24: =IF(AA24>AB24,AA24&" - "&AB24,IF(AB24>AA24,AB24&" - "&AA24,"")) -> 2 - 0 | AE24: =CONCATENATE("(",AM24,AN24,AO24,AP24,AQ24,AR24,AS24,")") -> (6, 7) | AF24: =IF(M24>N24,1,0) -> 1 | AG24: =IF(O24>P24,1,0) -> 1 | AH24: =IF(Q24>R24,1,0) -> 0 | AI24: =IF(S24>T24,1,0) -> 0 | AJ24: =IF(U24>V24,1,0) -> 0 | AK24: =IF(W24>X24,1,0) -> 0 | AL24: =IF(Y24>Z24,1,0) -> 0 | AM24: =IF(M24>N24,N24,IF(N24>M24,-M24,"")) -> 6 | AN24: =IF(O24>P24,", "&P24,IF(P24>O24,", "&-O24,"")) -> , 7 | AO24: =IF(Q24>R24,", "&R24,IF(R24>Q24,", "&-Q24,"")) | AP24: =IF(S24>T24,", "&T24,IF(T24>S24,", "&-S24,"")) | AQ24: =IF(U24>V24,", "&V24,IF(V24>U24,", "&-U24,"")) | AR24: =IF(W24>X24,", "&X24,IF(X24>W24,", "&-W24,"")) | AS24: =IF(Y24>Z24,", "&Z24,IF(Z24>Y24,", "&-Y24,"")) | AU24: =1+AU22 -> 11 | AV24: =VLOOKUP(AV25,$A$4:$L$83,7,FALSE) -> 4464 | AW24: =IF(AV24=0,0,VLOOKUP(AV24,Inscripciones!$B$1:$I$464,2,FALSE)) -> ISAAC GAMBOA MORERA | AX24: =IF(AV24=0,0,VLOOKUP(AV24,Inscripciones!$B$1:$L$364,3,FALSE)) -> ESPARZA | BL24: =1+BL23 -> 20 | BM24: =C42 -> 28/Sep | BN24: =D42 -> 0 | BO24: =E42 -> 0 | BP24: JBS | BR24: 36 | BS24: =VLOOKUP(BY25,Inscripciones!$B$1:$B$364,2,FALSE) -> #REF! | BU24: =VLOOKUP(BZ25,Inscripciones!$B$1:$B$364,2,FALSE) -> #REF! | BY24: =G42 -> 3671 | BZ24: =H42 -> 4034 | CA24: =Inscripciones!$B$2 -> U19 MASCULINO | CB24: Ronda de 16 - 4
I25: 0 | J25: 0 | K25: 0 | L25: 0 | AD25: =IF(AA24>AB24,AD24&" "&AE24,IF(AB24>AA24,AD24&" "&AE25,"")) -> 2 - 0 (6, 7) | AE25: =CONCATENATE("(",AM25,AN25,AO25,AP25,AQ25,AR25,AS25,")") -> (-6, -7) | AF25: =IF(N24>M24,1,0) -> 0 | AG25: =IF(P24>O24,1,0) -> 0 | AH25: =IF(R24>Q24,1,0) -> 0 | AI25: =IF(T24>S24,1,0) -> 0 | AJ25: =IF(V24>U24,1,0) -> 0 | AK25: =IF(X24>W24,1,0) -> 0 | AL25: =IF(Z24>Y24,1,0) -> 0 | AM25: =IF(N24>M24,M24,IF(M24>N24,-N24,"")) -> -6 | AN25: =IF(P24>O24,", "&O24,IF(O24>P24,", "&-P24,"")) -> , -7 | AO25: =IF(R24>Q24,", "&Q24,IF(Q24>R24,", "&-R24,"")) | AP25: =IF(T24>S24,", "&S24,IF(S24>T24,", "&-T24,"")) | AQ25: =IF(V24>U24,", "&U24,IF(U24>V24,", "&-V24,"")) | AR25: =IF(X24>W24,", "&W24,IF(W24>X24,", "&-X24,"")) | AS25: =IF(Z24>Y24,", "&Y24,IF(Y24>Z24,", "&-Z24,"")) | AV25: 6 | AW25: =VLOOKUP(AV25,$A$4:$L$83,6,FALSE) -> 28/Sep-- Table | AY25: =VLOOKUP(AY23,$A$4:$L$87,8,FALSE) -> 3458 | AZ25: =IF(AY25=0,0,VLOOKUP(AY25,Inscripciones!$B$1:$I$464,2,FALSE)) -> SANTIAGO ALVAREZ LONGHI | BA25: =IF(AY25=0,0,VLOOKUP(AY25,Inscripciones!$B$1:$L$364,3,FALSE)) -> SANTO DOMINGO | BL25: =1+BL24 -> 21 | BM25: =C44 -> 28/Sep | BN25: =D44 -> 0 | BO25: =E44 -> 0 | BP25: JBS | BR25: 37 | BS25: =VLOOKUP(BY26,Inscripciones!$B$1:$B$364,2,FALSE) -> #REF! | BU25: =VLOOKUP(BZ26,Inscripciones!$B$1:$B$364,2,FALSE) -> #REF! | BY25: =G44 -> 3472 | BZ25: =H44 -> 4363 | CA25: =Inscripciones!$B$2 -> U19 MASCULINO | CB25: Ronda de 16 - 5
A26: 12 | B26: 1/16 | C26: 28/Sep | F26: =C26&"-"&D26&"- Table"&E26 -> 28/Sep-- Table | G26: ='SORTEO 32'!D31 -> 4513 | H26: ='SORTEO 32'!D32 -> 4002 | I26: =IF(G26=0,0,VLOOKUP(G26,Inscripciones!$B$1:$I$464,2,FALSE)) -> GABRIEL ANTONIO AMADOR GARITA | J26: =IF(G26=0,0,VLOOKUP(G26,Inscripciones!$B$1:$L$364,3,FALSE)) -> CCDR SANTA CRUZ | K26: =IF(I26=0,0,VLOOKUP(H26,Inscripciones!$B$1:$I$464,2,FALSE)) -> ISMAEL CÁRDENAS ACOSTA | L26: =IF(I26=0,0,VLOOKUP(H26,Inscripciones!$B$1:$L$364,3,FALSE)) -> CCDR SAN JOSÉ | M26: 6 | N26: 11 | O26: 8 | P26: 11 | AA26: =IF(M26+N26<>0,SUM(AF26:AL26),"") -> 0 | AB26: =IF(M26+N26<>0,SUM(AF27:AL27),"") -> 2 | AC26: =IF(AA26>AB26,AD26&" "&AE26,IF(AB26>AA26,AD26&" "&AE27,"")) -> 2 - 0 (6, 8) | AD26: =IF(AA26>AB26,AA26&" - "&AB26,IF(AB26>AA26,AB26&" - "&AA26,"")) -> 2 - 0 | AE26: =CONCATENATE("(",AM26,AN26,AO26,AP26,AQ26,AR26,AS26,")") -> (-6, -8) | AF26: =IF(M26>N26,1,0) -> 0 | AG26: =IF(O26>P26,1,0) -> 0 | AH26: =IF(Q26>R26,1,0) -> 0 | AI26: =IF(S26>T26,1,0) -> 0 | AJ26: =IF(U26>V26,1,0) -> 0 | AK26: =IF(W26>X26,1,0) -> 0 | AL26: =IF(Y26>Z26,1,0) -> 0 | AM26: =IF(M26>N26,N26,IF(N26>M26,-M26,"")) -> -6 | AN26: =IF(O26>P26,", "&P26,IF(P26>O26,", "&-O26,"")) -> , -8 | AO26: =IF(Q26>R26,", "&R26,IF(R26>Q26,", "&-Q26,"")) | AP26: =IF(S26>T26,", "&T26,IF(T26>S26,", "&-S26,"")) | AQ26: =IF(U26>V26,", "&V26,IF(V26>U26,", "&-U26,"")) | AR26: =IF(W26>X26,", "&X26,IF(X26>W26,", "&-W26,"")) | AS26: =IF(Y26>Z26,", "&Z26,IF(Z26>Y26,", "&-Y26,"")) | AU26: =1+AU24 -> 12 | AV26: =VLOOKUP(AV25,$A$4:$L$83,8,FALSE) -> 3458 | AW26: =IF(AV26=0,0,VLOOKUP(AV26,Inscripciones!$B$1:$I$464,2,FALSE)) -> SANTIAGO ALVAREZ LONGHI | AX26: =IF(AV26=0,0,VLOOKUP(AV26,Inscripciones!$B$1:$L$364,3,FALSE)) -> SANTO DOMINGO | AZ26: =VLOOKUP(AV25,$A$4:$AD$87,29,FALSE) -> 2 - 0 (2, 8) | BL26: =1+BL25 -> 22 | BM26: =C46 -> 28/Sep | BN26: =D46 -> 0 | BO26: =E46 -> 0 | BP26: JBS | BR26: 38 | BS26: =VLOOKUP(BY27,Inscripciones!$B$1:$B$364,2,FALSE) -> #REF! | BU26: =VLOOKUP(BZ27,Inscripciones!$B$1:$B$364,2,FALSE) -> #REF! | BY26: =G46 -> 2368 | BZ26: =H46 -> 4002 | CA26: =Inscripciones!$B$2 -> U19 MASCULINO | CB26: Ronda de 16 - 6
I27: 0 | J27: 0 | K27: 0 | L27: 0 | AD27: =IF(AA26>AB26,AD26&" "&AE26,IF(AB26>AA26,AD26&" "&AE27,"")) -> 2 - 0 (6, 8) | AE27: =CONCATENATE("(",AM27,AN27,AO27,AP27,AQ27,AR27,AS27,")") -> (6, 8) | AF27: =IF(N26>M26,1,0) -> 1 | AG27: =IF(P26>O26,1,0) -> 1 | AH27: =IF(R26>Q26,1,0) -> 0 | AI27: =IF(T26>S26,1,0) -> 0 | AJ27: =IF(V26>U26,1,0) -> 0 | AK27: =IF(X26>W26,1,0) -> 0 | AL27: =IF(Z26>Y26,1,0) -> 0 | AM27: =IF(N26>M26,M26,IF(M26>N26,-N26,"")) -> 6 | AN27: =IF(P26>O26,", "&O26,IF(O26>P26,", "&-P26,"")) -> , 8 | AO27: =IF(R26>Q26,", "&Q26,IF(Q26>R26,", "&-R26,"")) | AP27: =IF(T26>S26,", "&S26,IF(S26>T26,", "&-T26,"")) | AQ27: =IF(V26>U26,", "&U26,IF(U26>V26,", "&-V26,"")) | AR27: =IF(X26>W26,", "&W26,IF(W26>X26,", "&-X26,"")) | AS27: =IF(Z26>Y26,", "&Y26,IF(Y26>Z26,", "&-Z26,"")) | BB27: 26 | BC27: =VLOOKUP(BB27,$A$4:$L$83,6,FALSE) -> 28/Sep-- Table | BE27: =VLOOKUP(BE19,$A$4:$L$87,8,FALSE) -> 3671 | BF27: =IF(BE27=0,0,VLOOKUP(BE27,Inscripciones!$B$1:$I$464,2,FALSE)) -> NICOLAS OVARES CASTRO | BG27: =IF(BE27=0,0,VLOOKUP(BE27,Inscripciones!$B$1:$L$364,3,FALSE)) -> SANTA ANA | BL27: =1+BL26 -> 23 | BM27: =C48 -> 28/Sep | BN27: =D48 -> 0 | BO27: =E48 -> 0 | BP27: JBS | BR27: 39 | BS27: =VLOOKUP(BY28,Inscripciones!$B$1:$B$364,2,FALSE) -> #REF! | BU27: =VLOOKUP(BZ28,Inscripciones!$B$1:$B$364,2,FALSE) -> #REF! | BY27: =G48 -> 2623 | BZ27: =H48 -> 3836 | CA27: =Inscripciones!$B$2 -> U19 MASCULINO | CB27: Ronda de 16 - 7
A28: 13 | B28: 1/16 | C28: 28/Sep | F28: =C28&"-"&D28&"- Table"&E28 -> 28/Sep-- Table | G28: ='SORTEO 32'!D33 -> 2623 | H28: ='SORTEO 32'!D34 -> 4287 | I28: =IF(G28=0,0,VLOOKUP(G28,Inscripciones!$B$1:$I$464,2,FALSE)) -> MATEO MONGE ARROYO | J28: =IF(G28=0,0,VLOOKUP(G28,Inscripciones!$B$1:$L$364,3,FALSE)) -> SANTA ANA | K28: =IF(I28=0,0,VLOOKUP(H28,Inscripciones!$B$1:$I$464,2,FALSE)) -> MATÍAS RAMÍREZ MARÍN | L28: =IF(I28=0,0,VLOOKUP(H28,Inscripciones!$B$1:$L$364,3,FALSE)) -> ESCAZÚ | M28: 11 | N28: 2 | O28: 11 | P28: 6 | AA28: =IF(M28+N28<>0,SUM(AF28:AL28),"") -> 2 | AB28: =IF(M28+N28<>0,SUM(AF29:AL29),"") -> 0 | AC28: =IF(AA28>AB28,AD28&" "&AE28,IF(AB28>AA28,AD28&" "&AE29,"")) -> 2 - 0 (2, 6) | AD28: =IF(AA28>AB28,AA28&" - "&AB28,IF(AB28>AA28,AB28&" - "&AA28,"")) -> 2 - 0 | AE28: =CONCATENATE("(",AM28,AN28,AO28,AP28,AQ28,AR28,AS28,")") -> (2, 6) | AF28: =IF(M28>N28,1,0) -> 1 | AG28: =IF(O28>P28,1,0) -> 1 | AH28: =IF(Q28>R28,1,0) -> 0 | AI28: =IF(S28>T28,1,0) -> 0 | AJ28: =IF(U28>V28,1,0) -> 0 | AK28: =IF(W28>X28,1,0) -> 0 | AL28: =IF(Y28>Z28,1,0) -> 0 | AM28: =IF(M28>N28,N28,IF(N28>M28,-M28,"")) -> 2 | AN28: =IF(O28>P28,", "&P28,IF(P28>O28,", "&-O28,"")) -> , 6 | AO28: =IF(Q28>R28,", "&R28,IF(R28>Q28,", "&-Q28,"")) | AP28: =IF(S28>T28,", "&T28,IF(T28>S28,", "&-S28,"")) | AQ28: =IF(U28>V28,", "&V28,IF(V28>U28,", "&-U28,"")) | AR28: =IF(W28>X28,", "&X28,IF(X28>W28,", "&-W28,"")) | AS28: =IF(Y28>Z28,", "&Z28,IF(Z28>Y28,", "&-Y28,"")) | AU28: =1+AU26 -> 13 | AV28: =VLOOKUP(AV29,$A$4:$L$83,7,FALSE) -> 3671 | AW28: =IF(AV28=0,0,VLOOKUP(AV28,Inscripciones!$B$1:$I$464,2,FALSE)) -> NICOLAS OVARES CASTRO | AX28: =IF(AV28=0,0,VLOOKUP(AV28,Inscripciones!$B$1:$L$364,3,FALSE)) -> SANTA ANA | AZ28: =VLOOKUP(AV29,$A$4:$AD$83,29,FALSE) -> 2 - 0 (6, 8) | BF28: =VLOOKUP(BB27,$A$4:$AD$87,29,FALSE) -> 2 - 0 (9, 6) | BL28: =1+BL27 -> 24 | BM28: =C50 -> 28/Sep | BN28: =D50 -> 0 | BO28: =E50 -> 0 | BP28: JBS | BR28: 40 | BS28: =VLOOKUP(#REF!,Inscripciones!$B$1:$B$364,2,FALSE) -> #REF! | BU28: =VLOOKUP(#REF!,Inscripciones!$B$1:$B$364,2,FALSE) -> #REF! | BY28: =G50 -> 3499 | BZ28: =H50 -> 3449 | CA28: =Inscripciones!$B$2 -> U19 MASCULINO | CB28: Ronda de 16 - 8
I29: 0 | J29: 0 | K29: 0 | L29: 0 | AD29: =IF(AA28>AB28,AD28&" "&AE28,IF(AB28>AA28,AD28&" "&AE29,"")) -> 2 - 0 (2, 6) | AE29: =CONCATENATE("(",AM29,AN29,AO29,AP29,AQ29,AR29,AS29,")") -> (-2, -6) | AF29: =IF(N28>M28,1,0) -> 0 | AG29: =IF(P28>O28,1,0) -> 0 | AH29: =IF(R28>Q28,1,0) -> 0 | AI29: =IF(T28>S28,1,0) -> 0 | AJ29: =IF(V28>U28,1,0) -> 0 | AK29: =IF(X28>W28,1,0) -> 0 | AL29: =IF(Z28>Y28,1,0) -> 0 | AM29: =IF(N28>M28,M28,IF(M28>N28,-N28,"")) -> -2 | AN29: =IF(P28>O28,", "&O28,IF(O28>P28,", "&-P28,"")) -> , -6 | AO29: =IF(R28>Q28,", "&Q28,IF(Q28>R28,", "&-R28,"")) | AP29: =IF(T28>S28,", "&S28,IF(S28>T28,", "&-T28,"")) | AQ29: =IF(V28>U28,", "&U28,IF(U28>V28,", "&-V28,"")) | AR29: =IF(X28>W28,", "&W28,IF(W28>X28,", "&-X28,"")) | AS29: =IF(Z28>Y28,", "&Y28,IF(Y28>Z28,", "&-Z28,"")) | AV29: 7 | AW29: =VLOOKUP(AV29,$A$4:$L$83,6,FALSE) -> 28/Sep-- Table | AY29: =VLOOKUP(AY31,$A$4:$L$87,7,FALSE) -> 3671 | AZ29: =IF(AY29=0,0,VLOOKUP(AY29,Inscripciones!$B$1:$I$464,2,FALSE)) -> NICOLAS OVARES CASTRO | BA29: =IF(AY29=0,0,VLOOKUP(AY29,Inscripciones!$B$1:$L$364,3,FALSE)) -> SANTA ANA | BL29: =1+BL28 -> 25 | BM29: =C52 -> 28/Sep | BN29: =D52 -> 0 | BO29: =E52 -> 0 | BP29: JBS | BR29: 49 | BS29: =VLOOKUP(BY30,Inscripciones!$B$1:$B$364,2,FALSE) -> #REF! | BU29: =VLOOKUP(BZ30,Inscripciones!$B$1:$B$364,2,FALSE) -> #REF! | BY29: =G52 -> 2515 | BZ29: =H52 -> 2895 | CA29: =Inscripciones!$B$2 -> U19 MASCULINO | CB29: Cuartos
A30: 14 | B30: 1/16 | C30: 28/Sep | F30: =C30&"-"&D30&"- Table"&E30 -> 28/Sep-- Table | G30: ='SORTEO 32'!D35 -> 3450 | H30: ='SORTEO 32'!D36 -> 3836 | I30: =IF(G30=0,0,VLOOKUP(G30,Inscripciones!$B$1:$I$464,2,FALSE)) -> OSWALDO IGNACIO SILVA NOVOA | J30: =IF(G30=0,0,VLOOKUP(G30,Inscripciones!$B$1:$L$364,3,FALSE)) -> SANTA ANA | K30: =IF(I30=0,0,VLOOKUP(H30,Inscripciones!$B$1:$I$464,2,FALSE)) -> LUCIANO QUIROS AVILA | L30: =IF(I30=0,0,VLOOKUP(H30,Inscripciones!$B$1:$L$364,3,FALSE)) -> ESCAZÚ | M30: 11 | N30: 8 | O30: 6 | P30: 11 | Q30: 8 | R30: 11 | AA30: =IF(M30+N30<>0,SUM(AF30:AL30),"") -> 1 | AB30: =IF(M30+N30<>0,SUM(AF31:AL31),"") -> 2 | AC30: =IF(AA30>AB30,AD30&" "&AE30,IF(AB30>AA30,AD30&" "&AE31,"")) -> 2 - 1 (-8, 6, 8) | AD30: =IF(AA30>AB30,AA30&" - "&AB30,IF(AB30>AA30,AB30&" - "&AA30,"")) -> 2 - 1 | AE30: =CONCATENATE("(",AM30,AN30,AO30,AP30,AQ30,AR30,AS30,")") -> (8, -6, -8) | AF30: =IF(M30>N30,1,0) -> 1 | AG30: =IF(O30>P30,1,0) -> 0 | AH30: =IF(Q30>R30,1,0) -> 0 | AI30: =IF(S30>T30,1,0) -> 0 | AJ30: =IF(U30>V30,1,0) -> 0 | AK30: =IF(W30>X30,1,0) -> 0 | AL30: =IF(Y30>Z30,1,0) -> 0 | AM30: =IF(M30>N30,N30,IF(N30>M30,-M30,"")) -> 8 | AN30: =IF(O30>P30,", "&P30,IF(P30>O30,", "&-O30,"")) -> , -6 | AO30: =IF(Q30>R30,", "&R30,IF(R30>Q30,", "&-Q30,"")) -> , -8 | AP30: =IF(S30>T30,", "&T30,IF(T30>S30,", "&-S30,"")) | AQ30: =IF(U30>V30,", "&V30,IF(V30>U30,", "&-U30,"")) | AR30: =IF(W30>X30,", "&X30,IF(X30>W30,", "&-W30,"")) | AS30: =IF(Y30>Z30,", "&Z30,IF(Z30>Y30,", "&-Y30,"")) | AU30: =1+AU28 -> 14 | AV30: =VLOOKUP(AV29,$A$4:$L$83,8,FALSE) -> 4115 | AW30: =IF(AV30=0,0,VLOOKUP(AV30,Inscripciones!$B$1:$I$464,2,FALSE)) -> JOSEPH ANGEL LOPEZ ARAUZ | AX30: =IF(AV30=0,0,VLOOKUP(AV30,Inscripciones!$B$1:$L$364,3,FALSE)) -> ATM SANTA CRUZ | BL30: =1+BL29 -> 26 | BM30: =C54 -> 28/Sep | BN30: =D54 -> 0 | BO30: =E54 -> 0 | BP30: JBS | BR30: 50 | BS30: =VLOOKUP(BY31,Inscripciones!$B$1:$B$364,2,FALSE) -> #REF! | BU30: =VLOOKUP(BZ31,Inscripciones!$B$1:$B$364,2,FALSE) -> #REF! | BY30: =G54 -> 3458 | BZ30: =H54 -> 3671 | CA30: =Inscripciones!$B$2 -> U19 MASCULINO | CB30: Cuartos
I31: 0 | J31: 0 | K31: 0 | L31: 0 | AD31: =IF(AA30>AB30,AD30&" "&AE30,IF(AB30>AA30,AD30&" "&AE31,"")) -> 2 - 1 (-8, 6, 8) | AE31: =CONCATENATE("(",AM31,AN31,AO31,AP31,AQ31,AR31,AS31,")") -> (-8, 6, 8) | AF31: =IF(N30>M30,1,0) -> 0 | AG31: =IF(P30>O30,1,0) -> 1 | AH31: =IF(R30>Q30,1,0) -> 1 | AI31: =IF(T30>S30,1,0) -> 0 | AJ31: =IF(V30>U30,1,0) -> 0 | AK31: =IF(X30>W30,1,0) -> 0 | AL31: =IF(Z30>Y30,1,0) -> 0 | AM31: =IF(N30>M30,M30,IF(M30>N30,-N30,"")) -> -8 | AN31: =IF(P30>O30,", "&O30,IF(O30>P30,", "&-P30,"")) -> , 6 | AO31: =IF(R30>Q30,", "&Q30,IF(Q30>R30,", "&-R30,"")) -> , 8 | AP31: =IF(T30>S30,", "&S30,IF(S30>T30,", "&-T30,"")) | AQ31: =IF(V30>U30,", "&U30,IF(U30>V30,", "&-V30,"")) | AR31: =IF(X30>W30,", "&W30,IF(W30>X30,", "&-X30,"")) | AS31: =IF(Z30>Y30,", "&Y30,IF(Y30>Z30,", "&-Z30,"")) | AY31: 20 | AZ31: =VLOOKUP(AY31,$A$4:$L$83,6,FALSE) -> 28/Sep-- Table | BB31: =VLOOKUP(BB27,$A$4:$L$87,8,FALSE) -> 3671 | BC31: =IF(BB31=0,0,VLOOKUP(BB31,Inscripciones!$B$1:$I$464,2,FALSE)) -> NICOLAS OVARES CASTRO | BD31: =IF(BB31=0,0,VLOOKUP(BB31,Inscripciones!$B$1:$L$364,3,FALSE)) -> SANTA ANA | BL31: =1+BL30 -> 27 | BM31: =C56 -> 28/Sep | BN31: =D56 -> 0 | BO31: =E56 -> 0 | BP31: JBS | BR31: 51 | BS31: =VLOOKUP(BY32,Inscripciones!$B$1:$B$364,2,FALSE) -> #REF! | BU31: =VLOOKUP(BZ32,Inscripciones!$B$1:$B$364,2,FALSE) -> #REF! | BY31: =G56 -> 3472 | BZ31: =H56 -> 4002 | CA31: =Inscripciones!$B$2 -> U19 MASCULINO | CB31: Cuartos
A32: 15 | B32: 1/16 | C32: 28/Sep | F32: =C32&"-"&D32&"- Table"&E32 -> 28/Sep-- Table | G32: ='SORTEO 32'!D37 -> 3499 | H32: ='SORTEO 32'!D38 -> 4284 | I32: =IF(G32=0,0,VLOOKUP(G32,Inscripciones!$B$1:$I$464,2,FALSE)) -> ESTEBAN MURILLO CHAVES | J32: =IF(G32=0,0,VLOOKUP(G32,Inscripciones!$B$1:$L$364,3,FALSE)) -> UCR-PÉREZ ZELEDÓN | K32: =IF(I32=0,0,VLOOKUP(H32,Inscripciones!$B$1:$I$464,2,FALSE)) -> IAN SOLÍS CARRANZA | L32: =IF(I32=0,0,VLOOKUP(H32,Inscripciones!$B$1:$L$364,3,FALSE)) -> SANTO DOMINGO | M32: 11 | N32: 5 | O32: 11 | P32: 6 | AA32: =IF(M32+N32<>0,SUM(AF32:AL32),"") -> 2 | AB32: =IF(M32+N32<>0,SUM(AF33:AL33),"") -> 0 | AC32: =IF(AA32>AB32,AD32&" "&AE32,IF(AB32>AA32,AD32&" "&AE33,"")) -> 2 - 0 (5, 6) | AD32: =IF(AA32>AB32,AA32&" - "&AB32,IF(AB32>AA32,AB32&" - "&AA32,"")) -> 2 - 0 | AE32: =CONCATENATE("(",AM32,AN32,AO32,AP32,AQ32,AR32,AS32,")") -> (5, 6) | AF32: =IF(M32>N32,1,0) -> 1 | AG32: =IF(O32>P32,1,0) -> 1 | AH32: =IF(Q32>R32,1,0) -> 0 | AI32: =IF(S32>T32,1,0) -> 0 | AJ32: =IF(U32>V32,1,0) -> 0 | AK32: =IF(W32>X32,1,0) -> 0 | AL32: =IF(Y32>Z32,1,0) -> 0 | AM32: =IF(M32>N32,N32,IF(N32>M32,-M32,"")) -> 5 | AN32: =IF(O32>P32,", "&P32,IF(P32>O32,", "&-O32,"")) -> , 6 | AO32: =IF(Q32>R32,", "&R32,IF(R32>Q32,", "&-Q32,"")) | AP32: =IF(S32>T32,", "&T32,IF(T32>S32,", "&-S32,"")) | AQ32: =IF(U32>V32,", "&V32,IF(V32>U32,", "&-U32,"")) | AR32: =IF(W32>X32,", "&X32,IF(X32>W32,", "&-W32,"")) | AS32: =IF(Y32>Z32,", "&Z32,IF(Z32>Y32,", "&-Y32,"")) | AU32: =1+AU30 -> 15 | AV32: =VLOOKUP(AV33,$A$4:$L$83,7,FALSE) -> 3719 | AW32: =IF(AV32=0,0,VLOOKUP(AV32,Inscripciones!$B$1:$I$464,2,FALSE)) -> MARCELO MASIS RODRÍGUEZ | AX32: =IF(AV32=0,0,VLOOKUP(AV32,Inscripciones!$B$1:$L$364,3,FALSE)) -> SANTA ANA | BC32: =VLOOKUP(AY31,$A$4:$AD$87,29,FALSE) -> 2 - 1 (-5, 6, 11) | BL32: =1+BL31 -> 28 | BM32: =C58 -> 28/Sep | BN32: =D58 -> 0 | BO32: =E58 -> 0 | BP32: JBS | BR32: 52 | BS32: =VLOOKUP(#REF!,Inscripciones!$B$1:$B$364,2,FALSE) -> #REF! | BU32: =VLOOKUP(#REF!,Inscripciones!$B$1:$B$364,2,FALSE) -> #REF! | BY32: =G58 -> 2623 | BZ32: =H58 -> 3499 | CA32: =Inscripciones!$B$2 -> U19 MASCULINO | CB32: Cuartos
I33: 0 | J33: 0 | K33: 0 | L33: 0 | AD33: =IF(AA32>AB32,AD32&" "&AE32,IF(AB32>AA32,AD32&" "&AE33,"")) -> 2 - 0 (5, 6) | AE33: =CONCATENATE("(",AM33,AN33,AO33,AP33,AQ33,AR33,AS33,")") -> (-5, -6) | AF33: =IF(N32>M32,1,0) -> 0 | AG33: =IF(P32>O32,1,0) -> 0 | AH33: =IF(R32>Q32,1,0) -> 0 | AI33: =IF(T32>S32,1,0) -> 0 | AJ33: =IF(V32>U32,1,0) -> 0 | AK33: =IF(X32>W32,1,0) -> 0 | AL33: =IF(Z32>Y32,1,0) -> 0 | AM33: =IF(N32>M32,M32,IF(M32>N32,-N32,"")) -> -5 | AN33: =IF(P32>O32,", "&O32,IF(O32>P32,", "&-P32,"")) -> , -6 | AO33: =IF(R32>Q32,", "&Q32,IF(Q32>R32,", "&-R32,"")) | AP33: =IF(T32>S32,", "&S32,IF(S32>T32,", "&-T32,"")) | AQ33: =IF(V32>U32,", "&U32,IF(U32>V32,", "&-V32,"")) | AR33: =IF(X32>W32,", "&W32,IF(W32>X32,", "&-X32,"")) | AS33: =IF(Z32>Y32,", "&Y32,IF(Y32>Z32,", "&-Z32,"")) | AV33: 8 | AW33: =VLOOKUP(AV33,$A$4:$L$83,6,FALSE) -> 28/Sep-- Table | AY33: =VLOOKUP(AY31,$A$4:$L$87,8,FALSE) -> 4034 | AZ33: =IF(AY33=0,0,VLOOKUP(AY33,Inscripciones!$B$1:$I$464,2,FALSE)) -> IAN DAVID GARRO ALONSO | BA33: =IF(AY33=0,0,VLOOKUP(AY33,Inscripciones!$B$1:$L$364,3,FALSE)) -> CCDR SAN JOSÉ | BL33: =1+BL32 -> 29 | BM33: =C60 -> 28/Sep | BN33: =D60 -> 0 | BO33: =E60 -> 0 | BP33: JBS | BR33: 57 | BS33: =VLOOKUP(BY34,Inscripciones!$B$1:$B$364,2,FALSE) -> #REF! | BU33: =VLOOKUP(BZ34,Inscripciones!$B$1:$B$364,2,FALSE) -> #REF! | BY33: =G60 -> 2895 | BZ33: =H60 -> 3671 | CA33: =Inscripciones!$B$2 -> U19 MASCULINO | CB33: Semifinal
A34: 16 | B34: 1/16 | C34: 28/Sep | F34: =C34&"-"&D34&"- Table"&E34 -> 28/Sep-- Table | G34: ='SORTEO 32'!D39 -> 3449 | H34: ='SORTEO 32'!D40 -> 4144 | I34: =IF(G34=0,0,VLOOKUP(G34,Inscripciones!$B$1:$I$464,2,FALSE)) -> REINEL ANTONIO VANEGAS LACAYO | J34: =IF(G34=0,0,VLOOKUP(G34,Inscripciones!$B$1:$L$364,3,FALSE)) -> ALAJUELA | K34: =IF(I34=0,0,VLOOKUP(H34,Inscripciones!$B$1:$I$464,2,FALSE)) -> ANDRÉS PARRA CHACÓN | L34: =IF(I34=0,0,VLOOKUP(H34,Inscripciones!$B$1:$L$364,3,FALSE)) -> SANTO DOMINGO | M34: 11 | N34: 6 | O34: 7 | P34: 11 | Q34: 11 | R34: 4 | AA34: =IF(M34+N34<>0,SUM(AF34:AL34),"") -> 2 | AB34: =IF(M34+N34<>0,SUM(AF35:AL35),"") -> 1 | AC34: =IF(AA34>AB34,AD34&" "&AE34,IF(AB34>AA34,AD34&" "&AE35,"")) -> 2 - 1 (6, -7, 4) | AD34: =IF(AA34>AB34,AA34&" - "&AB34,IF(AB34>AA34,AB34&" - "&AA34,"")) -> 2 - 1 | AE34: =CONCATENATE("(",AM34,AN34,AO34,AP34,AQ34,AR34,AS34,")") -> (6, -7, 4) | AF34: =IF(M34>N34,1,0) -> 1 | AG34: =IF(O34>P34,1,0) -> 0 | AH34: =IF(Q34>R34,1,0) -> 1 | AI34: =IF(S34>T34,1,0) -> 0 | AJ34: =IF(U34>V34,1,0) -> 0 | AK34: =IF(W34>X34,1,0) -> 0 | AL34: =IF(Y34>Z34,1,0) -> 0 | AM34: =IF(M34>N34,N34,IF(N34>M34,-M34,"")) -> 6 | AN34: =IF(O34>P34,", "&P34,IF(P34>O34,", "&-O34,"")) -> , -7 | AO34: =IF(Q34>R34,", "&R34,IF(R34>Q34,", "&-Q34,"")) -> , 4 | AP34: =IF(S34>T34,", "&T34,IF(T34>S34,", "&-S34,"")) | AQ34: =IF(U34>V34,", "&V34,IF(V34>U34,", "&-U34,"")) | AR34: =IF(W34>X34,", "&X34,IF(X34>W34,", "&-W34,"")) | AS34: =IF(Y34>Z34,", "&Z34,IF(Z34>Y34,", "&-Y34,"")) | AU34: =1+AU32 -> 16 | AV34: =VLOOKUP(AV33,$A$4:$L$83,8,FALSE) -> 4034 | AW34: =IF(AV34=0,0,VLOOKUP(AV34,Inscripciones!$B$1:$I$464,2,FALSE)) -> IAN DAVID GARRO ALONSO | AX34: =IF(AV34=0,0,VLOOKUP(AV34,Inscripciones!$B$1:$L$364,3,FALSE)) -> CCDR SAN JOSÉ | AZ34: =VLOOKUP(AV33,$A$4:$AD$87,29,FALSE) -> 2 - 0 (1, 7) | BH34: 32 | BI34: =VLOOKUP(BH34,$A$4:$L$83,6,FALSE) -> 28/Sep-- Table | BL34: =1+BL33 -> 30 | BM34: =C62 -> 28/Sep | BN34: =D62 -> 0 | BO34: =E62 -> 0 | BP34: JBS | BR34: 58 | BS34: =VLOOKUP(#REF!,Inscripciones!$B$1:$B$364,2,FALSE) -> #REF! | BU34: =VLOOKUP(#REF!,Inscripciones!$B$1:$B$364,2,FALSE) -> #REF! | BY34: =G62 -> 3472 | BZ34: =H62 -> 2623 | CA34: =Inscripciones!$B$2 -> U19 MASCULINO | CB34: Semifinal
I35: 0 | J35: 0 | K35: 0 | L35: 0 | AD35: =IF(AA34>AB34,AD34&" "&AE34,IF(AB34>AA34,AD34&" "&AE35,"")) -> 2 - 1 (6, -7, 4) | AE35: =CONCATENATE("(",AM35,AN35,AO35,AP35,AQ35,AR35,AS35,")") -> (-6, 7, -4) | AF35: =IF(N34>M34,1,0) -> 0 | AG35: =IF(P34>O34,1,0) -> 1 | AH35: =IF(R34>Q34,1,0) -> 0 | AI35: =IF(T34>S34,1,0) -> 0 | AJ35: =IF(V34>U34,1,0) -> 0 | AK35: =IF(X34>W34,1,0) -> 0 | AL35: =IF(Z34>Y34,1,0) -> 0 | AM35: =IF(N34>M34,M34,IF(M34>N34,-N34,"")) -> -6 | AN35: =IF(P34>O34,", "&O34,IF(O34>P34,", "&-P34,"")) -> , 7 | AO35: =IF(R34>Q34,", "&Q34,IF(Q34>R34,", "&-R34,"")) -> , -4 | AP35: =IF(T34>S34,", "&S34,IF(S34>T34,", "&-T34,"")) | AQ35: =IF(V34>U34,", "&U34,IF(U34>V34,", "&-V34,"")) | AR35: =IF(X34>W34,", "&W34,IF(W34>X34,", "&-X34,"")) | AS35: =IF(Z34>Y34,", "&Y34,IF(Y34>Z34,", "&-Z34,"")) | BG35: CAMPEÓN: | BH35: =G70 -> 2623 | BI35: =IF(BH35=0,0,VLOOKUP(BH35,Inscripciones!$B$1:$I$464,2,FALSE)) -> MATEO MONGE ARROYO | BJ35: =IF(BH35=0,0,VLOOKUP(BH35,Inscripciones!$B$1:$L$364,3,FALSE)) -> SANTA ANA | BL35: =1+BL34 -> 31 | BM35: =C64 -> 28/Sep | BN35: =D64 -> 0 | BO35: =E64 -> 0 | BP35: JBS | BR35: 63 | BS35: =VLOOKUP(BY36,Inscripciones!$B$1:$B$364,2,FALSE) -> #REF! | BU35: =VLOOKUP(BZ36,Inscripciones!$B$1:$B$364,2,FALSE) -> #REF! | BY35: =G64 -> 3671 | BZ35: =H64 -> 3472 | CA35: =Inscripciones!$B$2 -> U19 MASCULINO | CB35: 3 y 4 puesto
A36: 17 | B36: 1/8 | C36: 28/Sep | F36: =C36&"-"&D36&"- Table"&E36 -> 28/Sep-- Table | G36: =IF(M4="",0,IF(AA4>AB4,G4,H4)) -> 2515 | H36: =IF(M6="",0,IF(AA6>AB6,G6,H6)) -> 3747 | I36: =IF(G36=0,0,VLOOKUP(G36,Inscripciones!$B$1:$I$464,2,FALSE)) -> GABRIEL CHAVEZ QUIROS | J36: =IF(G36=0,0,VLOOKUP(G36,Inscripciones!$B$1:$L$364,3,FALSE)) -> SANTA ANA | K36: =IF(I36=0,0,VLOOKUP(H36,Inscripciones!$B$1:$I$464,2,FALSE)) -> LUIS ALONSO VILLALOBOS CAMPOS | L36: =IF(I36=0,0,VLOOKUP(H36,Inscripciones!$B$1:$L$364,3,FALSE)) -> ESPARZA | M36: 11 | N36: 8 | O36: 11 | P36: 8 | AA36: =IF(M36+N36<>0,SUM(AF36:AL36),"") -> 2 | AB36: =IF(M36+N36<>0,SUM(AF37:AL37),"") -> 0 | AC36: =IF(AA36>AB36,AD36&" "&AE36,IF(AB36>AA36,AD36&" "&AE37,"")) -> 2 - 0 (8, 8) | AD36: =IF(AA36>AB36,AA36&" - "&AB36,IF(AB36>AA36,AB36&" - "&AA36,"")) -> 2 - 0 | AE36: =CONCATENATE("(",AM36,AN36,AO36,AP36,AQ36,AR36,AS36,")") -> (8, 8) | AF36: =IF(M36>N36,1,0) -> 1 | AG36: =IF(O36>P36,1,0) -> 1 | AH36: =IF(Q36>R36,1,0) -> 0 | AI36: =IF(S36>T36,1,0) -> 0 | AJ36: =IF(U36>V36,1,0) -> 0 | AK36: =IF(W36>X36,1,0) -> 0 | AL36: =IF(Y36>Z36,1,0) -> 0 | AM36: =IF(M36>N36,N36,IF(N36>M36,-M36,"")) -> 8 | AN36: =IF(O36>P36,", "&P36,IF(P36>O36,", "&-O36,"")) -> , 8 | AO36: =IF(Q36>R36,", "&R36,IF(R36>Q36,", "&-Q36,"")) | AP36: =IF(S36>T36,", "&T36,IF(T36>S36,", "&-S36,"")) | AQ36: =IF(U36>V36,", "&V36,IF(V36>U36,", "&-U36,"")) | AR36: =IF(W36>X36,", "&X36,IF(X36>W36,", "&-W36,"")) | AS36: =IF(Y36>Z36,", "&Z36,IF(Z36>Y36,", "&-Y36,"")) | AU36: =1+AU34 -> 17 | AV36: =VLOOKUP(AV37,$A$4:$L$83,7,FALSE) -> 3472 | AW36: =IF(AV36=0,0,VLOOKUP(AV36,Inscripciones!$B$1:$I$464,2,FALSE)) -> JAYDRICK SHAMALL BAKER CRAWFORD | AX36: =IF(AV36=0,0,VLOOKUP(AV36,Inscripciones!$B$1:$L$364,3,FALSE)) -> ASERRÍ - UCR | AZ36: =VLOOKUP(AV37,$A$4:$AD$83,29,FALSE) -> 2 - 0 (5, 2) | BI36: =VLOOKUP(BH34,$A$4:$AD$87,29,FALSE) -> 3 - 0 (7, 8, 6) | BL36: =1+BL35 -> 32 | BM36: =C66 -> 28/Sep | BN36: =D66 -> 0 | BO36: =E66 -> 0 | BP36: JBS | BR36: 64 | BS36: =VLOOKUP(#REF!,Inscripciones!$B$1:$B$364,2,FALSE) -> #REF! | BU36: =VLOOKUP(#REF!,Inscripciones!$B$1:$B$364,2,FALSE) -> #REF! | BY36: =G66 -> 2895 | BZ36: =H66 -> 2623 | CA36: =Inscripciones!$B$2 -> U19 MASCULINO | CB36: FINAL
G37: - | H37: - | K37: 0 | L37: 0 | AD37: =IF(AA36>AB36,AD36&" "&AE36,IF(AB36>AA36,AD36&" "&AE37,"")) -> 2 - 0 (8, 8) | AE37: =CONCATENATE("(",AM37,AN37,AO37,AP37,AQ37,AR37,AS37,")") -> (-8, -8) | AF37: =IF(N36>M36,1,0) -> 0 | AG37: =IF(P36>O36,1,0) -> 0 | AH37: =IF(R36>Q36,1,0) -> 0 | AI37: =IF(T36>S36,1,0) -> 0 | AJ37: =IF(V36>U36,1,0) -> 0 | AK37: =IF(X36>W36,1,0) -> 0 | AL37: =IF(Z36>Y36,1,0) -> 0 | AM37: =IF(N36>M36,M36,IF(M36>N36,-N36,"")) -> -8 | AN37: =IF(P36>O36,", "&O36,IF(O36>P36,", "&-P36,"")) -> , -8 | AO37: =IF(R36>Q36,", "&Q36,IF(Q36>R36,", "&-R36,"")) | AP37: =IF(T36>S36,", "&S36,IF(S36>T36,", "&-T36,"")) | AQ37: =IF(V36>U36,", "&U36,IF(U36>V36,", "&-V36,"")) | AR37: =IF(X36>W36,", "&W36,IF(W36>X36,", "&-X36,"")) | AS37: =IF(Z36>Y36,", "&Y36,IF(Y36>Z36,", "&-Z36,"")) | AV37: 9 | AW37: =VLOOKUP(AV37,$A$4:$L$83,6,FALSE) -> 28/Sep-- Table | AY37: =VLOOKUP(AY39,$A$4:$L$87,7,FALSE) -> 3472 | AZ37: =IF(AY37=0,0,VLOOKUP(AY37,Inscripciones!$B$1:$I$464,2,FALSE)) -> JAYDRICK SHAMALL BAKER CRAWFORD | BA37: =IF(AY37=0,0,VLOOKUP(AY37,Inscripciones!$B$1:$L$364,3,FALSE)) -> ASERRÍ - UCR
A38: 18 | B38: 1/8 | C38: 28/Sep | F38: =C38&"-"&D38&"- Table"&E38 -> 28/Sep-- Table | G38: =IF(M8="",0,IF(AA8>AB8,G8,H8)) -> 4056 | H38: =IF(M10="",0,IF(AA10>AB10,G10,H10)) -> 2895 | I38: =IF(G38=0,0,VLOOKUP(G38,Inscripciones!$B$1:$I$464,2,FALSE)) -> JOSEF ARIAS BRAVO | J38: =IF(G38=0,0,VLOOKUP(G38,Inscripciones!$B$1:$L$364,3,FALSE)) -> ESPARZA | K38: =IF(I38=0,0,VLOOKUP(H38,Inscripciones!$B$1:$I$464,2,FALSE)) -> ANDRES JOSE VEGA VALERIO | L38: =IF(I38=0,0,VLOOKUP(H38,Inscripciones!$B$1:$L$364,3,FALSE)) -> ALAJUELA - UCR | M38: 3 | N38: 11 | O38: 5 | P38: 11 | AA38: =IF(M38+N38<>0,SUM(AF38:AL38),"") -> 0 | AB38: =IF(M38+N38<>0,SUM(AF39:AL39),"") -> 2 | AC38: =IF(AA38>AB38,AD38&" "&AE38,IF(AB38>AA38,AD38&" "&AE39,"")) -> 2 - 0 (3, 5) | AD38: =IF(AA38>AB38,AA38&" - "&AB38,IF(AB38>AA38,AB38&" - "&AA38,"")) -> 2 - 0 | AE38: =CONCATENATE("(",AM38,AN38,AO38,AP38,AQ38,AR38,AS38,")") -> (-3, -5) | AF38: =IF(M38>N38,1,0) -> 0 | AG38: =IF(O38>P38,1,0) -> 0 | AH38: =IF(Q38>R38,1,0) -> 0 | AI38: =IF(S38>T38,1,0) -> 0 | AJ38: =IF(U38>V38,1,0) -> 0 | AK38: =IF(W38>X38,1,0) -> 0 | AL38: =IF(Y38>Z38,1,0) -> 0 | AM38: =IF(M38>N38,N38,IF(N38>M38,-M38,"")) -> -3 | AN38: =IF(O38>P38,", "&P38,IF(P38>O38,", "&-O38,"")) -> , -5 | AO38: =IF(Q38>R38,", "&R38,IF(R38>Q38,", "&-Q38,"")) | AP38: =IF(S38>T38,", "&T38,IF(T38>S38,", "&-S38,"")) | AQ38: =IF(U38>V38,", "&V38,IF(V38>U38,", "&-U38,"")) | AR38: =IF(W38>X38,", "&X38,IF(X38>W38,", "&-W38,"")) | AS38: =IF(Y38>Z38,", "&Z38,IF(Z38>Y38,", "&-Y38,"")) | AU38: =1+AU36 -> 18 | AV38: =VLOOKUP(AV37,$A$4:$L$83,8,FALSE) -> 3696 | AW38: =IF(AV38=0,0,VLOOKUP(AV38,Inscripciones!$B$1:$I$464,2,FALSE)) -> NICOLAS CECILIANO ESQUIVEL | AX38: =IF(AV38=0,0,VLOOKUP(AV38,Inscripciones!$B$1:$L$364,3,FALSE)) -> PÉREZ ZELEDÓN | BC38: =VLOOKUP(AY39,$A$4:$AD$83,29,FALSE) -> 2 - 0 (5, 7)
G39: - | H39: - | K39: 0 | L39: 0 | AD39: =IF(AA38>AB38,AD38&" "&AE38,IF(AB38>AA38,AD38&" "&AE39,"")) -> 2 - 0 (3, 5) | AE39: =CONCATENATE("(",AM39,AN39,AO39,AP39,AQ39,AR39,AS39,")") -> (3, 5) | AF39: =IF(N38>M38,1,0) -> 1 | AG39: =IF(P38>O38,1,0) -> 1 | AH39: =IF(R38>Q38,1,0) -> 0 | AI39: =IF(T38>S38,1,0) -> 0 | AJ39: =IF(V38>U38,1,0) -> 0 | AK39: =IF(X38>W38,1,0) -> 0 | AL39: =IF(Z38>Y38,1,0) -> 0 | AM39: =IF(N38>M38,M38,IF(M38>N38,-N38,"")) -> 3 | AN39: =IF(P38>O38,", "&O38,IF(O38>P38,", "&-P38,"")) -> , 5 | AO39: =IF(R38>Q38,", "&Q38,IF(Q38>R38,", "&-R38,"")) | AP39: =IF(T38>S38,", "&S38,IF(S38>T38,", "&-T38,"")) | AQ39: =IF(V38>U38,", "&U38,IF(U38>V38,", "&-V38,"")) | AR39: =IF(X38>W38,", "&W38,IF(W38>X38,", "&-X38,"")) | AS39: =IF(Z38>Y38,", "&Y38,IF(Y38>Z38,", "&-Z38,"")) | AY39: 21 | AZ39: =VLOOKUP(AY39,$A$4:$L$83,6,FALSE) -> 28/Sep-- Table | BB39: =VLOOKUP(BB43,$A$4:$L$87,7,FALSE) -> 3472 | BC39: =IF(BB39=0,0,VLOOKUP(BB39,Inscripciones!$B$1:$I$464,2,FALSE)) -> JAYDRICK SHAMALL BAKER CRAWFORD | BD39: =IF(BB39=0,0,VLOOKUP(BB39,Inscripciones!$B$1:$L$364,3,FALSE)) -> ASERRÍ - UCR
A40: 19 | B40: 1/8 | C40: 28/Sep | F40: =C40&"-"&D40&"- Table"&E40 -> 28/Sep-- Table | G40: =IF(M12="",0,IF(AA12>AB12,G12,H12)) -> 3153 | H40: =IF(M14="",0,IF(AA14>AB14,G14,H14)) -> 3458 | I40: =IF(G40=0,0,VLOOKUP(G40,Inscripciones!$B$1:$I$464,2,FALSE)) -> ARIEL IGNACIO BARTELS BARQUERO | J40: =IF(G40=0,0,VLOOKUP(G40,Inscripciones!$B$1:$L$364,3,FALSE)) -> PÉREZ ZELEDÓN - UNA | K40: =IF(I40=0,0,VLOOKUP(H40,Inscripciones!$B$1:$I$464,2,FALSE)) -> SANTIAGO ALVAREZ LONGHI | L40: =IF(I40=0,0,VLOOKUP(H40,Inscripciones!$B$1:$L$364,3,FALSE)) -> SANTO DOMINGO | M40: 8 | N40: 11 | O40: 11 | P40: 6 | Q40: 10 | R40: 12 | AA40: =IF(M40+N40<>0,SUM(AF40:AL40),"") -> 1 | AB40: =IF(M40+N40<>0,SUM(AF41:AL41),"") -> 2 | AC40: =IF(AA40>AB40,AD40&" "&AE40,IF(AB40>AA40,AD40&" "&AE41,"")) -> 2 - 1 (8, -6, 10) | AD40: =IF(AA40>AB40,AA40&" - "&AB40,IF(AB40>AA40,AB40&" - "&AA40,"")) -> 2 - 1 | AE40: =CONCATENATE("(",AM40,AN40,AO40,AP40,AQ40,AR40,AS40,")") -> (-8, 6, -10) | AF40: =IF(M40>N40,1,0) -> 0 | AG40: =IF(O40>P40,1,0) -> 1 | AH40: =IF(Q40>R40,1,0) -> 0 | AI40: =IF(S40>T40,1,0) -> 0 | AJ40: =IF(U40>V40,1,0) -> 0 | AK40: =IF(W40>X40,1,0) -> 0 | AL40: =IF(Y40>Z40,1,0) -> 0 | AM40: =IF(M40>N40,N40,IF(N40>M40,-M40,"")) -> -8 | AN40: =IF(O40>P40,", "&P40,IF(P40>O40,", "&-O40,"")) -> , 6 | AO40: =IF(Q40>R40,", "&R40,IF(R40>Q40,", "&-Q40,"")) -> , -10 | AP40: =IF(S40>T40,", "&T40,IF(T40>S40,", "&-S40,"")) | AQ40: =IF(U40>V40,", "&V40,IF(V40>U40,", "&-U40,"")) | AR40: =IF(W40>X40,", "&X40,IF(X40>W40,", "&-W40,"")) | AS40: =IF(Y40>Z40,", "&Z40,IF(Z40>Y40,", "&-Y40,"")) | AU40: =1+AU38 -> 19 | AV40: =VLOOKUP(AV41,$A$4:$L$83,7,FALSE) -> 2847 | AW40: =IF(AV40=0,0,VLOOKUP(AV40,Inscripciones!$B$1:$I$464,2,FALSE)) -> LUIS GAEL SILES LOBO | AX40: =IF(AV40=0,0,VLOOKUP(AV40,Inscripciones!$B$1:$L$364,3,FALSE)) -> ESPARZA
